﻿PERMISSION NOTICE

The Microsoft “Terms of Use” (available at the www.microsoft.com website) govern all glossary terms in this document (“Glossary Terms”).  The following supplemental terms and conditions also apply.  If there is any conflict between the Terms of Use and the following terms and conditions, the following terms and conditions will take
Precedence over the Terms of Use.
         
1. No part of the Glossary Terms may be reproduced, adapted, distributed, or transmitted in any form or by any means, electronic, mechanical, or otherwise, including photocopying and entry into an information storage and/or retrieval system, for any purpose without the prior express consent of Microsoft Corporation. 

2. You may use the Glossary Terms in the development of any application software and you may also use the Glossary Terms for personal or non-commercial purposes only without the prior written consent of Microsoft Corporation, and only if all copies contain this Permission Notice and the Microsoft copyright notice in the Terms of Use.         
                                                                                                                                
3. You are not permitted to make any modifications, deletions or additions to the Glossary Terms.
 
4. Except as expressly set forth above, Microsoft’s publication of the Glossary Terms does not grant any rights to use, distribute, or implement any technology or intellectual property rights. All rights not expressly granted herein are expressly reserved by Microsoft.
"Source Term",,"Translation",,"String Category",,"Platform",,"Product",,"Version"
"Launching Skype for Business Client",,"A iniciar o Cliente do Skype para Empresas",,"None",,"All",,"Skypecast Scheduling and Data Services",,""
"We couldn’t connect you to the event. This may be temporary. Please check with your event organizer if this continues to happen.",,"Não foi possível ligá-lo ao evento. Este problema pode ser temporário. Contacte o organizador do evento se o problema persistir.",,"None",,"All",,"Skypecast Scheduling and Data Services",,""
"to manage the event",,"para gerir o evento",,"None",,"All",,"Skypecast Scheduling and Data Services",,""
"Join Meeting",,"Participar na Reunião",,"None",,"All",,"Skypecast Scheduling and Data Services",,""
"The link you are using to join the event isn’t valid. Please check with your event organizer.",,"A ligação que está a utilizar para participar no evento não é válida. Contacte o organizador do seu evento.",,"None",,"All",,"Skypecast Scheduling and Data Services",,""
"Invalid Name or Email address",,"Nome ou Endereço de E-mail Inválido",,"None",,"All",,"Skypecast Scheduling and Data Services",,""
"Join The Meeting",,"Participar na Reunião",,"None",,"All",,"Skypecast Scheduling and Data Services",,""
"Microsoft Corporation. All rights reserved.",,"Microsoft Corporation. Todos os direitos reservados.",,"None",,"All",,"Skypecast Scheduling and Data Services",,""
"We are having trouble helping you join as Event team member.",,"Ocorreu um problema ao ajudá-lo a participar como Membro da equipa do evento.",,"None",,"All",,"Skypecast Scheduling and Data Services",,""
"We are having trouble activating broadcast meeting.",,"Ocorreu um problema ao ativar a transmissão da reunião.",,"None",,"All",,"Skypecast Scheduling and Data Services",,""
"Join the event",,"Participar no evento",,"None",,"All",,"Skypecast Scheduling and Data Services",,""
"Open the event dashboard",,"Abrir o dashboard do evento",,"None",,"All",,"Skypecast Scheduling and Data Services",,""
"if you don't have Skype for Business installed",,"se não tiver o Skype para Empresas instalado",,"None",,"All",,"Skypecast Scheduling and Data Services",,""
"English",,"Português",,"None",,"All",,"Skypecast Scheduling and Data Services",,""
"Sorry, you don't have permission to join the meeting as event team member. Please request access from the meeting organizer or sign in using a different account.",,"Infelizmente, não tem permissão para participar na reunião como membro da equipa do evento. Solicite acesso ao organizador da reunião ou inicie sessão utilizando outra conta.",,"None",,"All",,"Skypecast Scheduling and Data Services",,""
"Have you successfully launched the app? Feel free to close this page.",,"Iniciou a aplicação com êxito? Pode fechar esta página.",,"None",,"All",,"Skypecast Scheduling and Data Services",,""
"You're about to join the meeting ${meetingName} as a guest",,"Está prestes a participar na reunião ${meetingName} como convidado",,"None",,"All",,"Skypecast Scheduling and Data Services",,""
"We couldn’t connect you to the event due to network issues. Please try again later.",,"Não foi possível ligá-lo ao evento devido a problemas de rede. Tente novamente mais tarde.",,"None",,"All",,"Skypecast Scheduling and Data Services",,""
"We couldn’t connect you to the event. This may be temporary. Please try it again.",,"Não foi possível ligá-lo ao evento. Este problema pode ser temporário. Tente novamente.",,"None",,"All",,"Skypecast Scheduling and Data Services",,""
"Privacy and Cookies",,"Privacidade e Cookies",,"None",,"All",,"Skypecast Scheduling and Data Services",,""
"Launching ...",,"A iniciar...",,"None",,"All",,"Skypecast Scheduling and Data Services",,""
"The operating system or browser that you are using to join the meeting is not supported.",,"O sistema operativo ou o browser que está a utilizar para participar na reunião não é suportado.",,"None",,"All",,"Skypecast Scheduling and Data Services",,""
"Let's go!",,"Vamos começar!",,"None",,"All",,"Skypecast Scheduling and Data Services",,""
"We couldn’t connect you to the event. The meeting may have ended. Please check with your event organizer.",,"Não foi possível ligá-lo ao evento. A reunião pode ter terminado. Contacte o organizador do evento.",,"None",,"All",,"Skypecast Scheduling and Data Services",,""
"We are having trouble launching Skype For Business.",,"Ocorreu um problema ao executar o Skype para Empresas.",,"None",,"All",,"Skypecast Scheduling and Data Services",,""
"The meeting you are trying to join has expired. Please check with the meeting organizer.",,"A reunião na qual está a tentar participar expirou. Consulte o organizador da reunião.",,"None",,"All",,"Skypecast Scheduling and Data Services",,""
"Skype for Business",,"Skype para Empresas",,"None",,"All",,"Skypecast Scheduling and Data Services",,""
"The meeting you are trying to join can’t be found. Please check with the meeting organizer.",,"Não é possível encontrar a reunião na qual está a tentar participar. Consulte o organizador da reunião.",,"None",,"All",,"Skypecast Scheduling and Data Services",,""
"to see what your audience is seeing",,"para ver o que a sua audiência está a ver",,"None",,"All",,"Skypecast Scheduling and Data Services",,""
"Video on demand was disabled for this meeting.",,"O vídeo a pedido foi desativado para esta reunião.",,"None",,"All",,"Skypecast Scheduling and Data Services",,""
"Install Skype for Business and enjoy one-click join from your phone!",,"Instale o Skype para Empresas e desfrute de participação com um clique no seu telemóvel!",,"None",,"All",,"Skypecast Scheduling and Data Services",,""
"Your session has expired. Please refresh the initial join web page.",,"A sua sessão expirou. Atualize a página Web de participação original.",,"None",,"All",,"Skypecast Scheduling and Data Services",,""
"Sorry, you don't have permission to join the meeting. Please request access from the meeting organizer or sign in using a different account.",,"Infelizmente, não tem permissão para participar na reunião. Solicite acesso ao organizador da reunião ou inicie sessão utilizando outra conta.",,"None",,"All",,"Skypecast Scheduling and Data Services",,""
"Invitation from:",,"Convite de:",,"None",,"All",,"Skypecast Scheduling and Data Services",,""
"Skype Meeting Broadcast",,"Transmissão da Reunião do Skype",,"None",,"All",,"Skypecast Scheduling and Data Services",,""
"The event you are trying to join can’t be found. Please check with the event organizer.",,"Não é possível encontrar o evento no qual está a tentar participar. Contacte o organizador do evento.",,"None",,"All",,"Skypecast Scheduling and Data Services",,""
"Skype Meeting Broadcast Join",,"Participar na Transmissão da Reunião do Skype",,"None",,"All",,"Skypecast Scheduling and Data Services",,""
"Supported Platforms",,"Plataformas Suportadas",,"None",,"All",,"Skypecast Scheduling and Data Services",,""
"Can't Launch App on this device.",,"Não é possível Iniciar a Aplicação neste dispositivo.",,"None",,"All",,"Skypecast Scheduling and Data Services",,""
"Sign in as event team member",,"Iniciar sessão como membro da equipa",,"None",,"All",,"Skypecast Scheduling and Data Services",,""
"Something went wrong trying to join this event. Please try again later.",,"Ocorreu um erro ao tentar participar neste evento. Tente novamente mais tarde.",,"None",,"All",,"Skypecast Scheduling and Data Services",,""
"The link you are using to join the meeting isn’t valid. Please check with your meeting organizer.",,"A ligação que está a utilizar para participar na reunião não é válida. Consulte o seu organizador da reunião.",,"None",,"All",,"Skypecast Scheduling and Data Services",,""
"Help",,"Ajuda",,"None",,"All",,"Skypecast Scheduling and Data Services",,""
"You're about to join the meeting ${meetingName} as a member of the event team",,"Está prestes a participar na reunião ${meetingName} como membro da equipa do evento",,"None",,"All",,"Skypecast Scheduling and Data Services",,""
"View as an attendee",,"Ver como um participante",,"None",,"All",,"Skypecast Scheduling and Data Services",,""
"We are having trouble activating your meeting.",,"Estamos a ter problemas ao ativar a sua reunião.",,"None",,"All",,"Skypecast Scheduling and Data Services",,""
"Remember me",,"Lembrar-me",,"None",,"All",,"Skypecast Scheduling and Data Services",,""
"Service busy - exceeded capacity from your IP address, please try again later.",,"Serviço ocupado: capacidade do seu endereço de IP excedida. Tente novamente mais tarde.",,"None",,"All",,"Skypecast Scheduling and Data Services",,""
"Or if you're a member of the event team",,"Ou se for membro da equipa do evento",,"None",,"All",,"Skypecast Scheduling and Data Services",,""
"Join using Skype for Business Web App",,"Participar através da Aplicação Web do Skype para Empresas",,"None",,"All",,"Skypecast Scheduling and Data Services",,""
"The event you are trying to join can’t be found. Please check with the event organizer.",,"Não é possível encontrar o evento ao qual está a tentar aderir. Contacte o organizador do evento.",,"None",,"All",,"Skypecast Scheduling and Data Services",,""
"We are having trouble activating your meeting.",,"Estamos a ter problemas em ativar a sua reunião.",,"None",,"All",,"Skypecast Scheduling and Data Services",,""
"The link you are using to join the event isn’t valid. Please check with your event organizer.",,"A ligação que está a utilizar para aderir ao evento não é válida. Contacte o organizador do evento.",,"None",,"All",,"Skypecast Scheduling and Data Services",,""
"click here",,"clique aqui",,"None",,"All",,"Skypecast Scheduling and Data Services",,""
"You can join from any PC or mobile device browser.",,"Pode participar a partir do browser de qualquer PC ou dispositivo móvel.",,"None",,"All",,"Skypecast Scheduling and Data Services",,""
"For help joining this meeting,",,"Para obter ajuda para participar nesta reunião,",,"None",,"All",,"Skypecast Scheduling and Data Services",,""
"Join the meeting",,"Participar na reunião",,"None",,"All",,"Skypecast Scheduling and Data Services",,""
"To learn more about Skype Meeting Broadcast for your next event,",,"Para obter mais informações sobre a Transmissão da Reunião do Skype para o seu evento seguinte,",,"None",,"All",,"Skypecast Scheduling and Data Services",,""
"Note:",,"Nota:",,"None",,"All",,"Skypecast Scheduling and Data Services",,""
"This is a private meeting, please do not forward this invitation. This link should not be shared with others.",,"Esta é uma reunião privada; não reencaminhe este convite. Não deve partilhar esta ligação com outras pessoas.",,"None",,"All",,"Skypecast Scheduling and Data Services",,""
"You are invited to join:",,"Foi convidado a participar:",,"None",,"All",,"Skypecast Scheduling and Data Services",,""
"Event Type",,"Tipo de Evento",,"None",,"All",,"Skypecast Scheduling and Data Services",,""
"Full Name",,"Nome Completo",,"None",,"All",,"Skypecast Scheduling and Data Services",,""
"Language",,"Idioma",,"None",,"All",,"Skypecast Scheduling and Data Services",,""
"Participant Id",,"ID de Participante",,"None",,"All",,"Skypecast Scheduling and Data Services",,""
"Session Id",,"ID de Sessão",,"None",,"All",,"Skypecast Scheduling and Data Services",,""
"Url Parameters",,"Parâmetros de URL",,"None",,"All",,"Skypecast Scheduling and Data Services",,""
"UserAgent Full",,"User Agent Completo",,"None",,"All",,"Skypecast Scheduling and Data Services",,""
"UserAgent Short",,"UserAgent Curto",,"None",,"All",,"Skypecast Scheduling and Data Services",,""
"Utc Event Timestamp",,"Carimbo de Data/Hora do Evento UTC",,"None",,"All",,"Skypecast Scheduling and Data Services",,""
