﻿PERMISSION NOTICE

The Microsoft “Terms of Use” (available at the www.microsoft.com website) govern all glossary terms in this document (“Glossary Terms”).  The following supplemental terms and conditions also apply.  If there is any conflict between the Terms of Use and the following terms and conditions, the following terms and conditions will take
Precedence over the Terms of Use.
         
1. No part of the Glossary Terms may be reproduced, adapted, distributed, or transmitted in any form or by any means, electronic, mechanical, or otherwise, including photocopying and entry into an information storage and/or retrieval system, for any purpose without the prior express consent of Microsoft Corporation. 

2. You may use the Glossary Terms in the development of any application software and you may also use the Glossary Terms for personal or non-commercial purposes only without the prior written consent of Microsoft Corporation, and only if all copies contain this Permission Notice and the Microsoft copyright notice in the Terms of Use.         
                                                                                                                                
3. You are not permitted to make any modifications, deletions or additions to the Glossary Terms.
 
4. Except as expressly set forth above, Microsoft’s publication of the Glossary Terms does not grant any rights to use, distribute, or implement any technology or intellectual property rights. All rights not expressly granted herein are expressly reserved by Microsoft.
"Source Term",,"Translation",,"String Category",,"Platform",,"Product",,"Version"
"Play",,"Reproduzir",,"None",,"All",,"Skype Cast Attendee 2015",,""
"Open Custom link",,"Abrir Ligação Personalizada",,"None",,"All",,"Skype Cast Attendee 2015",,""
"An error occurred while processing your request.",,"Ocorreu um erro ao processar o seu pedido.",,"None",,"All",,"Skype Cast Attendee 2015",,""
"Not started",,"Não iniciadas",,"None",,"All",,"Skype Cast Attendee 2015",,""
"Leave",,"Sair",,"None",,"All",,"Skype Cast Attendee 2015",,""
"Right panel tab for ",,"Separador do painel direito para o ",,"None",,"All",,"Skype Cast Attendee 2015",,""
"The broadcast will start in a moment",,"A transmissão começa em breve",,"None",,"All",,"Skype Cast Attendee 2015",,""
"Click to toggle the navigation dropdown menu",,"Clique para ativar/desativar o menu pendente de navegação",,"None",,"All",,"Skype Cast Attendee 2015",,""
"Live",,"Em direto",,"None",,"All",,"Skype Cast Attendee 2015",,""
"Yammer",,"Yammer",,"None",,"All",,"Skype Cast Attendee 2015",,""
"We're connecting you to the broadcast",,"Estamos a ligá-lo(a) à transmissão",,"None",,"All",,"Skype Cast Attendee 2015",,""
"The broadcast wasn’t found.",,"A transmissão não foi encontrada.",,"None",,"All",,"Skype Cast Attendee 2015",,""
"Sign Out",,"Terminar Sessão",,"None",,"All",,"Skype Cast Attendee 2015",,""
"Pulse",,"Pulse",,"None",,"All",,"Skype Cast Attendee 2015",,""
"Click to toggle the right panel",,"Clique para mostrar/ocultar o painel direito",,"None",,"All",,"Skype Cast Attendee 2015",,""
"Captions",,"Legendas",,"None",,"All",,"Skype Cast Attendee 2015",,""
"Skype for Business",,"Skype para Empresas",,"None",,"All",,"Skype Cast Attendee 2015",,""
"Please enable cookies in your browser settings to ensure all functionality is available.",,"Ative os cookies nas definições do seu browser para se certificar de que todas as funcionalidades estão disponíveis.",,"None",,"All",,"Skype Cast Attendee 2015",,""
"We're getting the video recording",,"A obter a gravação de vídeo",,"None",,"All",,"Skype Cast Attendee 2015",,""
"Join",,"Participar",,"None",,"All",,"Skype Cast Attendee 2015",,""
"Open Support link",,"Abrir Ligação de Suporte",,"None",,"All",,"Skype Cast Attendee 2015",,""
"Ended",,"Terminadas",,"None",,"All",,"Skype Cast Attendee 2015",,""
"Pause",,"Pausa",,"None",,"All",,"Skype Cast Attendee 2015",,""
"Privacy & cookies",,"Privacidade e cookies",,"None",,"All",,"Skype Cast Attendee 2015",,""
"Support",,"Apoio ao cliente",,"None",,"All",,"Skype Cast Attendee 2015",,""
"Error :(",,"Erro :(",,"None",,"All",,"Skype Cast Attendee 2015",,""
"Q&A",,"Perguntas &e Respostas",,"None",,"All",,"Skype Cast Attendee 2015",,""
"Please install or enable Adobe Flash Player",,"Instale ou ative Adobe Flash Player",,"None",,"All",,"Skype Cast Attendee 2015",,""
"Captions Off",,"Legendas Desativadas",,"None",,"All",,"Skype Cast Attendee 2015",,""
"Get Adobe Flash player",,"Obter o Adobe Flash Player",,"None",,"All",,"Skype Cast Attendee 2015",,""
"Selected",,"Selecionadas",,"None",,"All",,"Skype Cast Attendee 2015",,""
"An unknown error has occurred.",,"Ocorreu um erro desconhecido.",,"None",,"All",,"Skype Cast Attendee 2015",,""
"Meeting series",,"Série de reuniões",,"None",,"All",,"Skype Cast Attendee 2015",,""
"Anonymous User",,"Utilizador Anónimo",,"None",,"All",,"Skype Cast Attendee 2015",,""
"Bottom panel tab for ",,"Separador do painel inferior para o ",,"None",,"All",,"Skype Cast Attendee 2015",,""
"Sorry, you’re not allowed to attend this meeting. Please contact the meeting organizer.",,"Lamentamos, mas não está autorizado a participar nesta reunião. Contacte o organizador da reunião.",,"None",,"All",,"Skype Cast Attendee 2015",,""
"Meeting Broadcast",,"Transmissão da Reunião",,"None",,"All",,"Skype Cast Attendee 2015",,""
