﻿PERMISSION NOTICE

The Microsoft “Terms of Use” (available at the www.microsoft.com website) govern all glossary terms in this document (“Glossary Terms”).  The following supplemental terms and conditions also apply.  If there is any conflict between the Terms of Use and the following terms and conditions, the following terms and conditions will take
Precedence over the Terms of Use.
         
1. No part of the Glossary Terms may be reproduced, adapted, distributed, or transmitted in any form or by any means, electronic, mechanical, or otherwise, including photocopying and entry into an information storage and/or retrieval system, for any purpose without the prior express consent of Microsoft Corporation. 

2. You may use the Glossary Terms in the development of any application software and you may also use the Glossary Terms for personal or non-commercial purposes only without the prior written consent of Microsoft Corporation, and only if all copies contain this Permission Notice and the Microsoft copyright notice in the Terms of Use.         
                                                                                                                                
3. You are not permitted to make any modifications, deletions or additions to the Glossary Terms.
 
4. Except as expressly set forth above, Microsoft’s publication of the Glossary Terms does not grant any rights to use, distribute, or implement any technology or intellectual property rights. All rights not expressly granted herein are expressly reserved by Microsoft.
"Source Term",,"Translation",,"String Category",,"Platform",,"Product",,"Version"
"en-us",,"pt-pt",,"Text",,"All",,"Microsoft Teams for Mac",,""
"Menu > Microsoft Teams > Show All",,"Menu > Microsoft Teams > Mostrar tudo",,"Text",,"All",,"Microsoft Teams for Mac",,""
"We just need you to sign in, and then we'll get you to your meeting.",,"Só tem de iniciar sessão e, em seguida, irá aceder à sua reunião.",,"Text",,"All",,"Microsoft Teams for Mac",,""
"Quit",,"Sair",,"Text",,"All",,"Microsoft Teams for Mac",,""
"Restart",,"Reiniciar",,"Text",,"All",,"Microsoft Teams for Mac",,""
"D'oh! Something went wrong...",,"Ups, algo correu mal...",,"Text",,"All",,"Microsoft Teams for Mac",,""
"Having trouble? Tell us about it.",,"Está com problemas? Diga-nos o que se passa.",,"Text",,"All",,"Microsoft Teams for Mac",,""
"Get Latest",,"Obter mais recente",,"Text",,"All",,"Microsoft Teams for Mac",,""
"You’re using an unsupported version of Microsoft Teams",,"Está a utilizar uma versão não suportada do Microsoft Teams",,"Text",,"All",,"Microsoft Teams for Mac",,""
"You've got the latest updates. Enjoy!",,"Tem as atualizações mais recentes. Desfrute!",,"Text",,"All",,"Microsoft Teams for Mac",,""
"Microsoft Teams",,"Microsoft Teams",,"Text",,"All",,"Microsoft Teams for Mac",,""
"Looks like a few files are missing; re-install Microsoft Teams to try again.",,"Parece que faltam alguns ficheiros. Reinstale o Microsoft Teams para tentar novamente.",,"Text",,"All",,"Microsoft Teams for Mac",,""
"Couldn’t finish installing",,"Não foi possível concluir a instalação",,"Text",,"All",,"Microsoft Teams for Mac",,""
"Hang tight! We’re getting you connected.",,"Aguarde, estamos a ligá-lo.",,"Text",,"All",,"Microsoft Teams for Mac",,""
"Authentication failed",,"Falha na autenticação",,"Text",,"All",,"Microsoft Teams for Mac",,""
"Modern authentication failed here, but you'll still be able to sign in. Your status code is {0}.",,"Apesar da falha na autenticação moderna, pode iniciar sessão na mesma. O código de estado é {0}.",,"Text",,"All",,"Microsoft Teams for Mac",,""
"Sorry, we're having connection issues.",,"Lamentamos, mas estamos com problemas de ligação.",,"Text",,"All",,"Microsoft Teams for Mac",,""
"Go ahead and log in.",,"Força, pode iniciar sessão.",,"Text",,"All",,"Microsoft Teams for Mac",,""
"Login to Microsoft Teams",,"Inicie sessão no Microsoft Teams",,"Text",,"All",,"Microsoft Teams for Mac",,""
"There's a more permanent way to sign in to Microsoft Teams. If you're having trouble completing the process, talk to your IT admin.",,"Existe uma forma mais eficaz de iniciar sessão no Microsoft Teams. Se tiver dificuldades em concluir o processo, contacte o administrador de TI.",,"Text",,"All",,"Microsoft Teams for Mac",,""
"Let's get you up and running...",,"Vamos lá pô-lo operacional...",,"Text",,"All",,"Microsoft Teams for Mac",,""
"Authenticate",,"Autenticar",,"Text",,"All",,"Microsoft Teams for Mac",,""
"Please select a certificate to authenticate yourself to {0}",,"Selecione um certificado para efetuar a autenticação em {0}",,"Text",,"All",,"Microsoft Teams for Mac",,""
"Select a certificate",,"Selecione um certificado",,"Text",,"All",,"Microsoft Teams for Mac",,""
"We're sorry, but something went wrong. Please try again.",,"Lamentamos, mas alguma coisa correu mal. Tente novamente.",,"Text",,"All",,"Microsoft Teams for Mac",,""
"You can also try clicking the original link you were sent.",,"Também pode tentar clicar na ligação original que lhe enviámos.",,"Text",,"All",,"Microsoft Teams for Mac",,""
"Add to Dictionary",,"Adicionar ao Dicionário",,"Text",,"All",,"Microsoft Teams for Mac",,""
"Copy",,"Copiar",,"Text",,"All",,"Microsoft Teams for Mac",,""
"Copy Email Address",,"Copiar Endereço de E-mail",,"Text",,"All",,"Microsoft Teams for Mac",,""
"Copy Image",,"Copiar Imagem",,"Text",,"All",,"Microsoft Teams for Mac",,""
"Copy Image URL",,"Copiar URL da Imagem",,"Text",,"All",,"Microsoft Teams for Mac",,""
"Copy Link",,"Copiar Ligação",,"Text",,"All",,"Microsoft Teams for Mac",,""
"Cut",,"Cortar",,"Text",,"All",,"Microsoft Teams for Mac",,""
"Inspect Element",,"Inspecionar Elemento",,"Text",,"All",,"Microsoft Teams for Mac",,""
"Open Link",,"Abrir Ligação",,"Text",,"All",,"Microsoft Teams for Mac",,""
"Paste",,"Colar",,"Text",,"All",,"Microsoft Teams for Mac",,""
"Yes, open in browser",,"Sim, abrir no browser",,"Text",,"All",,"Microsoft Teams for Mac",,""
"No, cancel",,"Não, cancelar",,"Text",,"All",,"Microsoft Teams for Mac",,""
"Want to open this link in a browser?",,"Deseja abrir esta ligação num browser?",,"Text",,"All",,"Microsoft Teams for Mac",,""
"Open in browser",,"Abrir no browser",,"Text",,"All",,"Microsoft Teams for Mac",,""
"OK",,"OK",,"Text",,"All",,"Microsoft Teams for Mac",,""
"Cancel",,"Cancelar",,"Text",,"All",,"Microsoft Teams for Mac",,""
"Open file {0}?",,"Abrir ficheiro {0}?",,"Text",,"All",,"Microsoft Teams for Mac",,""
"Open File",,"Abrir Ficheiro",,"Text",,"All",,"Microsoft Teams for Mac",,""
"Failed to register as chat app for Office",,"Falha ao registar como aplicação de conversa para o Office",,"Text",,"All",,"Microsoft Teams for Mac",,""
"Enjoy using Teams!",,"Desfrute da utilização do Teams!",,"Text",,"All",,"Microsoft Teams for Mac",,""
"This message is shown on success registering as chat app for Office and when the app is all set up.",,"Esta mensagem é mostrada quando regista com êxito uma aplicação de conversa para o Office e quando a aplicação estiver configurada.",,"Text",,"All",,"Microsoft Teams for Mac",,""
"You're all set.",,"Já tem tudo preparado.",,"Text",,"All",,"Microsoft Teams for Mac",,""
"Title is shown on success registering as chat app for Office. Let's user know the app is all set up.",,"O título é mostrado quando regista com êxito uma aplicação de conversa para o Office. Permite ao utilizador saber que a aplicação já está preparada.",,"Text",,"All",,"Microsoft Teams for Mac",,""
"Failed to unregister as chat app for Office",,"Falha ao anular o registo como aplicação de conversa para o Office",,"Text",,"All",,"Microsoft Teams for Mac",,""
"Username or password maybe incorrect",,"O nome de utilizador ou a palavra-passe podem estar incorretos",,"Text",,"All",,"Microsoft Teams for Mac",,""
"Send a quick reply...",,"Envie uma resposta rápida...",,"Text",,"All",,"Microsoft Teams for Mac",,""
"Send",,"Enviar",,"Text",,"All",,"Microsoft Teams for Mac",,""
"N/A",,"N/A",,"Text",,"All",,"Microsoft Teams for Mac",,""
"Launching app",,"A iniciar a aplicação",,"Text",,"All",,"Microsoft Teams for Mac",,""
"Microsoft Confidential. Do not distribute.",,"Microsoft Confidencial. Não distribuir.",,"Text",,"All",,"Microsoft Teams for Mac",,""
"Loading Microsoft Teams",,"A carregar o Microsoft Teams",,"Text",,"All",,"Microsoft Teams for Mac",,""
"Sorry, this is taking longer than we thought",,"Lamentamos, mas esta operação está a demorar mais tempo do que o previsto",,"Text",,"All",,"Microsoft Teams for Mac",,""
"There was a glitch, and we're recovering",,"Ocorreu uma anomalia e estamos a tratar da recuperação",,"Text",,"All",,"Microsoft Teams for Mac",,""
"It looks like we can’t display your content right now. What would you like to do?",,"Parece que não é possível apresentar o conteúdo agora. O que pretende fazer?",,"Text",,"All",,"Microsoft Teams for Mac",,""
"We’re having trouble displaying your content",,"Estamos com problemas em apresentar o conteúdo",,"Text",,"All",,"Microsoft Teams for Mac",,""
"Close",,"Fechar",,"Text",,"All",,"Microsoft Teams for Mac",,""
"Maximize",,"Maximizar",,"Text",,"All",,"Microsoft Teams for Mac",,""
"Minimize",,"Minimizar",,"Text",,"All",,"Microsoft Teams for Mac",,""
"We’re taking you back to the login page (this could take a few seconds)",,"Irá regressar à página de início de sessão (pode demorar alguns segundos)",,"Text",,"All",,"Microsoft Teams for Mac",,""
"About Microsoft Teams",,"Acerca do Microsoft Teams",,"Text",,"All",,"Microsoft Teams for Mac",,""
"Hide Microsoft Teams",,"Ocultar Microsoft Teams",,"Text",,"All",,"Microsoft Teams for Mac",,""
"Hide Others",,"Ocultar Outros",,"Text",,"All",,"Microsoft Teams for Mac",,""
"Quit Microsoft Teams",,"Sair do Microsoft Teams",,"Text",,"All",,"Microsoft Teams for Mac",,""
"Services",,"Serviços",,"Text",,"All",,"Microsoft Teams for Mac",,""
"Show All",,"Mostrar Tudo",,"Text",,"All",,"Microsoft Teams for Mac",,""
"Development",,"Desenvolvimento",,"Text",,"All",,"Microsoft Teams for Mac",,""
"Edit",,"Editar",,"Text",,"All",,"Microsoft Teams for Mac",,""
"Delete",,"Eliminar",,"Text",,"All",,"Microsoft Teams for Mac",,""
"Paste and Match Style",,"Colar e Corresponder Estilo",,"Text",,"All",,"Microsoft Teams for Mac",,""
"Redo",,"Refazer",,"Text",,"All",,"Microsoft Teams for Mac",,""
"Select All",,"Selecionar Tudo",,"Text",,"All",,"Microsoft Teams for Mac",,""
"Undo",,"Anular",,"Text",,"All",,"Microsoft Teams for Mac",,""
"Help",,"Ajuda",,"Text",,"All",,"Microsoft Teams for Mac",,""
"Legal Information",,"Informação Legal",,"Text",,"All",,"Microsoft Teams for Mac",,""
"Privacy Policy",,"Política de Privacidade",,"Text",,"All",,"Microsoft Teams for Mac",,""
"Microsoft Teams Help",,"Ajuda do Microsoft Teams",,"Text",,"All",,"Microsoft Teams for Mac",,""
"View",,"Ver",,"Text",,"All",,"Microsoft Teams for Mac",,""
"Go Back",,"Recuar",,"Text",,"All",,"Microsoft Teams for Mac",,""
"Go Forward",,"Avançar",,"Text",,"All",,"Microsoft Teams for Mac",,""
"Toggle Full Screen",,"Ecrã Inteiro",,"Text",,"All",,"Microsoft Teams for Mac",,""
"Window",,"Janela",,"Text",,"All",,"Microsoft Teams for Mac",,""
"Bring All to Front",,"Trazer Tudo para a Frente",,"Text",,"All",,"Microsoft Teams for Mac",,""
"Zoom",,"Zoom",,"Text",,"All",,"Microsoft Teams for Mac",,""
"More info",,"Mais informações",,"Text",,"All",,"Microsoft Teams for Mac",,""
"In order to run Microsoft Teams, please free up some disk space.",,"Para executar o Microsoft Teams, liberte algum espaço em disco.",,"Text",,"All",,"Microsoft Teams for Mac",,""
"Not enough space",,"Não existe espaço suficiente",,"Text",,"All",,"Microsoft Teams for Mac",,""
"Accept with audio",,"Aceitar com áudio",,"Text",,"All",,"Microsoft Teams for Mac",,""
"close",,"fechar",,"Text",,"All",,"Microsoft Teams for Mac",,""
"join meetup",,"participar no encontro",,"Text",,"All",,"Microsoft Teams for Mac",,""
"message",,"mensagem",,"Text",,"All",,"Microsoft Teams for Mac",,""
"Pop out",,"Destacar",,"Text",,"All",,"Microsoft Teams for Mac",,""
"Decline call",,"Rejeitar chamada",,"Text",,"All",,"Microsoft Teams for Mac",,""
"reply",,"responder",,"Text",,"All",,"Microsoft Teams for Mac",,""
"Accept screen share",,"Aceitar partilha de ecrã",,"Text",,"All",,"Microsoft Teams for Mac",,""
"Accept with video",,"Aceitar com vídeo",,"Text",,"All",,"Microsoft Teams for Mac",,""
"Microsoft Teams Notification",,"Notificação do Microsoft Teams",,"Text",,"All",,"Microsoft Teams for Mac",,""
"Oh no ... we can’t connect to the internet. Check your connection.",,"Oh, não... Não é possível ligar à Internet. Verifique a sua ligação.",,"Text",,"All",,"Microsoft Teams for Mac",,""
"Yikes! Looks like someone pulled the plug on the internet.",,"Credo! Parece que alguém desligou a Internet.",,"Text",,"All",,"Microsoft Teams for Mac",,""
"Error code - {0}",,"Código de erro - {0}",,"Text",,"All",,"Microsoft Teams for Mac",,""
""If that doesn't work, try <a href=""#"" id=""signoutLink"" target=""_blank"">signing out</a> and back in."",,""Se não funcionar, experimente <a href=""#"" id=""signoutLink"" target=""_blank"">terminar a sessão</a> e voltar a iniciá-la."",,"Text",,"All",,"Microsoft Teams for Mac",,""
"Password",,"Palavra-passe",,"Text",,"All",,"Microsoft Teams for Mac",,""
"For: {0}:{1}",,"Para: {0}:{1}",,"Text",,"All",,"Microsoft Teams for Mac",,""
"Your connection is not private",,"A sua ligação não é privada",,"Text",,"All",,"Microsoft Teams for Mac",,""
"Proxy: {0}:{1}",,"Proxy: {0}:{1}",,"Text",,"All",,"Microsoft Teams for Mac",,""
"Sign In",,"Iniciar Sessão",,"Text",,"All",,"Microsoft Teams for Mac",,""
"Signing In...",,"A Iniciar Sessão...",,"Text",,"All",,"Microsoft Teams for Mac",,""
"There is a glitch. Sorry for the inconvenience. Please sign in again.",,"Ocorreu uma anomalia. Desculpe o incómodo. Inicie sessão novamente.",,"Text",,"All",,"Microsoft Teams for Mac",,""
"Reply",,"Responder",,"Text",,"All",,"Microsoft Teams for Mac",,""
"Retry",,"Tentar novamente",,"Text",,"All",,"Microsoft Teams for Mac",,""
"Retrying...",,"A tentar novamente...",,"Text",,"All",,"Microsoft Teams for Mac",,""
"That didn’t work. Please try again using your organizational sign-in name and password, or choose a different certificate.",,"Não funcionou. Tente novamente utilizando o seu nome e palavra-passe de início de sessão organizacional ou escolha um certificado diferente.",,"Text",,"All",,"Microsoft Teams for Mac",,""
"Something's not right. Please click <b>Retry</b> then add this tab again once the app is finished restarting. You'll need to sign in using your credentials and select a valid certificate.",,"Algo não está bem. Clique em <b>Tentar novamente</b> e, em seguida, volte a adicionar este separador assim que a aplicação acabar de reiniciar. Terá de iniciar sessão com as suas credenciais e de selecionar um certificado válido.",,"Text",,"All",,"Microsoft Teams for Mac",,""
"Sign in again",,"Inicie sessão novamente",,"Text",,"All",,"Microsoft Teams for Mac",,""
"Available",,"Disponível",,"Text",,"All",,"Microsoft Teams for Mac",,""
"Away",,"Ausente",,"Text",,"All",,"Microsoft Teams for Mac",,""
"Be right back",,"Volto já",,"Text",,"All",,"Microsoft Teams for Mac",,""
"Busy",,"Ocupado",,"Text",,"All",,"Microsoft Teams for Mac",,""
"No connection",,"Sem ligação",,"Text",,"All",,"Microsoft Teams for Mac",,""
"Do not disturb",,"Não incomodar",,"Text",,"All",,"Microsoft Teams for Mac",,""
"We ran into an issue",,"Ocorreu um problema",,"Text",,"All",,"Microsoft Teams for Mac",,""
"Idle",,"Inativo",,"Text",,"All",,"Microsoft Teams for Mac",,""
"In a meeting",,"Em reunião",,"Text",,"All",,"Microsoft Teams for Mac",,""
"New activity",,"Nova atividade",,"Text",,"All",,"Microsoft Teams for Mac",,""
"No network",,"Sem rede",,"Text",,"All",,"Microsoft Teams for Mac",,""
"Offline",,"Offline",,"Text",,"All",,"Microsoft Teams for Mac",,""
"On the phone",,"Ao telefone",,"Text",,"All",,"Microsoft Teams for Mac",,""
"Presenting",,"A apresentar",,"Text",,"All",,"Microsoft Teams for Mac",,""
"Status unknown",,"Estado desconhecido",,"Text",,"All",,"Microsoft Teams for Mac",,""
"Status set to {0}",,"Estado definido como {0}",,"Text",,"All",,"Microsoft Teams for Mac",,""
"Submit",,"Submeter",,"Text",,"All",,"Microsoft Teams for Mac",,""
"We're switching you to your other account. It'll just take a moment...",,"Estamos a mudá-lo para a sua outra conta. São só alguns instantes...",,"Text",,"All",,"Microsoft Teams for Mac",,""
"Open DevTools",,"Abrir DevTools",,"Text",,"All",,"Microsoft Teams for Mac",,""
"Get logs",,"Obter registos",,"Text",,"All",,"Microsoft Teams for Mac",,""
"Log out",,"Terminar sessão",,"Text",,"All",,"Microsoft Teams for Mac",,""
"My status",,"O meu estado",,"Text",,"All",,"Microsoft Teams for Mac",,""
"Microsoft Teams is still running and you will continue to receive notifications.",,"O Microsoft Teams continua em execução, pelo que continuará a receber notificações.",,"Text",,"All",,"Microsoft Teams for Mac",,""
"Open",,"Abrir",,"Text",,"All",,"Microsoft Teams for Mac",,""
"Sign out",,"Terminar sessão",,"Text",,"All",,"Microsoft Teams for Mac",,""
"Appear away",,"Aparecer como ausente",,"Text",,"All",,"Microsoft Teams for Mac",,""
"Reset status",,"Repor estado",,"Text",,"All",,"Microsoft Teams for Mac",,""
"This dialog will auto close after the repair is done. If Teams process doesn't auto start in few minutes, please click on download option and install.",,"Esta caixa de diálogo fechar-se-á automaticamente após a conclusão da reparação. Se o processo do Teams não for automaticamente iniciado dentro de alguns minutos, clique na opção para descarregar e proceda à instalação.",,"Text",,"All",,"Microsoft Teams for Mac",,""
"Repairing Teams...",,"A reparar o Teams...",,"Text",,"All",,"Microsoft Teams for Mac",,""
"Download",,"Descarregar",,"Text",,"All",,"Microsoft Teams for Mac",,""
"Ok",,"OK",,"Text",,"All",,"Microsoft Teams for Mac",,""
"Not on Teams yet?",,"Ainda não utiliza o Teams?",,"Text",,"All",,"Microsoft Teams for Mac",,""
"Three happy people waving",,"Três pessoas felizes a acenar",,"Text",,"All",,"Microsoft Teams for Mac",,""
"Sign-in address",,"Endereço de início de sessão",,"Text",,"All",,"Microsoft Teams for Mac",,""
"Enter your work, school, or Microsoft account.",,"Introduza a sua conta profissional, escolar ou Microsoft.",,"Text",,"All",,"Microsoft Teams for Mac",,""
"Learn More",,"Saiba mais",,"Text",,"All",,"Microsoft Teams for Mac",,""
"Learn More about Teams",,"Saiba mais sobre o Teams",,"Text",,"All",,"Microsoft Teams for Mac",,""
"Loading",,"A carregar",,"Text",,"All",,"Microsoft Teams for Mac",,""
"Sign up for free",,"Aderir gratuitamente",,"Text",,"All",,"Microsoft Teams for Mac",,""
"Sign in",,"Iniciar sessão",,"Text",,"All",,"Microsoft Teams for Mac",,""
"Username",,"Nome de utilizador",,"Text",,"All",,"Microsoft Teams for Mac",,""
"New chat",,"Nova conversa",,"Text",,"All",,"Microsoft Teams for Mac",,""
"Settings",,"Definições",,"Text",,"All",,"Microsoft Teams for Mac",,""
"Appear Away",,"Aparecer como Ausente",,"Text",,"All",,"Microsoft Teams for Mac",,""
"Be Right Back",,"Volto Já",,"Text",,"All",,"Microsoft Teams for Mac",,""
"Do Not Disturb",,"Não Incomodar",,"Text",,"All",,"Microsoft Teams for Mac",,""
"On The Phone",,"Ao Telefone",,"Text",,"All",,"Microsoft Teams for Mac",,""
"Reset Status",,"Repor estado",,"Text",,"All",,"Microsoft Teams for Mac",,""
"App initialization timed out",,"Foi ultrapassado o tempo limite de inicialização da aplicação",,"Text",,"All",,"Microsoft Teams for Mac",,""
"Failed to load: {0}",,"Falha ao carregar: {0}",,"Text",,"All",,"Microsoft Teams for Mac",,""
"Failed to reach: {0}",,"Falha ao aceder a: {0}",,"Text",,"All",,"Microsoft Teams for Mac",,""
"Failed to connect to settings endpoint",,"Falha ao ligar ao ponto final de definições",,"Text",,"All",,"Microsoft Teams for Mac",,""
