﻿PERMISSION NOTICE

The Microsoft “Terms of Use” (available at the www.microsoft.com website) govern all glossary terms in this document (“Glossary Terms”).  The following supplemental terms and conditions also apply.  If there is any conflict between the Terms of Use and the following terms and conditions, the following terms and conditions will take
Precedence over the Terms of Use.
         
1. No part of the Glossary Terms may be reproduced, adapted, distributed, or transmitted in any form or by any means, electronic, mechanical, or otherwise, including photocopying and entry into an information storage and/or retrieval system, for any purpose without the prior express consent of Microsoft Corporation. 

2. You may use the Glossary Terms in the development of any application software and you may also use the Glossary Terms for personal or non-commercial purposes only without the prior written consent of Microsoft Corporation, and only if all copies contain this Permission Notice and the Microsoft copyright notice in the Terms of Use.         
                                                                                                                                
3. You are not permitted to make any modifications, deletions or additions to the Glossary Terms.
 
4. Except as expressly set forth above, Microsoft’s publication of the Glossary Terms does not grant any rights to use, distribute, or implement any technology or intellectual property rights. All rights not expressly granted herein are expressly reserved by Microsoft.
"Source Term",,"Translation",,"String Category",,"Platform",,"Product",,"Version"
"Account",,"Conta",,"None",,"All",,"Skype for Web & Skype for Outlook.com 2016",,""
"Available",,"Disponível",,"None",,"All",,"Skype for Web & Skype for Outlook.com 2016",,""
"Unable to change your profile picture, please try again.",,"Não foi possível alterar a sua imagem de perfil. Tente novamente.",,"None",,"All",,"Skype for Web & Skype for Outlook.com 2016",,""
"Close settings",,"Fechar definições",,"None",,"All",,"Skype for Web & Skype for Outlook.com 2016",,""
"Disable automatic Skype plugin updates",,"Desativar atualizações automáticas do plug-in do Skype",,"None",,"All",,"Skype for Web & Skype for Outlook.com 2016",,""
"Display settings",,"Apresentar definições",,"None",,"All",,"Skype for Web & Skype for Outlook.com 2016",,""
"Download Skype plugin",,"Descarregar o plug-in do Skype",,"None",,"All",,"Skype for Web & Skype for Outlook.com 2016",,""
"Enable automatic Skype plugin updates",,"Ativar atualizações automáticas do plug-in do Skype",,"None",,"All",,"Skype for Web & Skype for Outlook.com 2016",,""
"The image type you tried to upload is not supported",,"O tipo de imagem que tentou carregar não é suportado",,"None",,"All",,"Skype for Web & Skype for Outlook.com 2016",,""
"Not available",,"Indisponível",,"None",,"All",,"Skype for Web & Skype for Outlook.com 2016",,""
"Notifications off",,"Notificações desativadas",,"None",,"All",,"Skype for Web & Skype for Outlook.com 2016",,""
"Notifications on",,"Notificações ativadas",,"None",,"All",,"Skype for Web & Skype for Outlook.com 2016",,""
"off",,"desativadas",,"None",,"All",,"Skype for Web & Skype for Outlook.com 2016",,""
"on",,"ativadas",,"None",,"All",,"Skype for Web & Skype for Outlook.com 2016",,""
"Automatic Skype plugin updates are",,"As atualizações automáticas do plug-in do Skype estão",,"None",,"All",,"Skype for Web & Skype for Outlook.com 2016",,""
"Online presence set to available (notifications on)",,"Presença online definida como disponível (notificações ligadas)",,"None",,"All",,"Skype for Web & Skype for Outlook.com 2016",,""
"Sign out",,"Terminar sessão",,"None",,"All",,"Skype for Web & Skype for Outlook.com 2016",,""
"Upload a profile picture",,"Carregar uma imagem de perfil",,"None",,"All",,"Skype for Web & Skype for Outlook.com 2016",,""
"Accept the call using Alt + PgUp",,"Aceitar a chamada utilizando Alt + PgUp",,"None",,"All",,"Skype for Web & Skype for Outlook.com 2016",,""
"Accept with voice",,"Aceitar com voz",,"None",,"All",,"Skype for Web & Skype for Outlook.com 2016",,""
"Accept with voice using Alt + Page Up",,"Aceitar com voz através de Alt + Page Up",,"None",,"All",,"Skype for Web & Skype for Outlook.com 2016",,""
"Accept with Video",,"Aceitar com Vídeo",,"None",,"All",,"Skype for Web & Skype for Outlook.com 2016",,""
"Accept with video using Ctrl + Alt + Page Up",,"Aceitar com vídeo através de Ctrl + Alt + Page Up",,"None",,"All",,"Skype for Web & Skype for Outlook.com 2016",,""
"Your guest account will expire in 10 minutes.",,"A sua conta de convidado expira em 10 minutos.",,"None",,"All",,"Skype for Web & Skype for Outlook.com 2016",,""
""Select ""add to contacts"" and they'll get your request."",,""Selecione ""adicionar aos contactos"" e receberão o seu pedido."",,"None",,"All",,"Skype for Web & Skype for Outlook.com 2016",,""
"Add Skype as a bookmark",,"Adicionar o Skype como favorito",,"None",,"All",,"Skype for Web & Skype for Outlook.com 2016",,""
"Already have an account?",,"Já tem uma conta?",,"None",,"All",,"Skype for Web & Skype for Outlook.com 2016",,""
"or",,"ou",,"None",,"All",,"Skype for Web & Skype for Outlook.com 2016",,""
"You can call and chat with everyone here for free.",,"Pode ligar e conversar gratuitamente com todas as pessoas aqui.",,"None",,"All",,"Skype for Web & Skype for Outlook.com 2016",,""
"Close",,"Fechar",,"None",,"All",,"Skype for Web & Skype for Outlook.com 2016",,""
"Computer says no…",,""O computador diz ""não""…"",,"None",,"All",,"Skype for Web & Skype for Outlook.com 2016",,""
"Continue",,"Continuar",,"None",,"All",,"Skype for Web & Skype for Outlook.com 2016",,""
"By using this site you agree to the use of cookies for analytics, personalised content and ads.",,"Ao utilizar este sítio, concorda com a utilização de cookies para o fornecimento de dados de análise, conteúdo personalizado e anúncios.",,"None",,"All",,"Skype for Web & Skype for Outlook.com 2016",,""
"By using this site you agree to the use of cookies for analytics, personalised content and ads. {LINK_START}Read more about cookies{LINK_END}",,"Ao utilizar este sítio, concorda com a utilização de cookies para o fornecimento de dados de análise, conteúdo personalizado e anúncios. {LINK_START}Saber mais sobre cookies{LINK_END}",,"None",,"All",,"Skype for Web & Skype for Outlook.com 2016",,""
"Copy link",,"Copiar ligação",,"None",,"All",,"Skype for Web & Skype for Outlook.com 2016",,""
"&copy; {YEAR} Skype and/or Microsoft.",,"&copy;{YEAR} Skype e/ou Microsoft.",,"None",,"All",,"Skype for Web & Skype for Outlook.com 2016",,""
"&copy; {YEAR} Skype/Microsoft.",,"&copy;{YEAR} Skype/Microsoft.",,"None",,"All",,"Skype for Web & Skype for Outlook.com 2016",,""
"Create account",,"Criar conta",,"None",,"All",,"Skype for Web & Skype for Outlook.com 2016",,""
"{LINK1_START}Create a new Skype account{LINK1_END} or {LINK2_START}sign in{LINK2_END} to permanently join this conversation.",,"{LINK1_START}Crie uma nova conta do Skype{LINK1_END} ou {LINK2_START}inicie sessão{LINK2_END} para participar de forma permanente nesta conversa.",,"None",,"All",,"Skype for Web & Skype for Outlook.com 2016",,""
"Interested in richer and more integrated experience? Download the official desktop app.",,"Quer ter uma experiência mais completa e integrada? Descarregue a aplicação de ambiente de trabalho oficial.",,"None",,"All",,"Skype for Web & Skype for Outlook.com 2016",,""
"Download",,"Descarregar",,"None",,"All",,"Skype for Web & Skype for Outlook.com 2016",,""
"Download Desktop Client",,"Descarregar Cliente de Ambiente de Trabalho",,"None",,"All",,"Skype for Web & Skype for Outlook.com 2016",,""
"Download Skype",,"Descarregue o Skype",,"None",,"All",,"Skype for Web & Skype for Outlook.com 2016",,""
"Download Skype on the device that’s most convenient for you.",,"Descarregue o Skype no dispositivo que mais lhe convém.",,"None",,"All",,"Skype for Web & Skype for Outlook.com 2016",,""
"You need to enable javascript",,"Tem de ativar o JavaScript",,"None",,"All",,"Skype for Web & Skype for Outlook.com 2016",,""
"Enable joining",,"Ativar participação",,"None",,"All",,"Skype for Web & Skype for Outlook.com 2016",,""
"Explore Skype",,"Explore o Skype",,"None",,"All",,"Skype for Web & Skype for Outlook.com 2016",,""
"FAQ",,"Perguntas frequentes",,"None",,"All",,"Skype for Web & Skype for Outlook.com 2016",,""
"frequently asked questions",,"perguntas frequentes",,"None",,"All",,"Skype for Web & Skype for Outlook.com 2016",,""
"FAQs",,"Perguntas frequentes",,"None",,"All",,"Skype for Web & Skype for Outlook.com 2016",,""
"Feedback",,"Opinião",,"None",,"All",,"Skype for Web & Skype for Outlook.com 2016",,""
"Finished chatting?",,"Acabou a conversa?",,"None",,"All",,"Skype for Web & Skype for Outlook.com 2016",,""
"Get the app",,"Obter a aplicação",,"None",,"All",,"Skype for Web & Skype for Outlook.com 2016",,""
"Get back to Skype quickly.",,"Regresse rapidamente ao Skype.",,"None",,"All",,"Skype for Web & Skype for Outlook.com 2016",,""
"Get back to Skype quickly. Press {CTRL_KEY} + D to add Skype as a bookmark.",,"Regresse rapidamente ao Skype. Prima {CTRL_KEY} + D para adicionar o Skype como favorito.",,"None",,"All",,"Skype for Web & Skype for Outlook.com 2016",,""
"Get in touch with your friends and family directly from your browser",,"Entre em contacto com os seus amigos e familiares diretamente a partir do browser",,"None",,"All",,"Skype for Web & Skype for Outlook.com 2016",,""
"Get Skype on the device that’s most convenient for you.",,"Utilize o Skype no dispositivo que mais lhe convém.",,"None",,"All",,"Skype for Web & Skype for Outlook.com 2016",,""
"Get started",,"Comece já",,"None",,"All",,"Skype for Web & Skype for Outlook.com 2016",,""
"Got a question?",,"Tem alguma pergunta?",,"None",,"All",,"Skype for Web & Skype for Outlook.com 2016",,""
"Hi {ELEM_START}{NAME}{ELEM_END}",,"Olá, {ELEM_START}{NAME}{ELEM_END},",,"None",,"All",,"Skype for Web & Skype for Outlook.com 2016",,""
"As a guest, you can",,"Como convidado, pode",,"None",,"All",,"Skype for Web & Skype for Outlook.com 2016",,""
"Group chat",,"Conversar em grupo",,"None",,"All",,"Skype for Web & Skype for Outlook.com 2016",,""
"Send emoticons and Mojis",,"Enviar ícones expressivos e Mojis",,"None",,"All",,"Skype for Web & Skype for Outlook.com 2016",,""
"Share photos and files",,"Partilhar fotografias e ficheiros",,"None",,"All",,"Skype for Web & Skype for Outlook.com 2016",,""
"Share your screen",,"Partilhar o seu ecrã",,"None",,"All",,"Skype for Web & Skype for Outlook.com 2016",,""
"Make video calls",,"Efetuar chamadas de vídeo",,"None",,"All",,"Skype for Web & Skype for Outlook.com 2016",,""
"Make voice calls",,"Efetuar chamadas de voz",,"None",,"All",,"Skype for Web & Skype for Outlook.com 2016",,""
"Guest",,"Convidado",,"None",,"All",,"Skype for Web & Skype for Outlook.com 2016",,""
"Have your queries about Skype for Web answered.",,"Saiba a resposta às suas perguntas sobre o Skype para a Web.",,"None",,"All",,"Skype for Web & Skype for Outlook.com 2016",,""
"Incoming call",,"A receber chamada",,"None",,"All",,"Skype for Web & Skype for Outlook.com 2016",,""
"install plugin",,"instalar plug-in",,"None",,"All",,"Skype for Web & Skype for Outlook.com 2016",,""
"Join me on Skype to chat, call, and share. You don't need to sign-up or download the app.",,"Junte-se a mim no Skype para conversar, efetuar chamadas e partilhar. Não é necessário aderir ou transferir a aplicação.",,"None",,"All",,"Skype for Web & Skype for Outlook.com 2016",,""
"Hi,",,"Olá,",,"None",,"All",,"Skype for Web & Skype for Outlook.com 2016",,""
"Just select this link, or copy and paste it into your browser:",,"Basta selecionar esta ligação, ou copiar e colá-la no seu browser:",,"None",,"All",,"Skype for Web & Skype for Outlook.com 2016",,""
"Let's chat on Skype",,"Vamos conversar no Skype",,"None",,"All",,"Skype for Web & Skype for Outlook.com 2016",,""
"Invite anyone to chat with this link.",,"Utilize esta ligação para convidar qualquer pessoa para conversar.",,"None",,"All",,"Skype for Web & Skype for Outlook.com 2016",,""
"Invite via email",,"Convidar por e-mail",,"None",,"All",,"Skype for Web & Skype for Outlook.com 2016",,""
"Sign up",,"Aderir",,"None",,"All",,"Skype for Web & Skype for Outlook.com 2016",,""
"Joining disabled by chat creator.",,"Participação desativada pelo criador do chat.",,"None",,"All",,"Skype for Web & Skype for Outlook.com 2016",,""
"Sign up and use Skype every day. Get the free app on your mobile, tablet, desktop and more to keep your conversations going, wherever you are.",,"Inscreva-se e use o Skype todos os dias. Descarregue a aplicação gratuita para o seu telemóvel, tablet, computador e muito mais, para continuar a conversar esteja onde estiver.",,"None",,"All",,"Skype for Web & Skype for Outlook.com 2016",,""
"Language",,"Idioma",,"None",,"All",,"Skype for Web & Skype for Outlook.com 2016",,""
"Learn all about Skype’s free and low-cost features.",,"Saiba tudo sobre as funcionalidades grátis e de baixo custo do Skype.",,"None",,"All",,"Skype for Web & Skype for Outlook.com 2016",,""
"Leave conversation",,"Sair da conversa",,"None",,"All",,"Skype for Web & Skype for Outlook.com 2016",,""
"Link copied",,"Ligação copiada",,"None",,"All",,"Skype for Web & Skype for Outlook.com 2016",,""
"This link is valid for 24 hours.",,"Esta ligação é válida durante 24 horas.",,"None",,"All",,"Skype for Web & Skype for Outlook.com 2016",,""
"Please copy the link manually",,"Copie a ligação manualmente",,"None",,"All",,"Skype for Web & Skype for Outlook.com 2016",,""
"Loading...",,"A carregar...",,"None",,"All",,"Skype for Web & Skype for Outlook.com 2016",,""
"Make Skype calls",,"Efetuar chamadas Skype",,"None",,"All",,"Skype for Web & Skype for Outlook.com 2016",,""
"Make video calls",,"Efetuar videochamadas",,"None",,"All",,"Skype for Web & Skype for Outlook.com 2016",,""
"... but we can take you to {LINK_START}Skype for Web{LINK_END}",,"... mas podemos redirecioná-lo para o {LINK_START}Skype para a Web{LINK_END}",,"None",,"All",,"Skype for Web & Skype for Outlook.com 2016",,""
"Need to use Skype?",,"Precisa de usar o Skype?",,"None",,"All",,"Skype for Web & Skype for Outlook.com 2016",,""
"Sorry, Skype for Web isn’t available on this device yet.",,"O Skype para a Web ainda não está disponível neste dispositivo.",,"None",,"All",,"Skype for Web & Skype for Outlook.com 2016",,""
"Skype for Web is not a replacement for your telephone and can’t be used for emergency calling.",,"O Skype para a Web não é um substituto do seu telefone e não pode ser utilizado para efetuar chamadas de emergência.",,"None",,"All",,"Skype for Web & Skype for Outlook.com 2016",,""
"Oops, we couldn’t find the page you were looking for...",,"Não foi possível encontrar a página que procura...",,"None",,"All",,"Skype for Web & Skype for Outlook.com 2016",,""
"Privacy and cookie policy",,"Política de privacidade e de cookies",,"None",,"All",,"Skype for Web & Skype for Outlook.com 2016",,""
"Privacy",,"Privacidade",,"None",,"All",,"Skype for Web & Skype for Outlook.com 2016",,""
"Read more about cookies",,"Saber mais sobre cookies",,"None",,"All",,"Skype for Web & Skype for Outlook.com 2016",,""
"sign in again",,"Iniciar sessão novamente",,"None",,"All",,"Skype for Web & Skype for Outlook.com 2016",,""
"Redirecting...",,"A redirecionar...",,"None",,"All",,"Skype for Web & Skype for Outlook.com 2016",,""
"Reject call",,"Rejeitar chamada",,"None",,"All",,"Skype for Web & Skype for Outlook.com 2016",,""
"Reject call using Alt + Page Down",,"Rejeitar chamada através de Alt + Page Down",,"None",,"All",,"Skype for Web & Skype for Outlook.com 2016",,""
"Search by email or Skype Name.",,"Procurar por e-mail ou por Nome Skype.",,"None",,"All",,"Skype for Web & Skype for Outlook.com 2016",,""
"See our FAQ’s",,"Consulte as nossas Perguntas frequentes",,"None",,"All",,"Skype for Web & Skype for Outlook.com 2016",,""
"Send instant messages",,"Enviar mensagens instantâneas",,"None",,"All",,"Skype for Web & Skype for Outlook.com 2016",,""
"Yay! Now check out your emoticons...",,"Agora dê uma olhadela aos seus ícones expressivos...",,"None",,"All",,"Skype for Web & Skype for Outlook.com 2016",,""
"Invite Facebook friends",,"Convidar amigos do Facebook",,"None",,"All",,"Skype for Web & Skype for Outlook.com 2016",,""
"Sending one of our engineers to fix it. Give it a couple of minutes and try again.",,"Um dos nossos engenheiros vai resolver o problema. Aguarde alguns minutos e tente novamente.",,"None",,"All",,"Skype for Web & Skype for Outlook.com 2016",,""
"For security reasons your session will expire in less than an hour",,"Por motivos de segurança, a sua sessão expira em menos de uma hora",,"None",,"All",,"Skype for Web & Skype for Outlook.com 2016",,""
"For security reasons your session will expire in less than 30 minutes",,"Por motivos de segurança, a sua sessão expira em menos de 30 minutos",,"None",,"All",,"Skype for Web & Skype for Outlook.com 2016",,""
"Sign in",,"Iniciar sessão",,"None",,"All",,"Skype for Web & Skype for Outlook.com 2016",,""
"To enjoy the full Skype experience with even more people and create your own conversations, simply sign in or create a new account.",,"Para desfrutar de toda a experiência de utilização do Skype com ainda mais pessoas e criar as suas próprias conversas, basta iniciar sessão ou criar uma nova conta.",,"None",,"All",,"Skype for Web & Skype for Outlook.com 2016",,""
"Sorry, Skype for Web is invitation only at this time.",,"De momento, o Skype para a Web funciona apenas por convite.",,"None",,"All",,"Skype for Web & Skype for Outlook.com 2016",,""
"Oops, something went wrong at our end",,"Algo correu mal deste lado",,"None",,"All",,"Skype for Web & Skype for Outlook.com 2016",,""
"Give it a go on the latest version of Firefox.",,"Experimente-o na versão mais recente do Firefox.",,"None",,"All",,"Skype for Web & Skype for Outlook.com 2016",,""
"Give it a go on the latest version of Safari or Chrome.",,"Experimente-o na versão mais recente do Safari ou do Chrome.",,"None",,"All",,"Skype for Web & Skype for Outlook.com 2016",,""
"Give it a go on the latest version of browsers: Microsoft Edge, Internet Explorer 10+, Chrome, Firefox or Safari.",,"Experimente-o na versão mais recente dos browsers: Microsoft Edge, Internet Explorer 10+, Chrome, Firefox ou Safari.",,"None",,"All",,"Skype for Web & Skype for Outlook.com 2016",,""
"Give it a go on the latest version of these browsers: Microsoft Edge, Internet Explorer 10+, Chrome or Firefox.",,"Experimente-o na versão mais recente de um dos seguintes browsers: Microsoft Edge, Internet Explorer 10+, Chrome ou Firefox.",,"None",,"All",,"Skype for Web & Skype for Outlook.com 2016",,""
"Terms of use",,"Condições de utilização",,"None",,"All",,"Skype for Web & Skype for Outlook.com 2016",,""
"Terms",,"Condições",,"None",,"All",,"Skype for Web & Skype for Outlook.com 2016",,""
"Tick tock, time's almost up...",,"Tic, tac, está a chegar a hora...",,"None",,"All",,"Skype for Web & Skype for Outlook.com 2016",,""
"Please try again later, or download Skype to use it anytime.",,"Tente novamente mais tarde ou descarregue o Skype para utilizá-lo em qualquer altura.",,"None",,"All",,"Skype for Web & Skype for Outlook.com 2016",,""
"Please try it on your desktop computer instead.",,"Tente instalá-lo no seu computador de secretária.",,"None",,"All",,"Skype for Web & Skype for Outlook.com 2016",,""
"Support for this version of Skype for Web is coming to an end. A new preview version is available now for Microsoft Edge and Google Chrome with HD video calling, call recording and much more.",,"O suporte para esta versão do Skype para a Web está a terminar. Está agora disponível uma nova versão de pré-visualização para Microsoft Edge e Google Chrome com videochamadas HD, gravação de chamadas e muito mais.",,"None",,"All",,"Skype for Web & Skype for Outlook.com 2016",,""
"Try it out",,"Experimente",,"None",,"All",,"Skype for Web & Skype for Outlook.com 2016",,""
"is trying to call you",,"está a tentar ligar-lhe",,"None",,"All",,"Skype for Web & Skype for Outlook.com 2016",,""
"When your request is accepted, send a message.",,"Quando o seu pedido for aceite, envie uma mensagem.",,"None",,"All",,"Skype for Web & Skype for Outlook.com 2016",,""
"Sorry, Skype for Web isn't available for this browser.",,"O Skype para a Web ainda não está disponível para este browser.",,"None",,"All",,"Skype for Web & Skype for Outlook.com 2016",,""
"Visit Skype.com",,"Visite skype.com",,"None",,"All",,"Skype for Web & Skype for Outlook.com 2016",,""
"We're a bit overloaded right now...",,"Estamos um pouco sobrecarregados neste momento...",,"None",,"All",,"Skype for Web & Skype for Outlook.com 2016",,""
"Hi {NAME}, share this link with friends so they can join the conversation.",,"Olá, {NAME}, partilhe esta ligação com amigos para eles se juntarem à conversa.",,"None",,"All",,"Skype for Web & Skype for Outlook.com 2016",,""
"Welcome to Skype for Web",,"Bem-vindo ao Skype para a Web",,"None",,"All",,"Skype for Web & Skype for Outlook.com 2016",,""
"You’ll need a plugin to make Skype calls",,"Precisa de um plug-in para fazer chamadas Skype",,"None",,"All",,"Skype for Web & Skype for Outlook.com 2016",,""
