﻿PERMISSION NOTICE

The Microsoft “Terms of Use” (available at the www.microsoft.com website) govern all glossary terms in this document (“Glossary Terms”).  The following supplemental terms and conditions also apply.  If there is any conflict between the Terms of Use and the following terms and conditions, the following terms and conditions will take
Precedence over the Terms of Use.
         
1. No part of the Glossary Terms may be reproduced, adapted, distributed, or transmitted in any form or by any means, electronic, mechanical, or otherwise, including photocopying and entry into an information storage and/or retrieval system, for any purpose without the prior express consent of Microsoft Corporation. 

2. You may use the Glossary Terms in the development of any application software and you may also use the Glossary Terms for personal or non-commercial purposes only without the prior written consent of Microsoft Corporation, and only if all copies contain this Permission Notice and the Microsoft copyright notice in the Terms of Use.         
                                                                                                                                
3. You are not permitted to make any modifications, deletions or additions to the Glossary Terms.
 
4. Except as expressly set forth above, Microsoft’s publication of the Glossary Terms does not grant any rights to use, distribute, or implement any technology or intellectual property rights. All rights not expressly granted herein are expressly reserved by Microsoft.
"Source Term",,"Translation",,"String Category",,"Platform",,"Product",,"Version"
"Video problem",,"Problema de vídeo",,"None",,"All",,"Skype for Surface RT",,""
"Video problem. Send audio/video from your last call plus logs.",,"Problema de vídeo. Enviar áudio/vídeo e registos da sua última chamada.",,"None",,"All",,"Skype for Surface RT",,""
"I accept the terms and conditions",,"Aceito os termos e condições",,"None",,"All",,"Skype for Surface RT",,""
"{0} - Press enter or space for call controls",,"{0} - Prima Enter ou a barra de espaços para aceder aos controlos de chamada",,"None",,"All",,"Skype for Surface RT",,""
"Call",,"Chamada",,"None",,"All",,"Skype for Surface RT",,""
"Add all invitees",,"Adicionar todos os convidados",,"None",,"All",,"Skype for Surface RT",,""
"All Invitees",,"Todos os Convidados",,"None",,"All",,"Skype for Surface RT",,""
"Add",,"Adicionar",,"None",,"All",,"Skype for Surface RT",,""
"People",,"Pessoas",,"None",,"All",,"Skype for Surface RT",,""
"Find someone or dial a number",,"Localizar alguém/marcar número",,"None",,"All",,"Skype for Surface RT",,""
"Add online participants",,"Adicionar participantes online",,"None",,"All",,"Skype for Surface RT",,""
"Admit all",,"Admitir todos",,"None",,"All",,"Skype for Surface RT",,""
"Admit",,"Admitir",,"None",,"All",,"Skype for Surface RT",,""
"1 of {0}:",,"1 de {0}:",,"None",,"All",,"Skype for Surface RT",,""
"Allow",,"Permitir",,"None",,"All",,"Skype for Surface RT",,""
"Allow this participant into the meeting",,"Permitir o acesso deste participante à reunião",,"None",,"All",,"Skype for Surface RT",,""
"Content",,"Conteúdo",,"None",,"All",,"Skype for Surface RT",,""
"New messages",,"Novas mensagens",,"None",,"All",,"Skype for Surface RT",,""
"Message",,"Mensagem",,"None",,"All",,"Skype for Surface RT",,""
"Roster",,"Lista",,"None",,"All",,"Skype for Surface RT",,""
"Join {0} scheduled meeting {1}",,"Participar na reunião agendada {0}: {1}",,"None",,"All",,"Skype for Surface RT",,""
"Back",,"Anterior",,"None",,"All",,"Skype for Surface RT",,""
"Attendee",,"Participante",,"None",,"All",,"Skype for Surface RT",,""
"Send audio from your last call plus logs",,"Enviar áudio e registos da sua última chamada",,"None",,"All",,"Skype for Surface RT",,""
"Audio problem",,"Problema de áudio",,"None",,"All",,"Skype for Surface RT",,""
"Audio problem. Send audio from your last call plus logs.",,"Problema de áudio. Enviar áudio e registos da sua última chamada.",,"None",,"All",,"Skype for Surface RT",,""
"Auto Camera Switching",,"Mudança de Câmara Automática",,"None",,"All",,"Skype for Surface RT",,""
"Your device isn’t set up for email. Please contact your support team.",,"O e-mail não está configurado no dispositivo. Contacte a sua equipa de apoio ao cliente.",,"None",,"All",,"Skype for Surface RT",,""
"Nothing's scheduled for the rest of the day.",,"Não tem compromissos agendados para o resto do dia.",,"None",,"All",,"Skype for Surface RT",,""
"Getting your calendar…",,"A obter o seu calendário…",,"None",,"All",,"Skype for Surface RT",,""
"Calendar is unavailable",,"O calendário não está disponível",,"None",,"All",,"Skype for Surface RT",,""
"Call Ended",,"Chamada Terminada",,"None",,"All",,"Skype for Surface RT",,""
"This call is on hold.",,"A chamada está em espera.",,"None",,"All",,"Skype for Surface RT",,""
"The network quality isn't great",,"A qualidade da rede é fraca",,"None",,"All",,"Skype for Surface RT",,""
"The network quality is pretty bad",,"A qualidade da rede é bastante má",,"None",,"All",,"Skype for Surface RT",,""
"The network quality is good",,"A qualidade da rede é boa",,"None",,"All",,"Skype for Surface RT",,""
"Camera options",,"Opções da câmara",,"None",,"All",,"Skype for Surface RT",,""
"Cancel",,"Cancelar",,"None",,"All",,"Skype for Surface RT",,""
"Center Camera Only",,"Câmara Central Apenas",,"None",,"All",,"Skype for Surface RT",,""
"Chat Input conversation with zero participants||Chat Input conversation with one participant||Chat Input conversation with {0} participants",,"Conversa de Entrada de Chat sem participantes||Conversa de Entrada de Chat com um participante||Conversa de Entrada de Chat com {0} participantes",,"None",,"All",,"Skype for Surface RT",,""
"Type a message here",,"Escreva uma mensagem aqui",,"None",,"All",,"Skype for Surface RT",,""
"Chat conversation pane updated",,"Painel da conversa do Chat atualizado",,"None",,"All",,"Skype for Surface RT",,""
"Check in all local participants",,"Dar entrada a todos os participantes locais",,"None",,"All",,"Skype for Surface RT",,""
"Expand or collapse the participants who have not yet joined the meeting or left the meeting",,"Expandir ou fechar os participantes que ainda não entraram ou que saíram da reunião",,"None",,"All",,"Skype for Surface RT",,""
"Clear search",,"Limpar pesquisa",,"None",,"All",,"Skype for Surface RT",,""
"Tap to close meeting details",,"Toque para fechar os detalhes da reunião",,"None",,"All",,"Skype for Surface RT",,""
"{0} is Presenting PowerPoint",,"{0} está a Apresentar um PowerPoint",,"None",,"All",,"Skype for Surface RT",,""
"{0} is Presenting",,"{0} está a Apresentar",,"None",,"All",,"Skype for Surface RT",,""
"Coming soon...",,"Brevemente...",,"None",,"All",,"Skype for Surface RT",,""
"Content and gallery",,"Vista de conteúdo e de galeria",,"None",,"All",,"Skype for Surface RT",,""
"{0}, meeting details",,"{0}, detalhes da reunião",,"None",,"All",,"Skype for Surface RT",,""
"PowerPoint content: {0}, {1}",,"Conteúdo de PowerPoint: {0}, {1}",,"None",,"All",,"Skype for Surface RT",,""
"Screen presentation, {0}",,"Apresentação de ecrã, {0}",,"None",,"All",,"Skype for Surface RT",,""
"Content PIN: {0}",,"PIN do Conteúdo: {0}",,"None",,"All",,"Skype for Surface RT",,""
"Enter this PIN on the {0} device to see content in your meeting.",,"Introduza este PIN no dispositivo {0} para ver o conteúdo na sua reunião.",,"None",,"All",,"Skype for Surface RT",,""
"Meeting: {0}",,"Reunião: {0}",,"None",,"All",,"Skype for Surface RT",,""
"Organizer: {0}",,"Organizador: {0}",,"None",,"All",,"Skype for Surface RT",,""
"Content PIN for {0}",,"PIN do Conteúdo para {0}",,"None",,"All",,"Skype for Surface RT",,""
"is now presenting Desktop.",,"está agora a apresentar o Ambiente de trabalho.",,"None",,"All",,"Skype for Surface RT",,""
"has stopped presenting",,"parou de apresentar",,"None",,"All",,"Skype for Surface RT",,""
"Connecting...",,"A ligar...",,"None",,"All",,"Skype for Surface RT",,""
"Retry",,"Tentar novamente",,"None",,"All",,"Skype for Surface RT",,""
"Presentation has stopped because of problems connecting to Skype server.",,"A apresentação foi interrompida devido a problemas de ligação ao servidor do Skype.",,"None",,"All",,"Skype for Surface RT",,""
"Content",,"Vista de conteúdo",,"None",,"All",,"Skype for Surface RT",,""
"Content With Video",,"Conteúdo com Vídeo",,"None",,"All",,"Skype for Surface RT",,""
"We couldn’t join you to the meeting.",,"Não foi possível participar na reunião.",,"None",,"All",,"Skype for Surface RT",,""
"You weren't admitted into the meeting. Please try joining again.",,"Não foi admitido na reunião. Tente participar novamente.",,"None",,"All",,"Skype for Surface RT",,""
"Deny all",,"Negar todos",,"None",,"All",,"Skype for Surface RT",,""
"Deny",,"Negar",,"None",,"All",,"Skype for Surface RT",,""
"Deny this participant from the meeting",,"Negar o acesso deste participante à reunião",,"None",,"All",,"Skype for Surface RT",,""
"Close",,"Fechar",,"None",,"All",,"Skype for Surface RT",,""
"DTMF dialpad",,"Teclado de telefone DTMF",,"None",,"All",,"Skype for Surface RT",,""
"I'm done",,"Concluído",,"None",,"All",,"Skype for Surface RT",,""
"Backspace",,"Tecla de retrocesso",,"None",,"All",,"Skype for Surface RT",,""
"Call",,"Ligar",,"None",,"All",,"Skype for Surface RT",,""
"Pound",,"Cardinal",,"None",,"All",,"Skype for Surface RT",,""
"Zero",,"Zero",,"None",,"All",,"Skype for Surface RT",,""
"One",,"Um",,"None",,"All",,"Skype for Surface RT",,""
"Two",,"Dois",,"None",,"All",,"Skype for Surface RT",,""
"Three",,"Três",,"None",,"All",,"Skype for Surface RT",,""
"Four",,"Quatro",,"None",,"All",,"Skype for Surface RT",,""
"Five",,"Cinco",,"None",,"All",,"Skype for Surface RT",,""
"Six",,"Seis",,"None",,"All",,"Skype for Surface RT",,""
"Seven",,"Sete",,"None",,"All",,"Skype for Surface RT",,""
"Eight",,"Oito",,"None",,"All",,"Skype for Surface RT",,""
"Nine",,"Nove",,"None",,"All",,"Skype for Surface RT",,""
"Dial a number",,"Marque um número",,"None",,"All",,"Skype for Surface RT",,""
"Star",,"Estrela",,"None",,"All",,"Skype for Surface RT",,""
"Join Meeting",,"Participar na Reunião",,"None",,"All",,"Skype for Surface RT",,""
"Leave Meeting",,"Sair da reunião",,"None",,"All",,"Skype for Surface RT",,""
"Add a message",,"Adicionar uma mensagem",,"None",,"All",,"Skype for Surface RT",,""
"Attachment {0}, {1}",,"Anexo {0}, {1}",,"None",,"All",,"Skype for Surface RT",,""
"Attachments:",,"Anexos:",,"None",,"All",,"Skype for Surface RT",,""
"Email the Content PIN to someone in the meeting",,"Enviar o PIN do Conteúdo por e-mail a alguém na reunião",,"None",,"All",,"Skype for Surface RT",,""
"Send",,"Enviar",,"None",,"All",,"Skype for Surface RT",,""
"Send a Content PIN",,"Enviar um PIN de Conteúdo",,"None",,"All",,"Skype for Surface RT",,""
"Shared from {0}",,"Partilhado a partir de {0}",,"None",,"All",,"Skype for Surface RT",,""
"Email has been disabled by policy.",,"Os emails foram desativados pela política.",,"None",,"All",,"Skype for Surface RT",,""
"We couldn't attach any files.",,"Não foi possível anexar qualquer ficheiro.",,"None",,"All",,"Skype for Surface RT",,""
"We couldn’t send your email.",,"Não foi possível enviar o seu e-mail.",,"None",,"All",,"Skype for Surface RT",,""
"You can't send email now because of an internal error.",,"Não é possível enviar um e-mail agora devido a um erro interno.",,"None",,"All",,"Skype for Surface RT",,""
"Your device isn’t set up for email. Please contact your support team.",,"O e-mail não está configurado no dispositivo. Contacte a sua equipa de suporte.",,"None",,"All",,"Skype for Surface RT",,""
"We need to know who to send this to. Make sure you enter at least one name.",,"É necessário saber o destinatário da mensagem. Introduza, pelo menos, um nome.",,"None",,"All",,"Skype for Surface RT",,""
"We can't send your email due to an error.",,"Não é possível enviar o e-mail devido a um erro.",,"None",,"All",,"Skype for Surface RT",,""
"You can't send email now because your device isn't connected to the Internet.",,"Não é possível enviar um e-mail agora porque o seu dispositivo não está ligado à Internet.",,"None",,"All",,"Skype for Surface RT",,""
"The data shared by the source app couldn’t be loaded.",,"Não foi possível carregar os dados partilhados pela aplicação de origem.",,"None",,"All",,"Skype for Surface RT",,""
"Error: {0}",,"Erro: {0}",,"None",,"All",,"Skype for Surface RT",,""
"Image",,"Imagem",,"None",,"All",,"Skype for Surface RT",,""
"Subject",,"Assunto",,"None",,"All",,"Skype for Surface RT",,""
"Subject:",,"Assunto:",,"None",,"All",,"Skype for Surface RT",,""
"To:",,"Para:",,"None",,"All",,"Skype for Surface RT",,""
"Some attachments may be too large to send in email. Check that this email is received before ending your meeting.",,"Alguns anexos podem ser demasiado grandes para enviar por e-mail. Confirme a receção deste e-mail antes de terminar a reunião.",,"None",,"All",,"Skype for Surface RT",,""
"We couldn't attach all the files.",,"Não foi possível anexar todos os ficheiros.",,"None",,"All",,"Skype for Surface RT",,""
"Some data shared by the source app couldn't be loaded.",,"Não foi possível carregar alguns dados partilhados pela aplicação de origem.",,"None",,"All",,"Skype for Surface RT",,""
"Warning: {0}",,"Aviso: {0}",,"None",,"All",,"Skype for Surface RT",,""
"Hang up",,"Desligar",,"None",,"All",,"Skype for Surface RT",,""
"Enter Content PIN",,"Introduza o PIN de Conteúdo",,"None",,"All",,"Skype for Surface RT",,""
"To continue, enter the Content PIN.",,"Para continuar, introduza o PIN do Conteúdo.",,"None",,"All",,"Skype for Surface RT",,""
"Even if you have a PIN, we need to send you a new one. This is to protect your info.",,"Mesmo que já tenha um PIN, é necessário enviar-lhe um novo para proteger as suas informações.",,"None",,"All",,"Skype for Surface RT",,""
"Exit Full Screen View",,"Sair da Vista de Ecrã Inteiro",,"None",,"All",,"Skype for Surface RT",,""
"Exit Lobby",,"Sair da Sala de Espera",,"None",,"All",,"Skype for Surface RT",,""
"Files:",,"Ficheiros:",,"None",,"All",,"Skype for Surface RT",,""
"See console",,"Veja a consola",,"None",,"All",,"Skype for Surface RT",,""
"Please see console for Privacy Disclaimer.",,"Veja a consola para consultar a Declaração de Privacidade.",,"None",,"All",,"Skype for Surface RT",,""
"Full Screen Content",,"Conteúdo de Ecrã Inteiro",,"None",,"All",,"Skype for Surface RT",,""
"Full Screen Video",,"Vídeo de Ecrã Inteiro",,"None",,"All",,"Skype for Surface RT",,""
"Full Screen View",,"Vista de ecrã inteiro",,"None",,"All",,"Skype for Surface RT",,""
"Gallery",,"Vista de galeria",,"None",,"All",,"Skype for Surface RT",,""
"Dismiss alert",,"Ignorar alerta",,"None",,"All",,"Skype for Surface RT",,""
"General problem",,"Problema geral",,"None",,"All",,"Skype for Surface RT",,""
"Send Skype for Business logs (includes some personal info)",,"Enviar registos do Skype para Empresas (inclui algumas informações pessoais)",,"None",,"All",,"Skype for Surface RT",,""
"Get a Content PIN",,"Obter um PIN do Conteúdo",,"None",,"All",,"Skype for Surface RT",,""
"Give Feedback",,"Enviar comentários",,"None",,"All",,"Skype for Surface RT",,""
"Hanging up",,"Desligar",,"None",,"All",,"Skype for Surface RT",,""
"Turning camera off",,"Desligar a câmara",,"None",,"All",,"Skype for Surface RT",,""
"Muting microphone",,"Microfone sem som",,"None",,"All",,"Skype for Surface RT",,""
"Turning camera on",,"Ligar a câmara",,"None",,"All",,"Skype for Surface RT",,""
"Starting desktop sharing",,"Iniciar partilha de ambiente de trabalho",,"None",,"All",,"Skype for Surface RT",,""
"Ending desktop sharing",,"Terminar partilha de ambiente de trabalho",,"None",,"All",,"Skype for Surface RT",,""
"Un-muting microphone",,"Microfone com som",,"None",,"All",,"Skype for Surface RT",,""
"Sending IMs has been disabled by policy.",,"O envio de MI foi desativado pela política.",,"None",,"All",,"Skype for Surface RT",,""
"In Lobby Participant Group",,"Grupo de participantes na sala de espera",,"None",,"All",,"Skype for Surface RT",,""
"In Lobby",,"Na sala de espera",,"None",,"All",,"Skype for Surface RT",,""
"Answer",,"Atender",,"None",,"All",,"Skype for Surface RT",,""
"is inviting you to a conference call",,"está a convidá-lo para uma chamada de conferência",,"None",,"All",,"Skype for Surface RT",,""
"Reject",,"Rejeitar",,"None",,"All",,"Skype for Surface RT",,""
"Invite more people",,"Convidar mais pessoas",,"None",,"All",,"Skype for Surface RT",,""
"Invitees",,"Convidados",,"None",,"All",,"Skype for Surface RT",,""
"0||{0} kb",,"0||{0} kb",,"None",,"All",,"Skype for Surface RT",,""
"Layout",,"Esquema",,"None",,"All",,"Skype for Surface RT",,""
"Pick the display layout",,"Selecione o esquema de apresentação",,"None",,"All",,"Skype for Surface RT",,""
"Left Camera Only",,"Apenas Câmara Esquerda",,"None",,"All",,"Skype for Surface RT",,""
"Hello. You're in our virtual lobby. Please wait to be admitted. If you have permissions, you can join from another device and admit the meeting room.",,"Olá. Está na nossa sala de espera virtual. Aguarde até ser admitido. Se tiver permissões, pode participar a partir de outro dispositivo e adicionar a sala de reuniões.",,"None",,"All",,"Skype for Surface RT",,""
"Allow All",,"Permitir todos",,"None",,"All",,"Skype for Surface RT",,""
"Allow all participants into the meeting",,"Permitir o acesso de todos os participantes à reunião",,"None",,"All",,"Skype for Surface RT",,""
"Deny All",,"Negar todos",,"None",,"All",,"Skype for Surface RT",,""
"Deny all participants from the meeting",,"Negar o acesso de todos os participantes à reunião",,"None",,"All",,"Skype for Surface RT",,""
"Meeting Lobby",,"Sala de Espera de Reuniões",,"None",,"All",,"Skype for Surface RT",,""
"Hello. You're in our virtual lobby. Please wait to be admitted.",,"Olá. Está na nossa sala de espera virtual. Aguarde até ser admitido.",,"None",,"All",,"Skype for Surface RT",,""
"If you have permissions, you can join from another device and admit the meeting room.",,"Se tiver permissões, pode participar a partir de outro dispositivo e adicionar a sala de reuniões.",,"None",,"All",,"Skype for Surface RT",,""
"Lobby",,"Sala de espera",,"None",,"All",,"Skype for Surface RT",,""
"Room video",,"Vídeo da sala",,"None",,"All",,"Skype for Surface RT",,""
"Lock the Video Spotlight",,"Bloquear o Vídeo em Destaque",,"None",,"All",,"Skype for Surface RT",,""
"Lock the Video Spotlight menu item",,"Bloquear o item de menu Vídeo em Destaque",,"None",,"All",,"Skype for Surface RT",,""
"Make a phone call",,"Efetuar uma chamada telefónica",,"None",,"All",,"Skype for Surface RT",,""
"Make an Attendee",,"Tornar Participante",,"None",,"All",,"Skype for Surface RT",,""
"Make an Attendee menu item",,"Item de menu Tornar Participante",,"None",,"All",,"Skype for Surface RT",,""
"Skype for Business",,"Skype para Empresas",,"None",,"All",,"Skype for Surface RT",,""
"Email",,"E-mail",,"None",,"All",,"Skype for Surface RT",,""
"Send audio/video from your last call plus logs",,"Enviar áudio/vídeo e registos da sua última chamada",,"None",,"All",,"Skype for Surface RT",,""
"No one answered.",,"Ninguém respondeu.",,"None",,"All",,"Skype for Surface RT",,""
"Meet Now",,"Participar agora",,"None",,"All",,"Skype for Surface RT",,""
"There's no content in this meeting.",,"Não existe conteúdo nesta reunião.",,"None",,"All",,"Skype for Surface RT",,""
"Attachments",,"Anexos",,"None",,"All",,"Skype for Surface RT",,""
"There's no content in this meeting. Presented PowerPoint files will show up here.",,"Não existe conteúdo nesta reunião. Os ficheiros de PowerPoint apresentados aparecem aqui.",,"None",,"All",,"Skype for Surface RT",,""
"There's no content in this meeting.\r\n\r\nPresented PowerPoint files will show up here.",,"Não há conteúdo nesta reunião.\r\n\r\nOs ficheiros de PowerPoint apresentados aparecem aqui.",,"None",,"All",,"Skype for Surface RT",,""
"Join",,"Participar",,"None",,"All",,"Skype for Surface RT",,""
""Select to join ""{0}"" meeting"",,""Selecione para participar na reunião ""{0}"""",,"None",,"All",,"Skype for Surface RT",,""
"Redial",,"Marcar novamente",,"None",,"All",,"Skype for Surface RT",,""
""Redial ""{0}"""",,""Ligue novamente para ""{0}"""",,"None",,"All",,"Skype for Surface RT",,""
""Select to redial ""{0}"""",,""Selecione para ligar novamente para ""{0}"""",,"None",,"All",,"Skype for Surface RT",,""
"Refresh",,"Atualizar",,"None",,"All",,"Skype for Surface RT",,""
"Select to refresh the calendar",,"Selecione para atualizar o calendário",,"None",,"All",,"Skype for Surface RT",,""
"Rejoin",,"Voltar a aderir",,"None",,"All",,"Skype for Surface RT",,""
""Rejoin ""{0}"""",,""Participe novamente em ""{0}"""",,"None",,"All",,"Skype for Surface RT",,""
""Select to rejoin ""{0}"" meeting"",,""Selecione para participar novamente na reunião ""{0}"""",,"None",,"All",,"Skype for Surface RT",,""
"Rejoin last meeting",,"Participar novamente na última reunião",,"None",,"All",,"Skype for Surface RT",,""
"Select to rejoin last meeting",,"Selecione para participar novamente na última reunião",,"None",,"All",,"Skype for Surface RT",,""
"Hold",,"Colocar em espera",,"None",,"All",,"Skype for Surface RT",,""
"JOIN",,"PARTICIPAR",,"None",,"All",,"Skype for Surface RT",,""
"The call is on hold.",,"A chamada está em espera.",,"None",,"All",,"Skype for Surface RT",,""
"RESUME",,"RETOMAR",,"None",,"All",,"Skype for Surface RT",,""
"Resume",,"Retomar",,"None",,"All",,"Skype for Surface RT",,""
"Connecting…",,"A ligar…",,"None",,"All",,"Skype for Surface RT",,""
"Add comments",,"Adicionar comentários",,"None",,"All",,"Skype for Surface RT",,""
"Files",,"Ficheiros",,"None",,"All",,"Skype for Surface RT",,""
"No",,"Não",,"None",,"All",,"Skype for Surface RT",,""
"Meeting files from {0}",,"Ficheiros de reunião de {0}",,"None",,"All",,"Skype for Surface RT",,""
"Want to email your unsaved files?",,"Prretende enviar os seus ficheiros não guardados por e-mail?",,"None",,"All",,"Skype for Surface RT",,""
"Yes",,"Sim",,"None",,"All",,"Skype for Surface RT",,""
"Conversation",,"Conversa",,"None",,"All",,"Skype for Surface RT",,""
"0||{0} mb",,"0||{0} mb",,"None",,"All",,"Skype for Surface RT",,""
"Messages",,"Mensagens",,"None",,"All",,"Skype for Surface RT",,""
"Open more options",,"Abrir mais opções",,"None",,"All",,"Skype for Surface RT",,""
"We found too many matches to show them all. Refine your search.",,"Demasiadas correspondências para mostrar todas. Refina a sua pesquisa.",,"None",,"All",,"Skype for Surface RT",,""
"Mute all online participants",,"Desativar o som de todos os participantes online",,"None",,"All",,"Skype for Surface RT",,""
"Mute Mic",,"Microfone sem Som",,"None",,"All",,"Skype for Surface RT",,""
"Mute Participant",,"Desativar o som do Participante",,"None",,"All",,"Skype for Surface RT",,""
"Mute participant",,"Desativar Som do Participante",,"None",,"All",,"Skype for Surface RT",,""
"Need a Content PIN?",,"Precisa de um PIN do Conteúdo?",,"None",,"All",,"Skype for Surface RT",,""
"We need to send you a Content PIN.",,"Precisamos de lhe enviar um PIN do Conteúdo.",,"None",,"All",,"Skype for Surface RT",,""
"No new messages||1 new message||{0} new messages",,"Sem novas mensagens||1 nova mensagem||{0} novas mensagens",,"None",,"All",,"Skype for Surface RT",,""
"Next",,"Seguinte",,"None",,"All",,"Skype for Surface RT",,""
"No results were found.",,"Não foram encontrados resultados.",,"None",,"All",,"Skype for Surface RT",,""
"Participants who have not yet joined or have left the meeting",,"Participantes que ainda não entraram ou que saíram da reunião",,"None",,"All",,"Skype for Surface RT",,""
"Not Yet Joined",,"Ainda não entraram",,"None",,"All",,"Skype for Surface RT",,""
"Notes",,"Notas",,"None",,"All",,"Skype for Surface RT",,""
"No Participants||1 Participant||{0} Participants",,"Sem Participantes||1 Participante||{0} Participantes",,"None",,"All",,"Skype for Surface RT",,""
"Show other participants",,"Mostrar outros participantes",,"None",,"All",,"Skype for Surface RT",,""
"OK",,"OK",,"None",,"All",,"Skype for Surface RT",,""
"Online participants",,"Participantes online",,"None",,"All",,"Skype for Surface RT",,""
"Online",,"Online",,"None",,"All",,"Skype for Surface RT",,""
"See scheduled meetings",,"Ver as reuniões agendadas",,"None",,"All",,"Skype for Surface RT",,""
"More options menu",,"Menu Mais opções",,"None",,"All",,"Skype for Surface RT",,""
"That PIN didn’t work. Please try again.",,"Esse PIN está incorreto. Tente novamente.",,"None",,"All",,"Skype for Surface RT",,""
"Clear",,"Limpar",,"None",,"All",,"Skype for Surface RT",,""
"Send email to {0}, {1}",,"Enviar e-mail para {0}, {1}",,"None",,"All",,"Skype for Surface RT",,""
"mute participant.",,"desativar som do participante.",,"None",,"All",,"Skype for Surface RT",,""
"Mute participant",,"Desativar o som do participante",,"None",,"All",,"Skype for Surface RT",,""
"{0}. You're muted. Press enter to unmute",,"{0}. Tem o som desativado. Prima Enter para ativar o som",,"None",,"All",,"Skype for Surface RT",,""
"{0}. You're unmuted. Press enter to mute",,"{0}. Tem o som ativado. Prima Enter para desativar o som",,"None",,"All",,"Skype for Surface RT",,""
"Muted",,"Som desativado",,"None",,"All",,"Skype for Surface RT",,""
"None",,"Nenhum",,"None",,"All",,"Skype for Surface RT",,""
"Not In Call",,"Não se Encontra em Chamada",,"None",,"All",,"Skype for Surface RT",,""
"On Hold",,"Em Espera",,"None",,"All",,"Skype for Surface RT",,""
"Outgoing",,"A Efetuar Chamada",,"None",,"All",,"Skype for Surface RT",,""
"Ringing",,"A Tocar",,"None",,"All",,"Skype for Surface RT",,""
"Transferring",,"A Transferir",,"None",,"All",,"Skype for Surface RT",,""
"Unmuted",,"Som ativado",,"None",,"All",,"Skype for Surface RT",,""
"unmute participant.",,"ativar som do participante.",,"None",,"All",,"Skype for Surface RT",,""
"Unmute participant",,"Ativar o som do participante",,"None",,"All",,"Skype for Surface RT",,""
"{0}'s video",,"Vídeo de {0}",,"None",,"All",,"Skype for Surface RT",,""
"Stop Video",,"Parar Vídeo",,"None",,"All",,"Skype for Surface RT",,""
"Stop Video",,"Parar vídeo",,"None",,"All",,"Skype for Surface RT",,""
"Room Video Preview",,"Pré-visualização do vídeo da sala",,"None",,"All",,"Skype for Surface RT",,""
"Room Video",,"Vídeo da sala",,"None",,"All",,"Skype for Surface RT",,""
"Start Video",,"Iniciar vídeo",,"None",,"All",,"Skype for Surface RT",,""
"Poll",,"Inquérito",,"None",,"All",,"Skype for Surface RT",,""
"Slide {0}",,"Diapositivo {0}",,"None",,"All",,"Skype for Surface RT",,""
"PowerPoint",,"PowerPoint",,"None",,"All",,"Skype for Surface RT",,""
"Present Screen",,"Apresentar o Ecrã",,"None",,"All",,"Skype for Surface RT",,""
"Presented Content",,"Conteúdo Apresentado",,"None",,"All",,"Skype for Surface RT",,""
"Presenter",,"Apresentador",,"None",,"All",,"Skype for Surface RT",,""
"Room Video",,"Vídeo da Sala",,"None",,"All",,"Skype for Surface RT",,""
"Previous",,"Anterior",,"None",,"All",,"Skype for Surface RT",,""
"Privacy Disclaimer",,"Declaração de Privacidade",,"None",,"All",,"Skype for Surface RT",,""
"What kind of feedback do you want to give?",,"Que tipo de feedback pretende dar?",,"None",,"All",,"Skype for Surface RT",,""
"Private meeting",,"Reunião privada",,"None",,"All",,"Skype for Surface RT",,""
"Privately viewing: {0}",,"A visualizar em modo privado: {0}",,"None",,"All",,"Skype for Surface RT",,""
"Make a Presenter",,"Tornar Apresentador",,"None",,"All",,"Skype for Surface RT",,""
"Make a Presenter menu item",,"Item de menu Tornar Apresentador",,"None",,"All",,"Skype for Surface RT",,""
"Q and A",,"Perguntas e Respostas",,"None",,"All",,"Skype for Surface RT",,""
"Q & A",,"Perguntas e Respostas",,"None",,"All",,"Skype for Surface RT",,""
"This meeting is being recorded.",,"Esta reunião está a ser gravada.",,"None",,"All",,"Skype for Surface RT",,""
"Rejoin Meeting",,"Voltar a Participar na Reunião",,"None",,"All",,"Skype for Surface RT",,""
"Remove",,"Remover",,"None",,"All",,"Skype for Surface RT",,""
"Remove {0}",,"Remover {0}",,"None",,"All",,"Skype for Surface RT",,""
"Remove from Meeting",,"Remover da Reunião",,"None",,"All",,"Skype for Surface RT",,""
"Remove from Meeting menu item",,"Item de menu Remover da Reunião",,"None",,"All",,"Skype for Surface RT",,""
"Resume call",,"Retomar chamada",,"None",,"All",,"Skype for Surface RT",,""
"Return to presenter view",,"Regressar à vista do apresentador",,"None",,"All",,"Skype for Surface RT",,""
"Accept",,"Aceitar",,"None",,"All",,"Skype for Surface RT",,""
"Continue and accept the disclaimer to join the meeting",,"Continuar e aceitar a declaração para participar na reunião",,"None",,"All",,"Skype for Surface RT",,""
"Decline",,"Rejeitar",,"None",,"All",,"Skype for Surface RT",,""
"Decline, do not accept the disclaimer and do not join the meeting",,"Rejeitar, não aceitar a exclusão de responsabilidade e não participar na reunião",,"None",,"All",,"Skype for Surface RT",,""
"Message from {0}, {1}",,"Mensagem de {0}: {1}",,"None",,"All",,"Skype for Surface RT",,""
"Sent message, {0}",,"Mensagem enviada, {0}",,"None",,"All",,"Skype for Surface RT",,""
"Press the Share button on the console to share this screen",,"Prima o botão Partilhar na consola para partilhar este ecrã",,"None",,"All",,"Skype for Surface RT",,""
"You are currently presenting your screen.",,"Atualmente, está a apresentar o seu ecrã.",,"None",,"All",,"Skype for Surface RT",,""
"Starting...",,"A iniciar...",,"None",,"All",,"Skype for Surface RT",,""
"Stopping...",,"A parar...",,"None",,"All",,"Skype for Surface RT",,""
"Right Camera Only",,"Câmara Direita Apenas",,"None",,"All",,"Skype for Surface RT",,""
"{0} is presenting {1} content, but you won’t be able to see it on this device.",,"{0} está a apresentar conteúdo {1}, mas não poderá vê-lo neste dispositivo.",,"None",,"All",,"Skype for Surface RT",,""
"No one is presenting.",,"Ninguém está a apresentar.",,"None",,"All",,"Skype for Surface RT",,""
"{0} is presenting content, but you won’t be able to see it on this device.",,"{0} está a apresentar conteúdo, mas não poderá vê-lo neste dispositivo.",,"None",,"All",,"Skype for Surface RT",,""
"Screen",,"Ecrã",,"None",,"All",,"Skype for Surface RT",,""
"Stop Presenting",,"Parar de apresentar",,"None",,"All",,"Skype for Surface RT",,""
"Present Screen",,"Apresentar ecrã",,"None",,"All",,"Skype for Surface RT",,""
"Search or type contact email address",,"Pesquisar ou escrever o endereço de e-mail do contacto",,"None",,"All",,"Skype for Surface RT",,""
"An error occurred while searching.",,"Ocorreu um erro ao pesquisar.",,"None",,"All",,"Skype for Surface RT",,""
"Search results pane updated",,"Painel de resultados da pesquisa atualizado",,"None",,"All",,"Skype for Surface RT",,""
"Search for someone",,"Procurar alguém",,"None",,"All",,"Skype for Surface RT",,""
"Invite",,"Convidar",,"None",,"All",,"Skype for Surface RT",,""
"Searching ...",,"A pesquisar...",,"None",,"All",,"Skype for Surface RT",,""
"Searching",,"A pesquisar",,"None",,"All",,"Skype for Surface RT",,""
"There are no participants in the lobby||Scroll to see the participant in the lobby||Scroll to see the {0} participants in the lobby",,"Não há participantes na sala de espera||Percorra a lista para ver o participante na sala de espera||Percorra a lista para ver os {0} participantes na sala de espera",,"None",,"All",,"Skype for Surface RT",,""
"Tap to see meeting details",,"Toque para ver os detalhes da reunião",,"None",,"All",,"Skype for Surface RT",,""
"There are no online participants||Scroll to see the online participant||Scroll to see the {0} online participants",,"Não há participantes online||Percorra a lista para ver o participante online||Percorra a lista para ver os participantes {0} online",,"None",,"All",,"Skype for Surface RT",,""
"Send Feedback",,"Enviar Feedback",,"None",,"All",,"Skype for Surface RT",,""
"Send an email",,"Enviar um e-mail",,"None",,"All",,"Skype for Surface RT",,""
"We couldn't sign you in. There might be a problem with your credentials. Please contact your support team.",,"Não foi possível iniciar sessão. Poderá existir um problema com as suas credenciais. Contacte a sua equipa de suporte.",,"None",,"All",,"Skype for Surface RT",,""
"Error code: {0}",,"Código de erro: {0}",,"None",,"All",,"Skype for Surface RT",,""
"We cannot sign you in to Skype for Business. Please contact your support team.",,"Não é possível iniciar sessão no Skype para Empresas. Contacte a sua equipa de suporte.",,"None",,"All",,"Skype for Surface RT",,""
"This device doesn’t have a Skype for Business account.",,"Este dispositivo não tem uma conta do Skype para Empresas.",,"None",,"All",,"Skype for Surface RT",,""
"Sign in failed",,"Falha no ínicio de sessão",,"None",,"All",,"Skype for Surface RT",,""
"The call was disconnected due to network issues.",,"A chamada foi desligada devido a problemas de rede.",,"None",,"All",,"Skype for Surface RT",,""
"Reconnecting...",,"A estabelecer ligação novamente...",,"None",,"All",,"Skype for Surface RT",,""
"The connection to the server was lost.",,"Ligação ao servidor perdida.",,"None",,"All",,"Skype for Surface RT",,""
"We're trying to connect you, but it's taking longer than usual.",,"Estamos a tentar estabelecer a sua ligação, mas está a demorar mais tempo que o normal.",,"None",,"All",,"Skype for Surface RT",,""
"Signing in...",,"A iniciar sessão...",,"None",,"All",,"Skype for Surface RT",,""
"No additional participants||1 additional participant||{0} additional participants",,"Sem participantes adicionais||1 participante adicional||{0} participantes adicionais",,"None",,"All",,"Skype for Surface RT",,""
"Skype for Business - {0}",,"Skype para Empresas - {0}",,"None",,"All",,"Skype for Surface RT",,""
"Skype for Business whiteboard",,"Quadro do Skype para Empresas",,"None",,"All",,"Skype for Surface RT",,""
"Skype Meeting",,"Reunião do Skype",,"None",,"All",,"Skype for Surface RT",,""
"Skype Version: {0}",,"Versão do Skype: {0}",,"None",,"All",,"Skype for Surface RT",,""
"Start a New Call",,"Iniciar uma Nova Chamada",,"None",,"All",,"Skype for Surface RT",,""
"New Call",,"Nova Chamada",,"None",,"All",,"Skype for Surface RT",,""
"Dial a Number",,"Marque um Número",,"None",,"All",,"Skype for Surface RT",,""
"Select to dial a number",,"Selecione para marcar um número",,"None",,"All",,"Skype for Surface RT",,""
"Start a Skype Meeting",,"Começar uma Reunião do Skype",,"None",,"All",,"Skype for Surface RT",,""
"Select to start a Skype meeting",,"Selecione para começar uma reunião do Skype",,"None",,"All",,"Skype for Surface RT",,""
"Present Screen",,"Apresentar Ecrã",,"None",,"All",,"Skype for Surface RT",,""
"Start desktop sharing button, your desktop is not shared||Stop desktop sharing button, your desktop is currently shared",,"Botão Iniciar partilha do ambiente de trabalho, o seu ambiente de trabalho não está a ser partilhado||Botão Parar partilha do ambiente de trabalho, o seu ambiente de trabalho está a ser partilhado",,"None",,"All",,"Skype for Surface RT",,""
"Start share button, share is currently inactive||Stop share button, share is currently active",,"Botão Iniciar partilha, a partilha está desativada||Botão Parar partilha, a partilha está ativada",,"None",,"All",,"Skype for Surface RT",,""
"You're presenting your screen.",,"Está a apresentar o seu ecrã.",,"None",,"All",,"Skype for Surface RT",,""
"Stop Presenting PowerPoint",,"Parar a Apresentação de PowerPoint",,"None",,"All",,"Skype for Surface RT",,""
"Stop Presenting",,"Parar de Apresentar",,"None",,"All",,"Skype for Surface RT",,""
"You stopped presenting your screen.",,"Interrompeu a apresentação do seu ecrã.",,"None",,"All",,"Skype for Surface RT",,""
"Suggestion or idea",,"Sugestão ou ideia",,"None",,"All",,"Skype for Surface RT",,""
"Press tab to get participant actions",,"Prima TAB para obter as ações do participante",,"None",,"All",,"Skype for Surface RT",,""
"Take over as presenter",,"Assumir o controlo como apresentador",,"None",,"All",,"Skype for Surface RT",,""
"You're about to stop the current presentation and become the active presenter.",,"Está prestes a parar a apresentação atual e a tornar-se o apresentador ativo.",,"None",,"All",,"Skype for Surface RT",,""
"Tap to present",,"Toque para apresentar",,"None",,"All",,"Skype for Surface RT",,""
"Microsoft Teams Meeting",,"Reunião do Microsoft Teams",,"None",,"All",,"Skype for Surface RT",,""
"Thumbnails",,"Miniaturas",,"None",,"All",,"Skype for Surface RT",,""
"To {0}",,"Para {0}",,"None",,"All",,"Skype for Surface RT",,""
"Mute mic button, your mic is unmuted||Unmute mic button, your mic is muted",,"Botão de microfone sem som, o seu microfone tem o som ativado||Botão de microfone com som, o seu microfone tem o som desativado",,"None",,"All",,"Skype for Surface RT",,""
"{0} and {1}",,"{0} e {1}",,"None",,"All",,"Skype for Surface RT",,""
"Unlock the Video Spotlight",,"Desbloquear o Vídeo em Destaque",,"None",,"All",,"Skype for Surface RT",,""
"Unlock the Video Spotlight menu item",,"Desbloquear o item de menu Vídeo em Destaque",,"None",,"All",,"Skype for Surface RT",,""
"Unmute all online participants",,"Ativar o som de todos os participantes online",,"None",,"All",,"Skype for Surface RT",,""
"Unmute Mic",,"Ativar som do microfone",,"None",,"All",,"Skype for Surface RT",,""
"Unmute Participant",,"Ativar Som do Participante",,"None",,"All",,"Skype for Surface RT",,""
"Video options button, your video is off||Video options button, your video is on",,"Botão de opções de vídeo, o seu vídeo está desligado||Botão de opções de vídeo, o seu vídeo está ligado",,"None",,"All",,"Skype for Surface RT",,""
"More Options",,"Mais Opções",,"None",,"All",,"Skype for Surface RT",,""
"This isn't a Skype meeting. Ask the organizer to make this a Skype Meeting so you can join online.",,"Esta não é uma reunião do Skype. Peça ao organizador para torná-la numa Reunião do Skype para poder participar online.",,"None",,"All",,"Skype for Surface RT",,""
"This isn't a Skype meeting.",,"Não é uma reunião do Skype.",,"None",,"All",,"Skype for Surface RT",,""
"Ask the organizer to make this a Skype Meeting so you can join online.",,"Peça ao organizador para torná-la numa Reunião do Skype para poder participar online.",,"None",,"All",,"Skype for Surface RT",,""
"Send Request",,"Enviar Pedido",,"None",,"All",,"Skype for Surface RT",,""
"You can join the meeting now.",,"Pode participar na reunião agora.",,"None",,"All",,"Skype for Surface RT",,""
"Looks like you're the only one on the call.",,"Parece que é a única pessoa na chamada.",,"None",,"All",,"Skype for Surface RT",,""
"You are not in a call",,"Não está numa chamada",,"None",,"All",,"Skype for Surface RT",,""
"To protect your info, you need the PIN to see meeting content.",,"Para proteger as suas informações, precisa do PIN para ver o conteúdo da reunião.",,"None",,"All",,"Skype for Surface RT",,""
"You have left the meeting",,"Saiu da reunião",,"None",,"All",,"Skype for Surface RT",,""
"Who's in the room? Check them in.",,"Quem está na sala? Admita a entrada das pessoas.",,"None",,"All",,"Skype for Surface RT",,""
"Calling...",,"A ligar...",,"None",,"All",,"Skype for Surface RT",,""
