﻿PERMISSION NOTICE

The Microsoft “Terms of Use” (available at the www.microsoft.com website) govern all glossary terms in this document (“Glossary Terms”).  The following supplemental terms and conditions also apply.  If there is any conflict between the Terms of Use and the following terms and conditions, the following terms and conditions will take
Precedence over the Terms of Use.
         
1. No part of the Glossary Terms may be reproduced, adapted, distributed, or transmitted in any form or by any means, electronic, mechanical, or otherwise, including photocopying and entry into an information storage and/or retrieval system, for any purpose without the prior express consent of Microsoft Corporation. 

2. You may use the Glossary Terms in the development of any application software and you may also use the Glossary Terms for personal or non-commercial purposes only without the prior written consent of Microsoft Corporation, and only if all copies contain this Permission Notice and the Microsoft copyright notice in the Terms of Use.         
                                                                                                                                
3. You are not permitted to make any modifications, deletions or additions to the Glossary Terms.
 
4. Except as expressly set forth above, Microsoft’s publication of the Glossary Terms does not grant any rights to use, distribute, or implement any technology or intellectual property rights. All rights not expressly granted herein are expressly reserved by Microsoft.
"Source Term",,"Translation",,"String Category",,"Platform",,"Product",,"Version"
"Data from {0}",,"Dados de {0}",,"Text",,"All",,"Skype Spaces for Web 2016",,""
"Delayed 15 minutes.",,"Adiados 15 minutos.",,"Text",,"All",,"Skype Spaces for Web 2016",,""
"More details",,"Mais detalhes",,"Text",,"All",,"Skype Spaces for Web 2016",,""
"News",,"Notícias",,"Text",,"All",,"Skype Spaces for Web 2016",,""
"No results found.",,"Não foram encontrados resultados.",,"Text",,"All",,"Skype Spaces for Web 2016",,""
"After hours",,"Após o horário de trabalho",,"Text",,"All",,"Skype Spaces for Web 2016",,""
"Percentage change",,"Alteração de percentagem",,"Text",,"All",,"Skype Spaces for Web 2016",,""
"Price change",,"Alteração do preço",,"Text",,"All",,"Skype Spaces for Web 2016",,""
"When",,"Quando",,"Text",,"All",,"Skype Spaces for Web 2016",,""
""<a href=""https://go.microsoft.com/fwlink/?linkid=849660"">Image may be subject to copyright</a>"",,""<a href=""https://go.microsoft.com/fwlink/?linkid=849660"">A imagem poderá estar sujeita a direitos de autor</a>"",,"Text",,"All",,"Skype Spaces for Web 2016",,""
"Image",,"Imagem",,"Text",,"All",,"Skype Spaces for Web 2016",,""
""<a href=""{0}"">View original</a>"",,""<a href=""{0}"">Ver original</a>"",,"Text",,"All",,"Skype Spaces for Web 2016",,""
"Sorry, we couldn't find anything matching your search term.",,"Lamentamos, mas não conseguimos encontrar nenhum conteúdo que corresponda ao seu termo de pesquisa.",,"Text",,"All",,"Skype Spaces for Web 2016",,""
"Information from {0}",,"Informações do {0}",,"Text",,"All",,"Skype Spaces for Web 2016",,""
"Bing Maps",,"Mapas Bing",,"Text",,"All",,"Skype Spaces for Web 2016",,""
"Confirm location",,"Confirme a localização",,"Text",,"All",,"Skype Spaces for Web 2016",,""
"Daily",,"Diariamente",,"Text",,"All",,"Skype Spaces for Web 2016",,""
"{0} to {1}",,"{0} a {1}",,"Text",,"All",,"Skype Spaces for Web 2016",,""
"Directions",,"Direções",,"Text",,"All",,"Skype Spaces for Web 2016",,""
"Hotel",,"Hotel",,"Text",,"All",,"Skype Spaces for Web 2016",,""
"Enter a search term (a business name, landmark, zip code, or city) to get more info",,"Introduza um termo de pesquisa (um nome de empresa, marco, código postal ou localidade) para obter mais informações",,"Text",,"All",,"Skype Spaces for Web 2016",,""
"Local business",,"Empresa local",,"Text",,"All",,"Skype Spaces for Web 2016",,""
"Map of {0}",,"Mapa de {0}",,"Text",,"All",,"Skype Spaces for Web 2016",,""
"Open 24 hours",,"Aberto 24 horas",,"Text",,"All",,"Skype Spaces for Web 2016",,""
"Open 24 hours a day",,"Aberto 24 horas por dia",,"Text",,"All",,"Skype Spaces for Web 2016",,""
"Permanently closed",,"Permanentemente fechado",,"Text",,"All",,"Skype Spaces for Web 2016",,""
"Restaurant",,"Restaurante",,"Text",,"All",,"Skype Spaces for Web 2016",,""
"({0} reviews)",,"({0} críticas)",,"Text",,"All",,"Skype Spaces for Web 2016",,""
"(1 review)",,"(1 crítica)",,"Text",,"All",,"Skype Spaces for Web 2016",,""
"{0}–{1}",,"{0}–{1}",,"Text",,"All",,"Skype Spaces for Web 2016",,""
"Tourist attraction",,"Atração turística",,"Text",,"All",,"Skype Spaces for Web 2016",,""
"Go to website",,"Aceder ao Web site",,"Text",,"All",,"Skype Spaces for Web 2016",,""
"°C",,"°C",,"Text",,"All",,"Skype Spaces for Web 2016",,""
"°F",,"°F",,"Text",,"All",,"Skype Spaces for Web 2016",,""
"Feels like",,"Sensação",,"Text",,"All",,"Skype Spaces for Web 2016",,""
"High / Low temperature",,"Temperatura Alta/Baixa",,"Text",,"All",,"Skype Spaces for Web 2016",,""
"Humidity",,"Humidade",,"Text",,"All",,"Skype Spaces for Web 2016",,""
"Sorry, we couldn't find a forecast for that location.",,"Lamentamos, mas não conseguimos encontrar uma previsão para essa localização.",,"Text",,"All",,"Skype Spaces for Web 2016",,""
"Chance of precipitation",,"Probabilidade de precipitação",,"Text",,"All",,"Skype Spaces for Web 2016",,""
"Wind",,"Vento",,"Text",,"All",,"Skype Spaces for Web 2016",,""
"LIVE",,"EM DIRETO",,"Text",,"All",,"Skype Spaces for Web 2016",,""
"views",,"visualizações",,"Text",,"All",,"Skype Spaces for Web 2016",,""
"watching",,"a ver",,"Text",,"All",,"Skype Spaces for Web 2016",,""
"Places",,"Locais",,"Text",,"All",,"Skype Spaces for Web 2016",,""
"Use this location",,"Utilizar esta localização",,"Text",,"All",,"Skype Spaces for Web 2016",,""
"We need your location in order to provide accurate results. Use the location we've obtained automatically, or manually set it.",,"Precisamos da sua localização para proporcionar resultados exatos. Utilize a localização que obtivemos automaticamente ou defina-a manualmente.",,"Text",,"All",,"Skype Spaces for Web 2016",,""
""Note: We store your location to improve queries, subject to our <a href=""https://go.microsoft.com/fwlink/?linkid=862522"" target=""_blank"">Privacy Policy</a> and <a href=""https://go.microsoft.com/fwlink/?linkid=862521"" target=""_blank"">Terms of Use</a>."",,""Nota: armazenamos a sua localização para melhorar as consultas, que estão sujeitas à nossa <a href=""https://go.microsoft.com/fwlink/?linkid=862522"" target=""_blank"">Política de Privacidade</a> e <a href=""https://go.microsoft.com/fwlink/?linkid=862521"" target=""_blank"">Condições de utilização</a>."",,"Text",,"All",,"Skype Spaces for Web 2016",,""
"Location",,"Localização",,"Text",,"All",,"Skype Spaces for Web 2016",,""
"Third party notices",,"Avisos de terceiros",,"Text",,"All",,"Skype Spaces for Web 2016",,""
"Configure Places",,"Configurar Locais",,"Text",,"All",,"Skype Spaces for Web 2016",,""
