﻿PERMISSION NOTICE

The Microsoft “Terms of Use” (available at the www.microsoft.com website) govern all glossary terms in this document (“Glossary Terms”).  The following supplemental terms and conditions also apply.  If there is any conflict between the Terms of Use and the following terms and conditions, the following terms and conditions will take
Precedence over the Terms of Use.
         
1. No part of the Glossary Terms may be reproduced, adapted, distributed, or transmitted in any form or by any means, electronic, mechanical, or otherwise, including photocopying and entry into an information storage and/or retrieval system, for any purpose without the prior express consent of Microsoft Corporation. 

2. You may use the Glossary Terms in the development of any application software and you may also use the Glossary Terms for personal or non-commercial purposes only without the prior written consent of Microsoft Corporation, and only if all copies contain this Permission Notice and the Microsoft copyright notice in the Terms of Use.         
                                                                                                                                
3. You are not permitted to make any modifications, deletions or additions to the Glossary Terms.
 
4. Except as expressly set forth above, Microsoft’s publication of the Glossary Terms does not grant any rights to use, distribute, or implement any technology or intellectual property rights. All rights not expressly granted herein are expressly reserved by Microsoft.
"Source Term",,"Translation",,"String Category",,"Platform",,"Product",,"Version"
"Oops page showing due to debug flag",,"Página Ups aberta devido a sinalizador de depuração",,"Text",,"All",,"Skype Spaces for MAC 2016",,""
"D'oh! Something went wrong...",,"Ups, algo correu mal...",,"Text",,"All",,"Skype Spaces for MAC 2016",,""
"Your app has been successfully updated to version {0} on {1}.",,"A sua aplicação foi atualizada com êxito para a versão {0} a {1}.",,"Text",,"All",,"Skype Spaces for MAC 2016",,""
"App Updated",,"Aplicação atualizada",,"Text",,"All",,"Skype Spaces for MAC 2016",,""
"Could not connect to Account Provider. Please check your connection and try again.",,"Não foi possível ligar ao Fornecedor da Conta. Verifique a sua ligação e tente novamente.",,"Text",,"All",,"Skype Spaces for MAC 2016",,""
"Unexpected user credentials. Please try to log in again.",,"Credenciais de utilizador inesperadas. Volte a tentar iniciar sessão.",,"Text",,"All",,"Skype Spaces for MAC 2016",,""
"The token received is not valid. Please try again later.",,"O token recebido não é válido. Tente novamente mais tarde.",,"Text",,"All",,"Skype Spaces for MAC 2016",,""
"Authentication could not be completed due to an app state issue. Please try again.",,"Não foi possível concluir a autenticação devido a um problema de estado da aplicação. Tente novamente.",,"Text",,"All",,"Skype Spaces for MAC 2016",,""
"Authentication Error",,"Erro de Autenticação",,"Text",,"All",,"Skype Spaces for MAC 2016",,""
"Received an expired authentication token. Please try to log in again.",,"Recebeu um token de autenticação expirado. Volte a tentar iniciar sessão.",,"Text",,"All",,"Skype Spaces for MAC 2016",,""
"Intended authentication failure due to user setting.",,"Falha de autenticação prevista devido à definição de utilizador.",,"Text",,"All",,"Skype Spaces for MAC 2016",,""
"App is missing important authentication settings. Please make sure to use the latest version.",,"A aplicação tem definições de autenticação importantes em falta. Certifique-se de que utiliza a versão mais recente.",,"Text",,"All",,"Skype Spaces for MAC 2016",,""
"The Account Provider encountered an error while authenticating.",,"O fornecedor da conta encontrou um erro ao autenticar.",,"Text",,"All",,"Skype Spaces for MAC 2016",,""
"Your connection is not reliable enough to authenticate. Please check your connection including any VPNs and try again.",,"A sua ligação não é suficientemente fiável para autenticar. Verifique a ligação, incluindo quaisquer VPN e tente novamente.",,"Text",,"All",,"Skype Spaces for MAC 2016",,""
"Requested a silent authentication token, but prompt is required. Please try to log in again.",,"Solicitou um token de autenticação silenciosa, mas é necessário um pedido. Volte a tentar iniciar sessão.",,"Text",,"All",,"Skype Spaces for MAC 2016",,""
"Authentication could not be completed due to an issue while the app was resuming. Please try again.",,"Não foi possível concluir a autenticação devido a um problema ao retomar a aplicação. Tente novamente.",,"Text",,"All",,"Skype Spaces for MAC 2016",,""
"Authentication request was canceled. Please try to log in again.",,"O pedido de autenticação foi cancelado. Volte a tentar iniciar sessão.",,"Text",,"All",,"Skype Spaces for MAC 2016",,""
"Web Account Manager failed to authenticate.",,"Falha do Gestor de Conta Web ao autenticar.",,"Text",,"All",,"Skype Spaces for MAC 2016",,""
"Authentication was blocked by Windows Information Protection policy. For more information, contact your system administrator.",,"A autenticação foi bloqueada pela política Windows Information Protection. Para mais informações, contacte o administrador de sistema.",,"Text",,"All",,"Skype Spaces for MAC 2016",,""
"Background activity is required to receive notifications about calls and IMs. Rejecting this request will result in notifications being displayed only when the call is active (focused).",,"A atividade em segundo plano é necessária para receber notificações sobre chamadas e MIs. Recusar este pedido fará com que só sejam apresentadas notificações quando a chamada estiver ativa (em destaque).",,"Text",,"All",,"Skype Spaces for MAC 2016",,""
"Background activity is required to receive notifications about calls and IMs. Rejecting this request will result in notifications not being displayed when the device is low on battery.",,"A atividade em segundo plano é necessária para receber notificações sobre chamadas e MIs. Recusar este pedido fará com que não sejam apresentadas notificações quando o dispositivo tiver pouca bateria.",,"Text",,"All",,"Skype Spaces for MAC 2016",,""
"For the best experience, please allow Microsoft Teams to run as a background app. Click here to toggle this setting on.",,"Para uma melhor experiência, permita que o Microsoft Teams seja executado como aplicação em segundo plano. Clique aqui para ativar esta definição.",,"Text",,"All",,"Skype Spaces for MAC 2016",,""
"We need your help.",,"Precisamos da sua ajuda.",,"Text",,"All",,"Skype Spaces for MAC 2016",,""
"We're running into some issues running in the background. Click here to restart the app.",,"Estão a ocorrer alguns problemas para executar em segundo plano. Clique aqui para reiniciar a aplicação.",,"Text",,"All",,"Skype Spaces for MAC 2016",,""
"We ran into a problem.",,"Ocorreu um problema.",,"Text",,"All",,"Skype Spaces for MAC 2016",,""
"Microsoft Teams for Surface Hub for Dev",,"Microsoft Teams para Surface Hub para Dev",,"Text",,"All",,"Skype Spaces for MAC 2016",,""
"Microsoft Teams for Surface Hub V2 for Dev",,"Microsoft Teams para Surface Hub V2 para Dev",,"Text",,"All",,"Skype Spaces for MAC 2016",,""
"Microsoft Teams for Surface Hub (Dev)",,"Microsoft Teams para Surface Hub (Dev)",,"Text",,"All",,"Skype Spaces for MAC 2016",,""
"Microsoft Teams for Surface Hub V2 (Dev)",,"Microsoft Teams para Surface Hub V2 (Dev)",,"Text",,"All",,"Skype Spaces for MAC 2016",,""
"Microsoft Teams for Devspaces",,"Microsoft Teams para Devspaces",,"Text",,"All",,"Skype Spaces for MAC 2016",,""
"Microsoft Teams (Devspaces)",,"Microsoft Teams (Devspaces)",,"Text",,"All",,"Skype Spaces for MAC 2016",,""
"Microsoft Teams for Windows 10 S (Alpha)",,"Microsoft Teams para Windows 10 S (Alpha)",,"Text",,"All",,"Skype Spaces for MAC 2016",,""
"Microsoft Teams for Surface Hub (Dogfood)",,"Microsoft Teams para Surface Hub (versão interna)",,"Text",,"All",,"Skype Spaces for MAC 2016",,""
"Microsoft Teams for Surface Hub V2 (Dogfood)",,"Microsoft Teams para Surface Hub V2 (versão utilizável)",,"Text",,"All",,"Skype Spaces for MAC 2016",,""
"Microsoft Teams for Internal",,"Microsoft Teams para Internos",,"Text",,"All",,"Skype Spaces for MAC 2016",,""
"Microsoft Teams (Internal)",,"Microsoft Teams (Internal)",,"Text",,"All",,"Skype Spaces for MAC 2016",,""
"Preview Build for Microsoft Teams",,"Preview build do Microsoft Teams",,"Text",,"All",,"Skype Spaces for MAC 2016",,""
"Microsoft Teams (Preview)",,"Microsoft Teams (Pré-visualização)",,"Text",,"All",,"Skype Spaces for MAC 2016",,""
"Production Build for Microsoft Teams",,"Compilação de produção para o Microsoft Teams",,"Text",,"All",,"Skype Spaces for MAC 2016",,""
"Production Build for Microsoft Teams for Surface Hub",,"Compilação de produção do Microsoft Teams para Surface Hub",,"Text",,"All",,"Skype Spaces for MAC 2016",,""
"Microsoft Teams",,"Microsoft Teams",,"Text",,"All",,"Skype Spaces for MAC 2016",,""
"Microsoft Teams for Surface Hub",,"Microsoft Teams para Surface Hub",,"Text",,"All",,"Skype Spaces for MAC 2016",,""
"Production Build for Microsoft Teams for Surface Hub 2",,"Compilação de produção do Microsoft Teams para Surface Hub 2",,"Text",,"All",,"Skype Spaces for MAC 2016",,""
"Microsoft Teams for Surface Hub 2",,"Microsoft Teams para Surface Hub 2",,"Text",,"All",,"Skype Spaces for MAC 2016",,""
"Microsoft Teams for Windows 10 S (Preview)",,"Microsoft Teams para Windows 10 S (Pré-visualização)",,"Text",,"All",,"Skype Spaces for MAC 2016",,""
"Microsoft Teams for TAP",,"Microsoft Teams para TAP",,"Text",,"All",,"Skype Spaces for MAC 2016",,""
"Microsoft Teams for Surface Hub for TAP",,"Microsoft Teams para Surface Hub para TAP",,"Text",,"All",,"Skype Spaces for MAC 2016",,""
"Microsoft Teams (TAP)",,"Microsoft Teams (TAP)",,"Text",,"All",,"Skype Spaces for MAC 2016",,""
"Microsoft Teams for Surface Hub (TAP)",,"Microsoft Teams para Surface Hub (TAP)",,"Text",,"All",,"Skype Spaces for MAC 2016",,""
"Device credentials could not be retrieved.",,"Não foi possível obter as credenciais do dispositivo.",,"Text",,"All",,"Skype Spaces for MAC 2016",,""
"You might be running into performance issues. Click here to restart the app.",,"Poderá estar a ter problemas de desempenho. Clique aqui para reiniciar a aplicação.",,"Text",,"All",,"Skype Spaces for MAC 2016",,""
"We ran into a problem.",,"Ocorreu um erro.",,"Text",,"All",,"Skype Spaces for MAC 2016",,""
"Initialization Error",,"Erro de Inicialização",,"Text",,"All",,"Skype Spaces for MAC 2016",,""
"We were unable to deliver your message. Please open the app and try again.",,"Não foi possível entregar a sua mensagem. Abra a aplicação e tente novamente.",,"Text",,"All",,"Skype Spaces for MAC 2016",,""
"Message delivery failed",,"Falha ao entregar mensagem",,"Text",,"All",,"Skype Spaces for MAC 2016",,""
"Available",,"Disponível",,"Text",,"All",,"Skype Spaces for MAC 2016",,""
"Away",,"Ausente",,"Text",,"All",,"Skype Spaces for MAC 2016",,""
"Be right back",,"Volto já",,"Text",,"All",,"Skype Spaces for MAC 2016",,""
"Busy",,"Ocupado",,"Text",,"All",,"Skype Spaces for MAC 2016",,""
"Do not disturb",,"Não incomodar",,"Text",,"All",,"Skype Spaces for MAC 2016",,""
"In a call",,"Numa chamada",,"Text",,"All",,"Skype Spaces for MAC 2016",,""
"Log out from the app",,"Terminar a sessão da aplicação",,"Text",,"All",,"Skype Spaces for MAC 2016",,""
"Log out",,"Terminar sessão",,"Text",,"All",,"Skype Spaces for MAC 2016",,""
"Start a new chat",,"Iniciar uma nova conversa",,"Text",,"All",,"Skype Spaces for MAC 2016",,""
"New chat",,"Nova conversa",,"Text",,"All",,"Skype Spaces for MAC 2016",,""
"Presenting",,"A apresentar",,"Text",,"All",,"Skype Spaces for MAC 2016",,""
"Quit the app",,"Saia da aplicação",,"Text",,"All",,"Skype Spaces for MAC 2016",,""
"Quit",,"Sair",,"Text",,"All",,"Skype Spaces for MAC 2016",,""
"Open your settings",,"Abrir as definições",,"Text",,"All",,"Skype Spaces for MAC 2016",,""
"Settings",,"Definições",,"Text",,"All",,"Skype Spaces for MAC 2016",,""
"Update your status",,"Atualizar o estado",,"Text",,"All",,"Skype Spaces for MAC 2016",,""
"Status",,"Estado",,"Text",,"All",,"Skype Spaces for MAC 2016",,""
"The app is not currently accessible for you. In the meantime, download a different version of Teams or use the web app.",,"A aplicação não está atualmente acessível para o utilizador. Entretanto, descarregue uma versão diferente do Teams ou utilize a aplicação Web.",,"Text",,"All",,"Skype Spaces for MAC 2016",,""
"Looks like you don't have access to this version of Teams yet. Check back soon!",,"Parece que ainda não tem acesso a esta versão do Teams. Verifique novamente em breve!",,"Text",,"All",,"Skype Spaces for MAC 2016",,""
""In the meantime, <a href=""#"" id=""webLink"" target=""https://teams.microsoft.com/"">use the web app</a>"",,""Entretanto, <a href=""#"" id=""webLink"" target=""https://teams.microsoft.com/"">utilize a aplicação Web</a>"",,"Text",,"All",,"Skype Spaces for MAC 2016",,""
"The app is not currently accessible for your version of Windows. In the meantime, download a different version of Teams or use the web app.",,"A aplicação não está atualmente acessível para a sua versão do Windows. Entretanto, descarregue uma versão diferente do Teams ou utilize a aplicação Web.",,"Text",,"All",,"Skype Spaces for MAC 2016",,""
"This version of Teams is optimized only for Windows 10 running on S mode. <br/><br/> Looks like you are not on S mode. For the best experience, download the latest version of our Teams desktop app below",,"Esta versão do Teams está apenas otimizada para o Windows 10 em execução no modo S. <br/><br/> Parece não estar no modo S. Para uma melhor experiência, descarregue a versão mais recente da nossa aplicação para computadores do Teams abaixo",,"Text",,"All",,"Skype Spaces for MAC 2016",,""
"App won't work offline, if appcache is not downloaded.",,"A aplicação não funcionará offline, se não descarregar appcache.",,"Text",,"All",,"Skype Spaces for MAC 2016",,""
"Failed to download appcache.",,"Falha ao descarregar appcache.",,"Text",,"All",,"Skype Spaces for MAC 2016",,""
"Please redirect to the link given below for navigation error details.",,"Redirecione para a ligação abaixo para obter detalhes de erros de navegação.",,"Text",,"All",,"Skype Spaces for MAC 2016",,""
"Navigation error occured.",,"Ocorreu um erro de navegação.",,"Text",,"All",,"Skype Spaces for MAC 2016",,""
"Please check your connection.",,"Verifique a sua ligação.",,"Text",,"All",,"Skype Spaces for MAC 2016",,""
"Oh no ... we can’t connect to the internet.",,"Oh, não... é impossível ligar à Internet.",,"Text",,"All",,"Skype Spaces for MAC 2016",,""
"It looks like we can’t display your content right now.",,"Parece que não é possível apresentar o conteúdo agora.",,"Text",,"All",,"Skype Spaces for MAC 2016",,""
"Navigation failed with HTTP status code: {0}.",,"Falha de navegação com código de estado HTTP: {0}.",,"Text",,"All",,"Skype Spaces for MAC 2016",,""
"Launch URI is undefined or is incorrectly formatted.",,"O URI de lançamento não está definido ou está mal formatado.",,"Text",,"All",,"Skype Spaces for MAC 2016",,""
"You might not be receiving notifications. We recommend restarting your machine when possible.",,"Poderá não estar a receber notificações. Recomendamos que reinicie o seu computador quando possível.",,"Text",,"All",,"Skype Spaces for MAC 2016",,""
"You might not be receiving notifications. Click here to restart the app.",,"Poderá não estar a receber notificações. Clique aqui para reiniciar a aplicação.",,"Text",,"All",,"Skype Spaces for MAC 2016",,""
"Accept",,"Aceitar",,"Text",,"All",,"Skype Spaces for MAC 2016",,""
"Answer",,"Atender",,"Text",,"All",,"Skype Spaces for MAC 2016",,""
"Background",,"Segundo plano",,"Text",,"All",,"Skype Spaces for MAC 2016",,""
"Cancel",,"Cancelar",,"Text",,"All",,"Skype Spaces for MAC 2016",,""
"Decline",,"Recusar",,"Text",,"All",,"Skype Spaces for MAC 2016",,""
"Foreground",,"Primeiro plano",,"Text",,"All",,"Skype Spaces for MAC 2016",,""
"Ignore",,"Ignorar",,"Text",,"All",,"Skype Spaces for MAC 2016",,""
"Pause",,"Colocar em pausa",,"Text",,"All",,"Skype Spaces for MAC 2016",,""
"Protocol",,"Protocolo",,"Text",,"All",,"Skype Spaces for MAC 2016",,""
"Reply",,"Responder",,"Text",,"All",,"Skype Spaces for MAC 2016",,""
"Send",,"Enviar",,"Text",,"All",,"Skype Spaces for MAC 2016",,""
"Tentative",,"Tentativa",,"Text",,"All",,"Skype Spaces for MAC 2016",,""
"Video",,"Vídeo",,"Text",,"All",,"Skype Spaces for MAC 2016",,""
"is calling you from a group chat",,"está a ligar-lhe a partir de uma conversa de grupo",,"Text",,"All",,"Skype Spaces for MAC 2016",,""
"wants you to join a meeting",,"quer que participe numa reunião",,"Text",,"All",,"Skype Spaces for MAC 2016",,""
"is calling you",,"está a ligar-lhe",,"Text",,"All",,"Skype Spaces for MAC 2016",,""
"{0} liked your message",,"{0} gostou da sua mensagem",,"Text",,"All",,"Skype Spaces for MAC 2016",,""
"{0} mentioned you",,"{0} mencionou o seu nome",,"Text",,"All",,"Skype Spaces for MAC 2016",,""
"New notification from Microsoft Teams!",,"Nova notificação do Microsoft Teams!",,"Text",,"All",,"Skype Spaces for MAC 2016",,""
"New notification from {0}",,"Nova notificação de {0}",,"Text",,"All",,"Skype Spaces for MAC 2016",,""
"{0} posted a new conversation",,"{0} publicou uma nova conversa",,"Text",,"All",,"Skype Spaces for MAC 2016",,""
"{0} replied to a conversation you follow",,"{0} respondeu a uma conversa que segue",,"Text",,"All",,"Skype Spaces for MAC 2016",,""
"{0} replied to a conversation you're in",,"{0} respondeu a uma conversa em que se encontra",,"Text",,"All",,"Skype Spaces for MAC 2016",,""
"{0} replied to your conversation",,"{0} respondeu à sua conversa",,"Text",,"All",,"Skype Spaces for MAC 2016",,""
"You have been added to a team in Microsoft Teams",,"Foi adicionado a uma equipa no Microsoft Teams",,"Text",,"All",,"Skype Spaces for MAC 2016",,""
"{0} promoted you to Owner of a team",,"{0} promoveu-o a Proprietário de uma equipa",,"Text",,"All",,"Skype Spaces for MAC 2016",,""
"Unknown user",,"Utilizador desconhecido",,"Text",,"All",,"Skype Spaces for MAC 2016",,""
"Continue",,"Continuar",,"Text",,"All",,"Skype Spaces for MAC 2016",,""
"Retry",,"Repetir",,"Text",,"All",,"Skype Spaces for MAC 2016",,""
"Download",,"Descarregar",,"Text",,"All",,"Skype Spaces for MAC 2016",,""
"Quit this app",,"Sair desta aplicação",,"Text",,"All",,"Skype Spaces for MAC 2016",,""
"Sign out",,"Terminar sessão",,"Text",,"All",,"Skype Spaces for MAC 2016",,""
"Error Code: ",,"Código de Erro: ",,"Text",,"All",,"Skype Spaces for MAC 2016",,""
"Failed to connect! It seems the app is offline.",,"Falha ao ligar! A aplicação parece estar offline.",,"Text",,"All",,"Skype Spaces for MAC 2016",,""
"signing out",,"a terminar sessão",,"Text",,"All",,"Skype Spaces for MAC 2016",,""
"You can try {0} and signing back in.",,"Pode tentar {0} e iniciar sessão novamente.",,"Text",,"All",,"Skype Spaces for MAC 2016",,""
"Provider Error Code: ",,"Código de erro do fornecedor: ",,"Text",,"All",,"Skype Spaces for MAC 2016",,""
"Sample Error 0",,"Erro de Amostra 0",,"Text",,"All",,"Skype Spaces for MAC 2016",,""
"Oh no ... there was a problem accessing some settings. Please try again.",,"Oh, não... ocorreu um problema ao aceder a algumas definições. Tente novamente.",,"Text",,"All",,"Skype Spaces for MAC 2016",,""
"Failed to access OS settings",,"Falha ao aceder às definições do SO",,"Text",,"All",,"Skype Spaces for MAC 2016",,""
"Oh no ... we can't connect to the internet. Check your connection.",,"Oh, não... Não é possível ligar à Internet. Verifique a sua ligação.",,"Text",,"All",,"Skype Spaces for MAC 2016",,""
"Failed to connect to settings endpoint",,"Falha ao ligar ao ponto final de definições",,"Text",,"All",,"Skype Spaces for MAC 2016",,""
"Teams Launch",,"Iniciar o Teams",,"Text",,"All",,"Skype Spaces for MAC 2016",,""
"Get logs",,"Obter registos",,"Text",,"All",,"Skype Spaces for MAC 2016",,""
"Open",,"Abrir",,"Text",,"All",,"Skype Spaces for MAC 2016",,""
"View in Store",,"Ver na Store",,"Text",,"All",,"Skype Spaces for MAC 2016",,""
"Teams",,"Teams",,"Text",,"All",,"Skype Spaces for MAC 2016",,""
"Teams for Windows 10 and Teams Classic for Win32 may interfere with each other.",,"O Teams para Windows 10 e Teams Classic para Win32 podem provocar interferências entre si.",,"Text",,"All",,"Skype Spaces for MAC 2016",,""
"Oops! Looks like you're already using the existing Teams desktop app. You'll get duplicate calls and notifications. For a better Teams experience, close one of the apps.",,"Ups! Parece que já está a utilizar a aplicação Teams para computador existente. Receberá chamadas e notificações duplicadas. Para uma melhor experiência no Teams, feche uma das aplicações.",,"Text",,"All",,"Skype Spaces for MAC 2016",,""
"The app took too long to load.",,"A aplicação demorou demasiado tempo a carregar.",,"Text",,"All",,"Skype Spaces for MAC 2016",,""
"Don't quit",,"Não saia",,"Text",,"All",,"Skype Spaces for MAC 2016",,""
"You'll need to restart the app to get calls and messages.",,"Terá de reiniciar a aplicação para obter chamadas e mensagens.",,"Text",,"All",,"Skype Spaces for MAC 2016",,""
"Minimize",,"Minimizar",,"Text",,"All",,"Skype Spaces for MAC 2016",,""
"Yes, quit",,"Sim, sair",,"Text",,"All",,"Skype Spaces for MAC 2016",,""
"Are you sure you want to quit Teams?",,"Tem a certeza de que pretende sair do Teams?",,"Text",,"All",,"Skype Spaces for MAC 2016",,""
