﻿PERMISSION NOTICE

The Microsoft “Terms of Use” (available at the www.microsoft.com website) govern all glossary terms in this document (“Glossary Terms”).  The following supplemental terms and conditions also apply.  If there is any conflict between the Terms of Use and the following terms and conditions, the following terms and conditions will take
Precedence over the Terms of Use.
         
1. No part of the Glossary Terms may be reproduced, adapted, distributed, or transmitted in any form or by any means, electronic, mechanical, or otherwise, including photocopying and entry into an information storage and/or retrieval system, for any purpose without the prior express consent of Microsoft Corporation. 

2. You may use the Glossary Terms in the development of any application software and you may also use the Glossary Terms for personal or non-commercial purposes only without the prior written consent of Microsoft Corporation, and only if all copies contain this Permission Notice and the Microsoft copyright notice in the Terms of Use.         
                                                                                                                                
3. You are not permitted to make any modifications, deletions or additions to the Glossary Terms.
 
4. Except as expressly set forth above, Microsoft’s publication of the Glossary Terms does not grant any rights to use, distribute, or implement any technology or intellectual property rights. All rights not expressly granted herein are expressly reserved by Microsoft.
"Source Term",,"Translation",,"String Category",,"Platform",,"Product",,"Version"
"Cancel",,"Cancelar",,"None",,"All",,"Skype Cast Organizer 2016",,""
"Select an app for the right panel",,"Selecione uma aplicação para o painel direito",,"None",,"All",,"Skype Cast Organizer 2016",,""
"Add a start time",,"Adicionar uma hora de início",,"None",,"All",,"Skype Cast Organizer 2016",,""
"This meeting’s video was published to Office 365",,"O vídeo desta reunião foi publicado no Office 365",,"None",,"All",,"Skype Cast Organizer 2016",,""
"Checking a few things. We'll get your meetings in a bit.",,"Estamos a verificar algumas informações. Recuperaremos o serviço dentro de momentos.",,"None",,"All",,"Skype Cast Organizer 2016",,""
"Attendee page settings",,"Definições da página dos participantes",,"None",,"All",,"Skype Cast Organizer 2016",,""
"Transcription and translation is enabled",,"A funcionalidade de transcrição e tradução está ativada",,"None",,"All",,"Skype Cast Organizer 2016",,""
"The start time is later than the end time.",,"A hora de início é depois da hora de fim.",,"None",,"All",,"Skype Cast Organizer 2016",,""
"Note: captions are currently not available in full screen video",,"Nota: as legendas não estão atualmente disponíveis em vídeo de ecrã inteiro",,"None",,"All",,"Skype Cast Organizer 2016",,""
"Create Outlook invitation",,"Criar convite do Outlook",,"None",,"All",,"Skype Cast Organizer 2016",,""
"Video title",,"Título do vídeo",,"None",,"All",,"Skype Cast Organizer 2016",,""
"only attendees listed below can join the meeting",,"apenas os participantes listados abaixo podem participar na reunião",,"None",,"All",,"Skype Cast Organizer 2016",,""
"The meeting details couldn't be retrieved.",,"Não foi possível recuperar os detalhes da reunião.",,"None",,"All",,"Skype Cast Organizer 2016",,""
"Delete",,"Eliminar",,"None",,"All",,"Skype Cast Organizer 2016",,""
"Recover this meeting",,"Recuperar esta reunião",,"None",,"All",,"Skype Cast Organizer 2016",,""
"The meeting request is empty.",,"O pedido de reunião está vazio.",,"None",,"All",,"Skype Cast Organizer 2016",,""
"Create a video recording for download",,"Criar uma gravação de vídeo para descarregar",,"None",,"All",,"Skype Cast Organizer 2016",,""
"BroadcastMeeting.ics",,"BroadcastMeeting.ics",,"None",,"All",,"Skype Cast Organizer 2016",,""
"View published video",,"Ver vídeo publicado",,"None",,"All",,"Skype Cast Organizer 2016",,""
"Edit meeting details",,"Editar os detalhes da reunião",,"None",,"All",,"Skype Cast Organizer 2016",,""
"You don't have any meetings this month.",,"Não tem reuniões este mês.",,"None",,"All",,"Skype Cast Organizer 2016",,""
"Delete this meeting?",,"Eliminar esta reunião?",,"None",,"All",,"Skype Cast Organizer 2016",,""
"The attendee is empty",,"O campo de participantes está vazio",,"None",,"All",,"Skype Cast Organizer 2016",,""
"You don't have permission to create meetings",,"Não tem permissão para criar reuniões",,"None",,"All",,"Skype Cast Organizer 2016",,""
"Video recording was enabled",,"A gravação de vídeo foi ativada",,"None",,"All",,"Skype Cast Organizer 2016",,""
"The support code couldn't be created.",,"Não foi possível criar o código de suporte.",,"None",,"All",,"Skype Cast Organizer 2016",,""
"No custom link",,"Sem ligações personalizadas",,"None",,"All",,"Skype Cast Organizer 2016",,""
"Done",,"Concluído",,"None",,"All",,"Skype Cast Organizer 2016",,""
"are already in the event team",,"já pertencem à equipa do evento",,"None",,"All",,"Skype Cast Organizer 2016",,""
"Give attendees access to content related to this meeting or provide contact links.",,"Dê aos participantes acesso a conteúdo relacionado com a reunião ou forneça ligações de contacto.",,"None",,"All",,"Skype Cast Organizer 2016",,""
"The account information wasn't found.",,"As informações de conta não foram encontradas.",,"None",,"All",,"Skype Cast Organizer 2016",,""
"Empty ETag",,"ETag vazio",,"None",,"All",,"Skype Cast Organizer 2016",,""
"One or more event team member' email addresses are empty",,"Um ou mais endereços de e-mail de membros da equipa do evento estão vazios",,"None",,"All",,"Skype Cast Organizer 2016",,""
"We have exciting news--our production environment is ready for new broadcasts! ",,"Temos excelentes notícias: o nosso ambiente de produção está preparado para novas transmissões. ",,"None",,"All",,"Skype Cast Organizer 2016",,""
"Reports",,"Relatórios",,"None",,"All",,"Skype Cast Organizer 2016",,""
"Couldn't find:",,"Não foi possível encontrar:",,"None",,"All",,"Skype Cast Organizer 2016",,""
"Access",,"Acesso",,"None",,"All",,"Skype Cast Organizer 2016",,""
"Right panel app",,"Aplicação do painel direito",,"None",,"All",,"Skype Cast Organizer 2016",,""
"Not started",,"Não iniciadas",,"None",,"All",,"Skype Cast Organizer 2016",,""
"Getting the link to the meeting recording...",,"A obter a ligação para a gravação da reunião...",,"None",,"All",,"Skype Cast Organizer 2016",,""
"You can customize the attendee page to include audience participation apps and add supporting links.",,"Pode personalizar a página de participantes de modo a incluir aplicações de participação do público e adicionar ligações de suporte.",,"None",,"All",,"Skype Cast Organizer 2016",,""
"The meeting name is too long. Please shorten it.",,"O nome da reunião é demasiado longo. Introduza um nome mais curto.",,"None",,"All",,"Skype Cast Organizer 2016",,""
"email or alias of each event team member",,"e-mail ou alias de cada membro da equipa do evento",,"None",,"All",,"Skype Cast Organizer 2016",,""
"Jan,Feb,Mar,Apr,May,Jun,Jul,Aug,Sep,Oct,Nov,Dec",,"Jan,Fev,Mar,Abr,Mai,Jun,Jul,Ago,Set,Out,Nov,Dez",,"None",,"All",,"Skype Cast Organizer 2016",,""
"Pulse ID",,"ID do Pulse",,"None",,"All",,"Skype Cast Organizer 2016",,""
"appears below the video player.",,"surge por baixo do leitor de vídeo.",,"None",,"All",,"Skype Cast Organizer 2016",,""
"Media distribution",,"Distribuição de multimédia",,"None",,"All",,"Skype Cast Organizer 2016",,""
"The meeting resource couldn't be retrieved.",,"Não foi possível obter o recurso da reunião.",,"None",,"All",,"Skype Cast Organizer 2016",,""
"The transcription couldn't be retrieved.  Please verify that someone was speaking and unmuted during the broadcast.",,"Não foi possível obter a transcrição.  Certifique-se de que alguém estava a falar com o microfone com som durante a transmissão.",,"None",,"All",,"Skype Cast Organizer 2016",,""
"Translate the broadcast into:",,"Traduzir a transmissão para:",,"None",,"All",,"Skype Cast Organizer 2016",,""
"This will still be the place to access recordings and reports for meetings scheduled in the past, ",,"Pode continuar a aceder por aqui a gravações e relatórios de reuniões agendadas no passado, ",,"None",,"All",,"Skype Cast Organizer 2016",,""
"Invalid email or alias",,"Nome alternativo ou e-mail inválido",,"None",,"All",,"Skype Cast Organizer 2016",,""
"the ID for your Pulse event.",,"a ID do evento do Pulse.",,"None",,"All",,"Skype Cast Organizer 2016",,""
"The meeting can't be found.",,"Não foi possível encontrar a reunião.",,"None",,"All",,"Skype Cast Organizer 2016",,""
"Give attendees access to support and troubleshooting information for your company.",,"Dê aos participantes acesso a apoio técnico e a informações de resolução de problemas para a sua empresa.",,"None",,"All",,"Skype Cast Organizer 2016",,""
"No attendees invited",,"Nenhum participante convidado",,"None",,"All",,"Skype Cast Organizer 2016",,""
"Link text",,"Texto da ligação",,"None",,"All",,"Skype Cast Organizer 2016",,""
"Your company policy doesn't allow you to use Skype Meeting Broadcast. Check with your system admin to make sure the service is enabled and that you have the correct license.",,"A política da sua empresa não lhe permite utilizar a Transmissão da Reunião do Skype. Contacte o administrador do seu sistema para se certificar de que o serviço está ativado e que possui a licença correta.",,"None",,"All",,"Skype Cast Organizer 2016",,""
"Add a meeting name.",,"Adicione um nome à reunião.",,"None",,"All",,"Skype Cast Organizer 2016",,""
"Note: if you can't access the new location, check with your system admin to make sure the service is enabled and that you have the correct license.",,"Nota: se não puder aceder à nova localização, consulte o seu administrador de sistema para se certificar de que o serviço está ativado e de que tem a licença correta.",,"None",,"All",,"Skype Cast Organizer 2016",,""
"The video title is too long, it needs to be 256 characters or less.",,"O título do vídeo é demasiado comprido. Tem de ser inferior a 256 carateres.",,"None",,"All",,"Skype Cast Organizer 2016",,""
"Update",,"Atualizar",,"None",,"All",,"Skype Cast Organizer 2016",,""
"Live",,"Em direto",,"None",,"All",,"Skype Cast Organizer 2016",,""
"Troubleshooting link",,"Ligação de resolução de problemas",,"None",,"All",,"Skype Cast Organizer 2016",,""
"A downloadable recording of the meeting is being created. Check back soon.",,"Está a ser criada uma gravação descarregável da reunião. Verifique novamente dentro de momentos.",,"None",,"All",,"Skype Cast Organizer 2016",,""
"Yammer",,"Yammer",,"None",,"All",,"Skype Cast Organizer 2016",,""
"Video recording is not enabled",,"Gravação de vídeo desativada",,"None",,"All",,"Skype Cast Organizer 2016",,""
"All Company (requires sign-in)",,"Toda a Empresa (é necessário iniciar sessão)",,"None",,"All",,"Skype Cast Organizer 2016",,""
"Empty join url",,"URL de participação vazio",,"None",,"All",,"Skype Cast Organizer 2016",,""
"Post-meeting summary",,"Resumo pós-reunião",,"None",,"All",,"Skype Cast Organizer 2016",,""
"Members",,"Membros",,"None",,"All",,"Skype Cast Organizer 2016",,""
"Invitation only (requires sign-in)",,"Só com convite (é necessário iniciar sessão)",,"None",,"All",,"Skype Cast Organizer 2016",,""
"person or group",,"pessoa ou grupo",,"None",,"All",,"Skype Cast Organizer 2016",,""
"Attendee can't be added. Please check the email address or alias.",,"Não é possível adicionar o participante. Verifique o endereço de e-mail ou o alias.",,"None",,"All",,"Skype Cast Organizer 2016",,""
"The Q&A couldn't be created.",,"Não foi possível criar as Perguntas e Respostas.",,"None",,"All",,"Skype Cast Organizer 2016",,""
"Show",,"Mostrar",,"None",,"All",,"Skype Cast Organizer 2016",,""
"All content associated with this meeting including the attendee report, Q&A history, and recording will be deleted. Are you sure you want to continue?",,"Todos os conteúdos associados a esta reunião, incluindo o relatório de participantes, o histórico de Q&A e as gravações serão eliminados. Tem a certeza de que pretende continuar?",,"None",,"All",,"Skype Cast Organizer 2016",,""
"Visit <a href='https://login.engage.ms' target='_blank' rel='noopener noreferrer'>Microsoft Pulse</a> site to create, manage and access Pulse polls.",,"Visite o site do <a href='https://login.engage.ms' target='_blank' rel='noopener noreferrer'>Microsoft Pulse</a> para criar, gerir e aceder a inquéritos do Pulse.",,"None",,"All",,"Skype Cast Organizer 2016",,""
"Software-Defined Network is enabled",,"A opção Rede Definida pelo Software está ativa",,"None",,"All",,"Skype Cast Organizer 2016",,""
"Event team",,"Equipa do evento",,"None",,"All",,"Skype Cast Organizer 2016",,""
"is already in the event team",,"já pertence à equipa do evento",,"None",,"All",,"Skype Cast Organizer 2016",,""
"MeetingReport.csv",,"MeetingReport.csv",,"None",,"All",,"Skype Cast Organizer 2016",,""
"Make video on demand available after the meeting",,"Tornar o vídeo a pedido disponível após a reunião",,"None",,"All",,"Skype Cast Organizer 2016",,""
"Something happened while looking up the account information.",,"Ocorreu um erro ao procurar as informações de conta.",,"None",,"All",,"Skype Cast Organizer 2016",,""
"There was an error signing in. Please sign out and try again.",,"Ocorreu um erro ao iniciar sessão. Termine sessão e tente novamente.",,"None",,"All",,"Skype Cast Organizer 2016",,""
"The organizer is already part of the event team",,"O organizador já faz parte da equipa do evento",,"None",,"All",,"Skype Cast Organizer 2016",,""
"Start Date",,"Data de Início",,"None",,"All",,"Skype Cast Organizer 2016",,""
"Your Yammer group should be public or have the same security access as your meeting.",,"O seu grupo do Yammer deve ser público ou ter o mesmo acesso de segurança que a sua reunião.",,"None",,"All",,"Skype Cast Organizer 2016",,""
"Tell us how we're doing!",,"Dê-nos a sua opinião!",,"None",,"All",,"Skype Cast Organizer 2016",,""
"Sun,Mon,Tue,Wed,Thu,Fri,Sat",,"Dom,Seg,Ter,Qua,Qui,Sex,Sáb",,"None",,"All",,"Skype Cast Organizer 2016",,""
"Upload the meeting recording to an Office 365 Video channel to be viewed on demand.",,"Carregue a gravação da reunião para um canal Vídeos do Office 365 para efeitos de visualização a pedido.",,"None",,"All",,"Skype Cast Organizer 2016",,""
"Invalid organizer.",,"Organizador inválido.",,"None",,"All",,"Skype Cast Organizer 2016",,""
"The meeting access level isn't valid.",,"O nível de acesso à reunião não é válido.",,"None",,"All",,"Skype Cast Organizer 2016",,""
"Empty user name list",,"Lista de nomes de utilizador vazia",,"None",,"All",,"Skype Cast Organizer 2016",,""
"Sunday,Monday,Tuesday,Wednesday,Thursday,Friday,Saturday",,"Domingo,Segunda-feira,Terça-feira,Quarta-feira,Quinta-feira,Sexta-feira,Sábado",,"None",,"All",,"Skype Cast Organizer 2016",,""
"No event team members added",,"Nenhum membro da equipa do evento adicionado",,"None",,"All",,"Skype Cast Organizer 2016",,""
"Manage attendee access",,"Gerir o acesso dos participantes",,"None",,"All",,"Skype Cast Organizer 2016",,""
"Deleted the meeting successfully",,"Reunião eliminada com sucesso",,"None",,"All",,"Skype Cast Organizer 2016",,""
"Attendees",,"Participantes",,"None",,"All",,"Skype Cast Organizer 2016",,""
"hour",,"hora",,"None",,"All",,"Skype Cast Organizer 2016",,""
"The meeting report couldn't be created.",,"Não foi possível criar o relatório da reunião.",,"None",,"All",,"Skype Cast Organizer 2016",,""
"Sign out",,"Terminar sessão",,"None",,"All",,"Skype Cast Organizer 2016",,""
""Example: \""What do you think?\"""",,""Exemplo: \""O que acha?\"""",,"None",,"All",,"Skype Cast Organizer 2016",,""
"Select any live or upcoming meeting to view its dashboard and information.",,"Selecione qualquer reunião em curso ou futura para ver o painel de informações e os detalhes correspondentes.",,"None",,"All",,"Skype Cast Organizer 2016",,""
"New meeting",,"Nova reunião",,"None",,"All",,"Skype Cast Organizer 2016",,""
"Pulse Account",,"Conta do Pulse",,"None",,"All",,"Skype Cast Organizer 2016",,""
"Transcription and translation was not enabled",,"A funcionalidade de transcrição e tradução não foi ativada",,"None",,"All",,"Skype Cast Organizer 2016",,""
"A moderated Q&A session where people can choose to participate anonymously or not.",,"Uma sessão moderada de Q&A onde as pessoas podem optar por participar anonimamente ou não.",,"None",,"All",,"Skype Cast Organizer 2016",,""
"Download links aren't available because there was no broadcast for this meeting.",,"As ligações de descarregamento não estão disponíveis, pois não decorreu qualquer transmissão desta reunião.",,"None",,"All",,"Skype Cast Organizer 2016",,""
"Take the survey",,"Responder ao inquérito",,"None",,"All",,"Skype Cast Organizer 2016",,""
"Publishing of this meeting’s video to Office 365 is in progress",,"A publicação do vídeo desta reunião no Office 365 está em curso",,"None",,"All",,"Skype Cast Organizer 2016",,""
"Your event team consists of presenters, producers, organizers, moderators, and anyone else you trust to have control of the broadcast.",,"A equipa do seu evento consiste nos apresentadores, nos produtores, nos organizadores, nos moderadores e qualquer outra pessoa a quem confiar o controlo da transmissão.",,"None",,"All",,"Skype Cast Organizer 2016",,""
"There's an invalid character in the meeting name.",,"O nome da reunião contém um caráter inválido.",,"None",,"All",,"Skype Cast Organizer 2016",,""
"is already an attendee",,"já é um participante",,"None",,"All",,"Skype Cast Organizer 2016",,""
"Duration:",,"Duração:",,"None",,"All",,"Skype Cast Organizer 2016",,""
"Add people to the event team. ",,"Adicionar pessoas à equipa do evento.",,"None",,"All",,"Skype Cast Organizer 2016",,""
"Use distribution lists to invite lots of people at once.",,"Utilize as listas de distribuição para convidar várias pessoas de uma vez.",,"None",,"All",,"Skype Cast Organizer 2016",,""
"Meeting title",,"Título da reunião",,"None",,"All",,"Skype Cast Organizer 2016",,""
"Transcription and translation is not enabled",,"A funcionalidade de transcrição e tradução não está ativada",,"None",,"All",,"Skype Cast Organizer 2016",,""
"are already attendees",,"já são participantes",,"None",,"All",,"Skype Cast Organizer 2016",,""
"the Yammer group ID to use for your meeting.",,"a ID de grupo do Yammer a utilizar na sua reunião.",,"None",,"All",,"Skype Cast Organizer 2016",,""
"appears to the right of the video player.",,"aparece do lado direito do leitor de vídeo.",,"None",,"All",,"Skype Cast Organizer 2016",,""
"Sorry, we were trying to get some info about your company's policies but couldn't. Please check back later.",,"Lamentamos, mas estávamos a tentar obter algumas informações acerca das políticas da sua empresa e tal não foi possível. Volte a verificar mais tarde.",,"None",,"All",,"Skype Cast Organizer 2016",,""
"but from now on we’d like you to schedule your meetings at our new home.",,"mas, a partir de agora, queremos que agende as suas reuniões na nossa nova casa.",,"None",,"All",,"Skype Cast Organizer 2016",,""
"Primary spoken language for the broadcast:",,"Principal idioma falado da transmissão:",,"None",,"All",,"Skype Cast Organizer 2016",,""
"Video recording",,"Gravação de vídeo",,"None",,"All",,"Skype Cast Organizer 2016",,""
"Meeting settings",,"Definições da reunião",,"None",,"All",,"Skype Cast Organizer 2016",,""
"Empty resource type",,"Tipo de recurso vazio",,"None",,"All",,"Skype Cast Organizer 2016",,""
"The URL https://*.yammer.com should be added to your domain’s trusted URLs so browsers will support it.",,"Deve adicionar o URL https://*.yammer.com aos URL fidedignos do seu domínio para ser suportado pelos browsers.",,"None",,"All",,"Skype Cast Organizer 2016",,""
"Create a support code",,"Criar um código de suporte",,"None",,"All",,"Skype Cast Organizer 2016",,""
"Support code:",,"Código de suporte:",,"None",,"All",,"Skype Cast Organizer 2016",,""
"Video on demand is not enabled",,"Vídeo a pedido desativado",,"None",,"All",,"Skype Cast Organizer 2016",,""
"The end time isn't valid",,"A hora de fim não é válida.",,"None",,"All",,"Skype Cast Organizer 2016",,""
"remove",,"remover",,"None",,"All",,"Skype Cast Organizer 2016",,""
"The content type isn't valid.",,"O conteúdo não é válido.",,"None",,"All",,"Skype Cast Organizer 2016",,""
"Video on demand is enabled",,"Vídeo a pedido ativado",,"None",,"All",,"Skype Cast Organizer 2016",,""
"View report at",,"Veja o relatório em",,"None",,"All",,"Skype Cast Organizer 2016",,""
"Getting the meeting report...",,"A obter o relatório da reunião...",,"None",,"All",,"Skype Cast Organizer 2016",,""
"Publish",,"Publicar",,"None",,"All",,"Skype Cast Organizer 2016",,""
"The delete meeting request is cancelled",,"O pedido de eliminação da reunião foi cancelado",,"None",,"All",,"Skype Cast Organizer 2016",,""
"Join link",,"Ligação de participação",,"None",,"All",,"Skype Cast Organizer 2016",,""
"Permanently delete this meeting?",,"Eliminar permanentemente esta reunião?",,"None",,"All",,"Skype Cast Organizer 2016",,""
"Include up to two app add-ins so your audience can participate in the meeting.",,"Inclua até dois suplementos para que a sua audiência possa intervir na reunião.",,"None",,"All",,"Skype Cast Organizer 2016",,""
"Anonymous (no sign-in)",,"Anónimo (sem iniciar sessão)",,"None",,"All",,"Skype Cast Organizer 2016",,""
"Live broadcast meeting",,"Reunião de transmissão em direto",,"None",,"All",,"Skype Cast Organizer 2016",,""
"Custom link",,"Ligação personalizada",,"None",,"All",,"Skype Cast Organizer 2016",,""
"Empty Organizer",,"Organizador Vazio",,"None",,"All",,"Skype Cast Organizer 2016",,""
"Publish meeting to Office 365 Video",,"Publicar reunião nos Vídeos do Office 365",,"None",,"All",,"Skype Cast Organizer 2016",,""
"Description",,"Descrição",,"None",,"All",,"Skype Cast Organizer 2016",,""
"Series",,"Série",,"None",,"All",,"Skype Cast Organizer 2016",,""
"Are you sure you want to permanently delete this meeting?",,"Tem a certeza de que pretende eliminar permanentemente esta reunião?",,"None",,"All",,"Skype Cast Organizer 2016",,""
"people or groups",,"pessoas ou grupos",,"None",,"All",,"Skype Cast Organizer 2016",,""
"The Outlook invitation couldn't be created.",,"Não foi possível criar o convite do Outlook.",,"None",,"All",,"Skype Cast Organizer 2016",,""
"The meeting data format isn't valid.",,"O formato de data da reunião não é válido.",,"None",,"All",,"Skype Cast Organizer 2016",,""
"hours",,"horas",,"None",,"All",,"Skype Cast Organizer 2016",,""
"the Account for your Pulse event.",,"a Conta do evento do Pulse.",,"None",,"All",,"Skype Cast Organizer 2016",,""
"Check names",,"Verificar nomes",,"None",,"All",,"Skype Cast Organizer 2016",,""
"Our new home",,"A nossa nova casa",,"None",,"All",,"Skype Cast Organizer 2016",,""
"attendees can participate in a moderated forum",,"os participantes podem participar num fórum moderado",,"None",,"All",,"Skype Cast Organizer 2016",,""
"Create a new meeting",,"Criar uma nova reunião",,"None",,"All",,"Skype Cast Organizer 2016",,""
"The join URL can't be modified.",,"Não é possível modificar o URL de participação.",,"None",,"All",,"Skype Cast Organizer 2016",,""
""Default: \""Share something with this group…\"""",,""Predefinição: \""Partilhe algo com este grupo…\"""",,"None",,"All",,"Skype Cast Organizer 2016",,""
"Invalid meeting resource type.",,"Tipo de recurso da reunião inválido.",,"None",,"All",,"Skype Cast Organizer 2016",,""
"Edit",,"Editar",,"None",,"All",,"Skype Cast Organizer 2016",,""
"email or alias of an individual or a distribution list",,"e-mail ou alias de um indivíduo ou uma lista de distribuição",,"None",,"All",,"Skype Cast Organizer 2016",,""
"Download meeting report",,"Descarregar relatório da reunião",,"None",,"All",,"Skype Cast Organizer 2016",,""
"Yammer Group Network name",,"Nome da Rede do Grupo do Yammer",,"None",,"All",,"Skype Cast Organizer 2016",,""
"Organizer:",,"Organizador:",,"None",,"All",,"Skype Cast Organizer 2016",,""
"The video title can't include the following characters: \\\\ /:*?<>|%",,"O título do vídeo não pode incluir os seguintes carateres: \\\\ /:*?<>|%",,"None",,"All",,"Skype Cast Organizer 2016",,""
"Ok",,"OK",,"None",,"All",,"Skype Cast Organizer 2016",,""
"Add an end time",,"Adicionar uma hora de fim",,"None",,"All",,"Skype Cast Organizer 2016",,""
"The meeting name can't be modified.",,"Não é possível modificar o nome da reunião.",,"None",,"All",,"Skype Cast Organizer 2016",,""
"anyone can join the meeting without signing in",,"qualquer pessoa pode aderir à reunião sem iniciar sessão",,"None",,"All",,"Skype Cast Organizer 2016",,""
"The meeting details have changed.",,"Os detalhes da reunião foram alterados.",,"None",,"All",,"Skype Cast Organizer 2016",,""
"Format: MP4",,"Formato: MP4",,"None",,"All",,"Skype Cast Organizer 2016",,""
"Session Id,Participant Id,Full Name,UserAgent Short,UserAgent Full,Utc Event Timestamp,Event Type,Url Parameters,Language",,"ID da Sessão,ID do Participante,Nome Completo,UserAgent Curto,UserAgent Completo,Carimbo de Data/Hora de Evento UTC,Tipo de Evento,Parâmetros de Url,Idioma",,"None",,"All",,"Skype Cast Organizer 2016",,""
"Participants",,"Participantes",,"None",,"All",,"Skype Cast Organizer 2016",,""
"Creating...",,"A criar...",,"None",,"All",,"Skype Cast Organizer 2016",,""
"Create",,"Criar",,"None",,"All",,"Skype Cast Organizer 2016",,""
"Encourage people to participate in the conversation",,"Encoraje as pessoas a participarem na conversa",,"None",,"All",,"Skype Cast Organizer 2016",,""
"A video with this title already exists. Please try again with a different title.",,"Já existe um vídeo com este título. Tente novamente com outro título.",,"None",,"All",,"Skype Cast Organizer 2016",,""
"The Q&A report couldn't be created",,"Não foi possível criar o relatório das Perguntas e Respostas",,"None",,"All",,"Skype Cast Organizer 2016",,""
"Schedule",,"Agenda",,"None",,"All",,"Skype Cast Organizer 2016",,""
"Skype Meeting Broadcast",,"Transmissão da Reunião do Skype",,"None",,"All",,"Skype Cast Organizer 2016",,""
"Ended",,"Terminadas",,"None",,"All",,"Skype Cast Organizer 2016",,""
"Be sure to add our new location to your Favorites: ",,"Certifique-se de que adiciona a nossa nova localização aos seus Favoritos: ",,"None",,"All",,"Skype Cast Organizer 2016",,""
"track audience sentiment and take a poll",,"monitorize a opinião da audiência e realize um inquérito",,"None",,"All",,"Skype Cast Organizer 2016",,""
"Privacy & cookies",,"Privacidade e cookies",,"None",,"All",,"Skype Cast Organizer 2016",,""
"Support",,"Suporte",,"None",,"All",,"Skype Cast Organizer 2016",,""
"the network name of your Yammer group.",,"o nome de rede do seu grupo do Yammer.",,"None",,"All",,"Skype Cast Organizer 2016",,""
"Event team member can't be added. Please check the email address or alias.",,"Não é possível adicionar o membro da equipa do evento. Verifique o endereço de e-mail ou o alias.",,"None",,"All",,"Skype Cast Organizer 2016",,""
"Customize the attendee page to include audience participation apps and add supporting links.",,"Personalize a página de participantes de modo a incluir aplicações de participação do público e adicionar ligações de suporte.",,"None",,"All",,"Skype Cast Organizer 2016",,""
"The video upload status couldn't be retrieved.",,"Não foi possível recolher o estado de carregamento do vídeo.",,"None",,"All",,"Skype Cast Organizer 2016",,""
"External content like Yammer, Microsoft Pulse, and Network Usage reports will not be deleted.",,"Conteúdo externo como o Yammer, o Microsoft Pulse e os relatórios de Utilização de Rede não será eliminado.",,"None",,"All",,"Skype Cast Organizer 2016",,""
"All meetings",,"Todas as reuniões",,"None",,"All",,"Skype Cast Organizer 2016",,""
"If you're having trouble with the meeting you can contact support. ",,"Se tiver problemas com a reunião, pode contactar o suporte.",,"None",,"All",,"Skype Cast Organizer 2016",,""
"Something happened while processing your request.",,"Aconteceu alguma coisa ao processar o seu pedido.",,"None",,"All",,"Skype Cast Organizer 2016",,""
"Download the transcription in ",,"Descarregar a transcrição em ",,"None",,"All",,"Skype Cast Organizer 2016",,""
"Invitation only",,"Só com convite",,"None",,"All",,"Skype Cast Organizer 2016",,""
"You don't have any deleted meetings.",,"Não tem nenhuma reunião eliminada.",,"None",,"All",,"Skype Cast Organizer 2016",,""
"Troubleshooting",,"Resolução de problemas",,"None",,"All",,"Skype Cast Organizer 2016",,""
"Open Q&A",,"Abrir Q&A",,"None",,"All",,"Skype Cast Organizer 2016",,""
"Q&A",,"Perguntas e Respostas",,"None",,"All",,"Skype Cast Organizer 2016",,""
"The meeting title is too long. Please shorten it.",,"O título da reunião é demasiado longo. Introduza um título mais curto.",,"None",,"All",,"Skype Cast Organizer 2016",,""
"Your deleted meetings couldn't be retrieved",,"Não foi possível recuperar as suas reuniões eliminadas",,"None",,"All",,"Skype Cast Organizer 2016",,""
"The meeting couldn't be modified.",,"Não foi possível modificar a reunião.",,"None",,"All",,"Skype Cast Organizer 2016",,""
"Recover",,"Recuperar",,"None",,"All",,"Skype Cast Organizer 2016",,""
"Default help link",,"Ligação de ajuda predefinida",,"None",,"All",,"Skype Cast Organizer 2016",,""
"Add a new meeting to the series",,"Adicionar uma nova reunião à série",,"None",,"All",,"Skype Cast Organizer 2016",,""
"Live now",,"Em direto agora",,"None",,"All",,"Skype Cast Organizer 2016",,""
"The publish meeting request is cancelled",,"O pedido de publicação da reunião foi cancelado",,"None",,"All",,"Skype Cast Organizer 2016",,""
"Download Q&A report",,"Descarregar relatório de Perguntas e Respostas",,"None",,"All",,"Skype Cast Organizer 2016",,""
"Skype Meeting Broadcast support",,"Apoio técnico da Transmissão da Reunião do Skype",,"None",,"All",,"Skype Cast Organizer 2016",,""
"Transcription and translation",,"Transcrição e tradução",,"None",,"All",,"Skype Cast Organizer 2016",,""
"Next month",,"Mês seguinte",,"None",,"All",,"Skype Cast Organizer 2016",,""
"Video on demand was not enabled",,"O vídeo a pedido não foi ativado",,"None",,"All",,"Skype Cast Organizer 2016",,""
"Su,Mo,Tu,We,Th,Fr,Sa",,"dom.,seg.,ter.,qua.,qui.,sex.,sáb.",,"None",,"All",,"Skype Cast Organizer 2016",,""
"Yammer Group Network name should be a valid domain (e.g. contoso.com)",,"O nome da Rede do Grupo do Yammer deve ser um domínio válido (por exemplo, contoso.com)",,"None",,"All",,"Skype Cast Organizer 2016",,""
"Event team member can't be added. Please check the information you entered.",,"Não é possível adicionar o membro da equipa do evento. Verifique as informações que introduziu.",,"None",,"All",,"Skype Cast Organizer 2016",,""
"Discard changes and go to the meeting summary",,"Rejeitar as alterações e aceder ao resumo da reunião",,"None",,"All",,"Skype Cast Organizer 2016",,""
"Delete this meeting",,"Eliminar esta reunião",,"None",,"All",,"Skype Cast Organizer 2016",,""
"Please click the link below to tell us about your experience using Skype Meeting Broadcast.",,"Clique na ligação abaixo para nos falar da sua experiência com a Transmissão da Reunião do Skype.",,"None",,"All",,"Skype Cast Organizer 2016",,""
"The meeting policy couldn't be retrieved.",,"Não foi possível obter a política da reunião.",,"None",,"All",,"Skype Cast Organizer 2016",,""
"Changes to the event team, attendees or their access level apply to this and other meetings in the series.",,"As alterações à equipa do evento, aos participantes ou ao respetivo nível de acesso são aplicáveis a esta e a outras reuniões na série.",,"None",,"All",,"Skype Cast Organizer 2016",,""
"Notes",,"Notas",,"None",,"All",,"Skype Cast Organizer 2016",,""
"Add meeting",,"Adicionar reunião",,"None",,"All",,"Skype Cast Organizer 2016",,""
"meeting",,"reunião",,"None",,"All",,"Skype Cast Organizer 2016",,""
"Microsoft Pulse",,"Microsoft Pulse",,"None",,"All",,"Skype Cast Organizer 2016",,""
"An unknown error has occurred.",,"Ocorreu um erro desconhecido.",,"None",,"All",,"Skype Cast Organizer 2016",,""
"attendees can participate in a social discussion about your meeting",,"os participantes podem participar em discussões sociais sobre a sua reunião",,"None",,"All",,"Skype Cast Organizer 2016",,""
"Yammer Group ID should be a number",,"O ID de Grupo do Yammer deve ser um número",,"None",,"All",,"Skype Cast Organizer 2016",,""
"Yammer Group ID",,"ID do Grupo do Yammer",,"None",,"All",,"Skype Cast Organizer 2016",,""
"Join the event and start producing (requires Edge 13 or higher)",,"Participar no evento e começar a produzir (requer o Edge 13 ou superior)",,"None",,"All",,"Skype Cast Organizer 2016",,""
"Customize",,"Personalizar",,"None",,"All",,"Skype Cast Organizer 2016",,""
"Troubleshooting and support",,"Resolução de problemas e suporte",,"None",,"All",,"Skype Cast Organizer 2016",,""
"Custom link for attendees",,"Ligação personalizada para participantes",,"None",,"All",,"Skype Cast Organizer 2016",,""
"Maximum entries reached.",,"Foi atingido o número máximo de entradas.",,"None",,"All",,"Skype Cast Organizer 2016",,""
"Only members of the event team can access this meeting.",,"Só podem aceder a esta reunião os membros da equipa do evento.",,"None",,"All",,"Skype Cast Organizer 2016",,""
"Lower panel app",,"Aplicação do painel inferior",,"None",,"All",,"Skype Cast Organizer 2016",,""
"The meeting is outdated.",,"A reunião está desatualizada.",,"None",,"All",,"Skype Cast Organizer 2016",,""
"Save changes and go to the meeting summary",,"Guardar as alterações e aceder ao resumo da reunião",,"None",,"All",,"Skype Cast Organizer 2016",,""
"The meeting video couldn't be published.",,"Não foi possível publicar o vídeo da reunião.",,"None",,"All",,"Skype Cast Organizer 2016",,""
"Download meeting recording",,"Descarregar gravação da reunião",,"None",,"All",,"Skype Cast Organizer 2016",,""
"Transcription and translation was enabled",,"A funcionalidade de transcrição e tradução foi ativada",,"None",,"All",,"Skype Cast Organizer 2016",,""
"Prompt text",,"Texto do pedido",,"None",,"All",,"Skype Cast Organizer 2016",,""
"Network usage report",,"Relatório de utilização de rede",,"None",,"All",,"Skype Cast Organizer 2016",,""
"Publish meeting recording",,"Publicar gravação da reunião",,"None",,"All",,"Skype Cast Organizer 2016",,""
"Select a channel to upload your video",,"Selecione o canal para o qual pretende carregar o vídeo",,"None",,"All",,"Skype Cast Organizer 2016",,""
"Learn more",,"Obter mais informações",,"None",,"All",,"Skype Cast Organizer 2016",,""
"Delete meeting",,"Eliminar a reunião",,"None",,"All",,"Skype Cast Organizer 2016",,""
"Customize the attendee page",,"Personalizar a página dos participantes",,"None",,"All",,"Skype Cast Organizer 2016",,""
"You've selected the maximum supported number of languages",,"Selecionou o número máximo de idiomas suportados",,"None",,"All",,"Skype Cast Organizer 2016",,""
"Add a meeting title.",,"Adicione um título à reunião.",,"None",,"All",,"Skype Cast Organizer 2016",,""
"Loading channels...",,"A carregar canais...",,"None",,"All",,"Skype Cast Organizer 2016",,""
"Previous month",,"Mês anterior",,"None",,"All",,"Skype Cast Organizer 2016",,""
"All Company",,"Toda a Empresa",,"None",,"All",,"Skype Cast Organizer 2016",,""
"Enable transcription and translation for auto-generating captions",,"Ativar a transcrição e tradução para legendas geradas automaticamente",,"None",,"All",,"Skype Cast Organizer 2016",,""
"January,February,March,April,May,June,July,August,September,October,November,December",,"Janeiro,Fevereiro,Março,Abril,Maio,Junho,Julho,Agosto,Setembro,Outubro,Novembro,Dezembro",,"None",,"All",,"Skype Cast Organizer 2016",,""
"Video recording is enabled",,"Gravação de vídeo ativada",,"None",,"All",,"Skype Cast Organizer 2016",,""
"The meeting couldn't be created.",,"Não foi possível criar a reunião.",,"None",,"All",,"Skype Cast Organizer 2016",,""
"Video on demand was enabled",,"O vídeo a pedido foi ativado",,"None",,"All",,"Skype Cast Organizer 2016",,""
"Deleted meetings",,"Reuniões eliminadas",,"None",,"All",,"Skype Cast Organizer 2016",,""
"Meeting details",,"Detalhes da reunião",,"None",,"All",,"Skype Cast Organizer 2016",,""
"Select who can watch the meeting broadcast.",,"Selecione quem pode assistir à transmissão da reunião.",,"None",,"All",,"Skype Cast Organizer 2016",,""
"Anonymous",,"Anónimo",,"None",,"All",,"Skype Cast Organizer 2016",,""
"We invite you to start scheduling meetings in our new location and let us know what you think. ",,"Queremos convidá-lo a começar a agendar reuniões na nossa nova localização e diga-nos o que pensa.",,"None",,"All",,"Skype Cast Organizer 2016",,""
"The start time is earlier than the current time.",,"A hora de início é antes da hora atual.",,"None",,"All",,"Skype Cast Organizer 2016",,""
"Video recording was not enabled",,"A gravação de vídeo não foi ativada",,"None",,"All",,"Skype Cast Organizer 2016",,""
"Update the meeting details",,"Atualizar os detalhes da reunião",,"None",,"All",,"Skype Cast Organizer 2016",,""
"A Pulse is always anonymous.",,"Um Pulse é sempre anónimo.",,"None",,"All",,"Skype Cast Organizer 2016",,""
"Audience participation apps",,"Aplicações de participação da audiência",,"None",,"All",,"Skype Cast Organizer 2016",,""
"anyone from my company can join the meeting",,"qualquer pessoa da minha empresa pode participar na reunião",,"None",,"All",,"Skype Cast Organizer 2016",,""
"If you run into any issues with hosting or producing your Skype Meeting Broadcast, please go to <a href='http://aka.ms/meetingbroadcastsupport' target='_blank' rel='noopener noreferrer'>Skype Meeting Broadcast Support</a>.  This support is for your Event Team and can't be used by broadcast attendees.",,"Se se deparar com problemas ao conduzir ou produzir a sua Transmissão da Reunião do Skype, aceda ao <a href='http://aka.ms/meetingbroadcastsupport' target='_blank'>Apoio Técnico da Transmissão da Reunião do Skype</a>.  Este apoio técnico destina‑se à Equipa do seu Evento e os participantes da transmissão não o podem utilizar.",,"None",,"All",,"Skype Cast Organizer 2016",,""
"Select an app for the lower panel",,"Selecione uma aplicação para o painel inferior",,"None",,"All",,"Skype Cast Organizer 2016",,""
"You don't have permission to modify meetings",,"Não tem permissão para modificar reuniões",,"None",,"All",,"Skype Cast Organizer 2016",,""
"The Q&A couldn't be updated.",,"Não foi possível atualizar as Perguntas e Respostas.",,"None",,"All",,"Skype Cast Organizer 2016",,""
"Start time",,"Hora de início",,"None",,"All",,"Skype Cast Organizer 2016",,""
"Format: CSV",,"Formato: CSV",,"None",,"All",,"Skype Cast Organizer 2016",,""
"The publish meeting request is submitted",,"O pedido de publicação da reunião foi enviado",,"None",,"All",,"Skype Cast Organizer 2016",,""
"Meeting summary",,"Resumo da reunião",,"None",,"All",,"Skype Cast Organizer 2016",,""
"The meeting couldn't be deleted.",,"Não foi possível eliminar a reunião.",,"None",,"All",,"Skype Cast Organizer 2016",,""
"Broadcast hasn't started yet",,"A transmissão ainda não começou",,"None",,"All",,"Skype Cast Organizer 2016",,""
"Broadcast will resume in a moment",,"A transmissão será retomada dentro de momentos",,"None",,"All",,"Skype Cast Organizer 2016",,""
"Broadcast has ended",,"A transmissão terminou",,"None",,"All",,"Skype Cast Organizer 2016",,""
