﻿PERMISSION NOTICE

The Microsoft “Terms of Use” (available at the www.microsoft.com website) govern all glossary terms in this document (“Glossary Terms”).  The following supplemental terms and conditions also apply.  If there is any conflict between the Terms of Use and the following terms and conditions, the following terms and conditions will take
Precedence over the Terms of Use.
         
1. No part of the Glossary Terms may be reproduced, adapted, distributed, or transmitted in any form or by any means, electronic, mechanical, or otherwise, including photocopying and entry into an information storage and/or retrieval system, for any purpose without the prior express consent of Microsoft Corporation. 

2. You may use the Glossary Terms in the development of any application software and you may also use the Glossary Terms for personal or non-commercial purposes only without the prior written consent of Microsoft Corporation, and only if all copies contain this Permission Notice and the Microsoft copyright notice in the Terms of Use.         
                                                                                                                                
3. You are not permitted to make any modifications, deletions or additions to the Glossary Terms.
 
4. Except as expressly set forth above, Microsoft’s publication of the Glossary Terms does not grant any rights to use, distribute, or implement any technology or intellectual property rights. All rights not expressly granted herein are expressly reserved by Microsoft.
"Source Term",,"Translation",,"String Category",,"Platform",,"Product",,"Version"
"This report shows client building and subnet pairs which experienced firewall issues while connecting to the server in last two months",,"Este relatório mostra pares de sub-rede e edifícios de clientes que tiveram problemas de firewall ao ligar ao servidor nos últimos dois meses",,"Text",,"All",,"Online Device Pairing 2016",,""
"Filter: {DataFilterColumnName}",,"Filtro: {DataFilterColumnName}",,"Text",,"All",,"Online Device Pairing 2016",,""
"Microsoft Call Quality Dashboard",,"Dashboard de Qualidade das Chamadas da Microsoft",,"Text",,"All",,"Online Device Pairing 2016",,""
"It looks like your Office 365 or Skype for Business tenant was recently created. Please check back in 24 hours to activate the Call Quality Dashboard.",,"Parece que o seu inquilino do Office 365 ou Skype para Empresas foi criado recentemente. Regresse dentro de 24 horas para ativar o Dashboard de Qualidade das Chamadas.",,"Text",,"All",,"Online Device Pairing 2016",,""
"Error: Column data size is too large at column number: {0}",,"Erro: o tamanho de dados da coluna é demasiado grande no número de coluna: {0}",,"Text",,"All",,"Online Device Pairing 2016",,""
"Upload your information - Information you add will be visible to Microsoft engineers for support purposes",,"Carregar as suas informações - as informações que adicionar serão visíveis para os engenheiros da Microsoft para fins de suporte",,"Text",,"All",,"Online Device Pairing 2016",,""
"Audio - Quality",,"Áudio - Qualidade",,"Text",,"All",,"Online Device Pairing 2016",,""
"Audio - Reliability",,"Áudio - Fiabilidade",,"Text",,"All",,"Online Device Pairing 2016",,""
"Call Volume",,"Volume da chamada",,"Text",,"All",,"Online Device Pairing 2016",,""
"Media Failed %",,"% de multimédia com falhas",,"Text",,"All",,"Online Device Pairing 2016",,""
"Media Failed Volume",,"Volume de multimédia com falhas",,"Text",,"All",,"Online Device Pairing 2016",,""
"Media Succeeded Volume",,"Volume de multimédia com êxito",,"Text",,"All",,"Online Device Pairing 2016",,""
"Media Volume",,"Volume de multimédia",,"Text",,"All",,"Online Device Pairing 2016",,""
"Rating Count",,"Contagem de classificações",,"Text",,"All",,"Online Device Pairing 2016",,""
"Second Subnet",,"Segunda sub-rede",,"Text",,"All",,"Online Device Pairing 2016",,""
"Server-Client AppSharing Streams Buildings and Subnets",,"Sub-redes e edifícios de transmissões de partilha de aplicações servidor-cliente",,"Text",,"All",,"Online Device Pairing 2016",,""
"Server-Client Audio Streams Buildings and Subnets",,"Sub-redes e edifícios de transmissões de áudio servidor-cliente",,"Text",,"All",,"Online Device Pairing 2016",,""
"Server-Client VBSS Streams Buildings and Subnets",,"Sub-redes e edifícios de transmissões VBSS servidor-cliente",,"Text",,"All",,"Online Device Pairing 2016",,""
"Server-Client Video Streams Buildings and Subnets",,"Sub-redes e edifícios de transmissões de vídeo servidor-cliente",,"Text",,"All",,"Online Device Pairing 2016",,""
"media failed volume",,"volume de multimédia com falhas",,"Text",,"All",,"Online Device Pairing 2016",,""
"media succeeded volume",,"volume de multimédia com êxito",,"Text",,"All",,"Online Device Pairing 2016",,""
"media volume",,"volume de multimédia",,"Text",,"All",,"Online Device Pairing 2016",,""
