﻿PERMISSION NOTICE

The Microsoft “Terms of Use” (available at the www.microsoft.com website) govern all glossary terms in this document (“Glossary Terms”).  The following supplemental terms and conditions also apply.  If there is any conflict between the Terms of Use and the following terms and conditions, the following terms and conditions will take
Precedence over the Terms of Use.
         
1. No part of the Glossary Terms may be reproduced, adapted, distributed, or transmitted in any form or by any means, electronic, mechanical, or otherwise, including photocopying and entry into an information storage and/or retrieval system, for any purpose without the prior express consent of Microsoft Corporation. 

2. You may use the Glossary Terms in the development of any application software and you may also use the Glossary Terms for personal or non-commercial purposes only without the prior written consent of Microsoft Corporation, and only if all copies contain this Permission Notice and the Microsoft copyright notice in the Terms of Use.         
                                                                                                                                
3. You are not permitted to make any modifications, deletions or additions to the Glossary Terms.
 
4. Except as expressly set forth above, Microsoft’s publication of the Glossary Terms does not grant any rights to use, distribute, or implement any technology or intellectual property rights. All rights not expressly granted herein are expressly reserved by Microsoft.
"Source Term",,"Translation",,"String Category",,"Platform",,"Product",,"Version"
"We're working on getting them back for you ASAP.",,"Estamos a tentar obtê-las novamente o mais rápido possível.",,"Text",,"All",,"Microsoft Teams for Windows Phone",,""
"We can't get your activities.",,"Não é possível obter as suas atividades.",,"Text",,"All",,"Microsoft Teams for Windows Phone",,""
"Stay on top of relevant activity, such as mentions, likes and replies.",,"Fique a par de atividades relevantes, como menções, gostos e respostas.",,"Text",,"All",,"Microsoft Teams for Windows Phone",,""
"You'll find notifications here.",,"Encontrará aqui as notificações.",,"Text",,"All",,"Microsoft Teams for Windows Phone",,""
"We can't update your activities right now",,"Neste momento, não é possível atualizar as atividades",,"Text",,"All",,"Microsoft Teams for Windows Phone",,""
"Added you to an unavailable channel",,"Adicionou-o a um canal não disponível",,"Text",,"All",,"Microsoft Teams for Windows Phone",,""
"Added you to an unavailable team",,"Adicionou-o a uma equipa não disponível",,"Text",,"All",,"Microsoft Teams for Windows Phone",,""
"an unavailable channel",,"um canal não disponível",,"Text",,"All",,"Microsoft Teams for Windows Phone",,""
"an unavailable team",,"uma equipa não disponível",,"Text",,"All",,"Microsoft Teams for Windows Phone",,""
"Add to favorites",,"Adicionar aos favoritos",,"Text",,"All",,"Microsoft Teams for Windows Phone",,""
"Follow channel",,"Seguir canal",,"Text",,"All",,"Microsoft Teams for Windows Phone",,""
"{0} added {1} to the conversation",,"{0} adicionou {1} à conversa",,"Text",,"All",,"Microsoft Teams for Windows Phone",,""
"Address",,"Endereço",,"Text",,"All",,"Microsoft Teams for Windows Phone",,""
"{0} and {1}",,"{0} e {1}",,"Text",,"All",,"Microsoft Teams for Windows Phone",,""
"{0}, {1}, and {2}",,"{0}, {1} e {2}",,"Text",,"All",,"Microsoft Teams for Windows Phone",,""
"{0}, {1}, and {2} others",,"{0}, {1} e outros {2} utilizadores",,"Text",,"All",,"Microsoft Teams for Windows Phone",,""
"We can't load your older activities right now",,"Neste momento, não é possível carregar as atividades mais antigas",,"Text",,"All",,"Microsoft Teams for Windows Phone",,""
"All channels",,"Todos os canais",,"Text",,"All",,"Microsoft Teams for Windows Phone",,""
"Channels",,"Canais",,"Text",,"All",,"Microsoft Teams for Windows Phone",,""
"We can't update your teams right now",,"Neste momento, não é possível atualizar as equipas",,"Text",,"All",,"Microsoft Teams for Windows Phone",,""
"All teams",,"Todas as equipas",,"Text",,"All",,"Microsoft Teams for Windows Phone",,""
"Always, even if I'm active on desktop",,"Sempre, mesmo que esteja ativo no ambiente de trabalho",,"Text",,"All",,"Microsoft Teams for Windows Phone",,""
"Microsoft Teams",,"Microsoft Teams",,"Text",,"All",,"Microsoft Teams for Windows Phone",,""
"Microsoft Teams (Dev)",,"Microsoft Teams (Programadores)",,"Text",,"All",,"Microsoft Teams for Windows Phone",,""
"Microsoft Teams (Dogfood)",,"Microsoft Teams (Versão Utilizável)",,"Text",,"All",,"Microsoft Teams for Windows Phone",,""
"Microsoft Teams (TAP)",,"Microsoft Teams (TAP)",,"Text",,"All",,"Microsoft Teams for Windows Phone",,""
"Teams",,"Teams",,"Text",,"All",,"Microsoft Teams for Windows Phone",,""
"Bluetooth",,"Bluetooth",,"Text",,"All",,"Microsoft Teams for Windows Phone",,""
"Change audio output device",,"Alterar o dispositivo de saída de áudio",,"Text",,"All",,"Microsoft Teams for Windows Phone",,""
"Device",,"Dispositivo",,"Text",,"All",,"Microsoft Teams for Windows Phone",,""
"Headset",,"Auscultadores com microfone",,"Text",,"All",,"Microsoft Teams for Windows Phone",,""
"Speaker",,"Altifalante",,"Text",,"All",,"Microsoft Teams for Windows Phone",,""
"Please sign in again with your current password.",,"Inicie sessão novamente com a sua palavra-passe atual.",,"Text",,"All",,"Microsoft Teams for Windows Phone",,""
"Microsoft Teams is now using modern authentication, a better, more secure way to sign in. Once you've signed in again, you won't need to re-enter credentials when you open any Office 365 application.",,"O Microsoft Teams está agora a utilizar a autenticação moderna, uma forma melhor e mais segura de iniciar sessão. Depois de iniciar novamente sessão, não terá de reintroduzir as suas credenciais quando abrir qualquer aplicação do Office 365.",,"Text",,"All",,"Microsoft Teams for Windows Phone",,""
"You'll get modern authentication, a single, better, and more secure sign in to all your Office 365 apps.",,"Vai obter a autenticação moderna, uma forma única, melhor e mais segura de iniciar sessão em todas as suas aplicações do Office 365.",,"Text",,"All",,"Microsoft Teams for Windows Phone",,""
"Please sign back in to Microsoft Teams",,"Inicie novamente sessão no Microsoft Teams",,"Text",,"All",,"Microsoft Teams for Windows Phone",,""
"({0} Guests)",,"({0} Convidados)",,"Text",,"All",,"Microsoft Teams for Windows Phone",,""
"(1 Guest)",,"(1 Convidado)",,"Text",,"All",,"Microsoft Teams for Windows Phone",,""
"{0} (Guest)",,"{0} (Convidado)",,"Text",,"All",,"Microsoft Teams for Windows Phone",,""
"Back",,"Anterior",,"Text",,"All",,"Microsoft Teams for Windows Phone",,""
"Sent a card",,"Enviou um cartão",,"Text",,"All",,"Microsoft Teams for Windows Phone",,""
"Hang up your current call before starting a new one.",,"Desligue a chamada atual antes de iniciar uma nova.",,"Text",,"All",,"Microsoft Teams for Windows Phone",,""
"Call busy",,"Chamada ocupada",,"Text",,"All",,"Microsoft Teams for Windows Phone",,""
"Call canceled",,"Chamada cancelada",,"Text",,"All",,"Microsoft Teams for Windows Phone",,""
"Call declined",,"Chamada rejeitada",,"Text",,"All",,"Microsoft Teams for Windows Phone",,""
"Call dropped",,"A chamada caiu",,"Text",,"All",,"Microsoft Teams for Windows Phone",,""
"hh\:mm\:ss",,"hh\:mm\:ss",,"Text",,"All",,"Microsoft Teams for Windows Phone",,""
"mm\:ss",,"mm\:ss",,"Text",,"All",,"Microsoft Teams for Windows Phone",,""
"Call Ended",,"Chamada Terminada",,"Text",,"All",,"Microsoft Teams for Windows Phone",,""
"Call ended",,"Chamada terminada",,"Text",,"All",,"Microsoft Teams for Windows Phone",,""
"Call Ended {0}",,"Chamada Terminada: {0}",,"Text",,"All",,"Microsoft Teams for Windows Phone",,""
"Call ended {0}",,"Chamada terminada: {0}",,"Text",,"All",,"Microsoft Teams for Windows Phone",,""
"Call failed",,"Falha na chamada",,"Text",,"All",,"Microsoft Teams for Windows Phone",,""
"Call Missed",,"Chamada Não Atendida",,"Text",,"All",,"Microsoft Teams for Windows Phone",,""
"Call missed",,"Chamada não atendida",,"Text",,"All",,"Microsoft Teams for Windows Phone",,""
"Tap to return to call",,"Toque para voltar à chamada",,"Text",,"All",,"Microsoft Teams for Windows Phone",,""
"Call on hold",,"Chamada em espera",,"Text",,"All",,"Microsoft Teams for Windows Phone",,""
"Call",,"Ligar",,"Text",,"All",,"Microsoft Teams for Windows Phone",,""
"Call started",,"Chamada iniciada",,"Text",,"All",,"Microsoft Teams for Windows Phone",,""
"Calling",,"A ligar",,"Text",,"All",,"Microsoft Teams for Windows Phone",,""
"Sorry, we're unable to search for people at the moment",,"Lamentamos, mas não é possível procurar pessoas neste momento",,"Text",,"All",,"Microsoft Teams for Windows Phone",,""
"Conversations",,"Conversas",,"Text",,"All",,"Microsoft Teams for Windows Phone",,""
"Try @ mentioning the people you want to participate in this channel.",,"Experimente @ ao mencionar as pessoas que quer que participem neste canal.",,"Text",,"All",,"Microsoft Teams for Windows Phone",,""
"Remove from favorites",,"Remover dos favoritos",,"Text",,"All",,"Microsoft Teams for Windows Phone",,""
"More options for this channel",,"Mais opções para este canal",,"Text",,"All",,"Microsoft Teams for Windows Phone",,""
"We can't update your channels right now",,"Neste momento, não é possível atualizar os canais",,"Text",,"All",,"Microsoft Teams for Windows Phone",,""
"We're working on getting them back for you ASAP.",,"Estamos a tentar obtê-los novamente o mais rápido possível.",,"Text",,"All",,"Microsoft Teams for Windows Phone",,""
"We can't load this channel right now.",,"Neste momento, não é possível carregar este canal.",,"Text",,"All",,"Microsoft Teams for Windows Phone",,""
"channel",,"canal",,"Text",,"All",,"Microsoft Teams for Windows Phone",,""
"We can't update your conversations right now",,"Neste momento, não é possível atualizar as conversas",,"Text",,"All",,"Microsoft Teams for Windows Phone",,""
"Tabs",,"Separadores",,"Text",,"All",,"Microsoft Teams for Windows Phone",,""
"Have private one-on-one and group conversations, and video calls.",,"Inicie conversas privadas de um para um e em grupo, e videochamadas.",,"Text",,"All",,"Microsoft Teams for Windows Phone",,""
"Start a private chat.",,"Inicie uma conversa privada.",,"Text",,"All",,"Microsoft Teams for Windows Phone",,""
"We can't get your chats",,"Não é possível obter as conversas",,"Text",,"All",,"Microsoft Teams for Windows Phone",,""
"We can't update your chats right now",,"Neste momento, não é possível atualizar as conversas",,"Text",,"All",,"Microsoft Teams for Windows Phone",,""
"We can't get your messages.",,"Não é possível obter as suas mensagens.",,"Text",,"All",,"Microsoft Teams for Windows Phone",,""
"Chat",,"Conversar",,"Text",,"All",,"Microsoft Teams for Windows Phone",,""
"We can't load your older messages right now",,"Neste momento, não é possível carregar as mensagens mais antigas",,"Text",,"All",,"Microsoft Teams for Windows Phone",,""
"You",,"Você",,"Text",,"All",,"Microsoft Teams for Windows Phone",,""
"We can't update your conversation right now",,"Neste momento, não é possível atualizar a conversa",,"Text",,"All",,"Microsoft Teams for Windows Phone",,""
"Failed to send:",,"Falha ao enviar:",,"Text",,"All",,"Microsoft Teams for Windows Phone",,""
"Sending:",,"A enviar:",,"Text",,"All",,"Microsoft Teams for Windows Phone",,""
"Chats",,"Conversas",,"Text",,"All",,"Microsoft Teams for Windows Phone",,""
"We're getting things ready...",,"Estamos a preparar tudo...",,"Text",,"All",,"Microsoft Teams for Windows Phone",,""
"Please give us a sec...",,"Dê-nos um segundo...",,"Text",,"All",,"Microsoft Teams for Windows Phone",,""
"We'll be done soon...",,"Terminaremos em breve...",,"Text",,"All",,"Microsoft Teams for Windows Phone",,""
"Almost there...",,"Está quase...",,"Text",,"All",,"Microsoft Teams for Windows Phone",,""
"CLEAR LIST",,"LIMPAR LISTA",,"Text",,"All",,"Microsoft Teams for Windows Phone",,""
"Files",,"Ficheiros",,"Text",,"All",,"Microsoft Teams for Windows Phone",,""
"Close",,"Fechar",,"Text",,"All",,"Microsoft Teams for Windows Phone",,""
"Hi! This feature is not quite finished and is coming soon.",,"Olá! Esta funcionalidade está quase terminada e vamos disponibilizá-la em breve.",,"Text",,"All",,"Microsoft Teams for Windows Phone",,""
"High importance",,"Importância alta",,"Text",,"All",,"Microsoft Teams for Windows Phone",,""
"Show picture picker",,"Mostrar seletor de imagens",,"Text",,"All",,"Microsoft Teams for Windows Phone",,""
"Send",,"Enviar",,"Text",,"All",,"Microsoft Teams for Windows Phone",,""
"Type your message here",,"Escreva a sua mensagem aqui",,"Text",,"All",,"Microsoft Teams for Windows Phone",,""
"Open contact card",,"Abrir cartão de contacto",,"Text",,"All",,"Microsoft Teams for Windows Phone",,""
"More options for this conversation",,"Mais opções para esta conversa",,"Text",,"All",,"Microsoft Teams for Windows Phone",,""
"Control message",,"Mensagem de controlo",,"Text",,"All",,"Microsoft Teams for Windows Phone",,""
"Sorry, we cannot access your content. Try again later.",,"Lamentamos, mas não é possível aceder ao conteúdo. Tente novamente mais tarde.",,"Text",,"All",,"Microsoft Teams for Windows Phone",,""
"Reply",,"Responder",,"Text",,"All",,"Microsoft Teams for Windows Phone",,""
"Failed to start the chat.",,"Falha ao iniciar a conversa.",,"Text",,"All",,"Microsoft Teams for Windows Phone",,""
"General",,"Geral",,"Text",,"All",,"Microsoft Teams for Windows Phone",,""
"{0} removed {1} from the chat",,"{0} removeu {1} da conversa",,"Text",,"All",,"Microsoft Teams for Windows Phone",,""
"This message has been deleted.",,"Esta mensagem foi eliminada.",,"Text",,"All",,"Microsoft Teams for Windows Phone",,""
"This tab is deleted.",,"Este separador foi eliminado.",,"Text",,"All",,"Microsoft Teams for Windows Phone",,""
"Administrator has disabled chat for this user",,"O administrador desativou as conversas para este utilizador",,"Text",,"All",,"Microsoft Teams for Windows Phone",,""
"Email",,"E-mail",,"Text",,"All",,"Microsoft Teams for Windows Phone",,""
"To: {0}",,"Para: {0}",,"Text",,"All",,"Microsoft Teams for Windows Phone",,""
"End call",,"Terminar chamada",,"Text",,"All",,"Microsoft Teams for Windows Phone",,""
"Syncing",,"A sincronizar",,"Text",,"All",,"Microsoft Teams for Windows Phone",,""
"Uh oh, something went wrong and we couldn't sync your data. Your content may not be available right now. Please try again later.",,"Ups, algo correu mal e não foi possível sincronizar os dados. O conteúdo pode não estar disponível neste momento. Tente novamente mais tarde.",,"Text",,"All",,"Microsoft Teams for Windows Phone",,""
"Wow, you have a lot of content! We're still syncing {0} item(s), but let's get you started.",,"Ena, tem uma grande quantidade de conteúdo! Ainda estamos a sincronizar {0} item(ns), mas vamos ajudá-lo a começar.",,"Text",,"All",,"Microsoft Teams for Windows Phone",,""
"We're sorry",,"Lamentamos",,"Text",,"All",,"Microsoft Teams for Windows Phone",,""
"Sorry, your device is offline. Please try again later.",,"Lamentamos, mas o seu dispositivo está offline. Tente novamente mais tarde.",,"Text",,"All",,"Microsoft Teams for Windows Phone",,""
"Export logs",,"Exportar registos",,"Text",,"All",,"Microsoft Teams for Windows Phone",,""
"Tap the star to favorite or unfavorite a channel.",,"Toque na estrela para adicionar um canal como favorito ou anular esse favorito.",,"Text",,"All",,"Microsoft Teams for Windows Phone",,""
"Tap the star to favorite or unfavorite a team.",,"Toque na estrela para adicionar uma equipa como favorita ou anular esse favorito.",,"Text",,"All",,"Microsoft Teams for Windows Phone",,""
"Cancel",,"Cancelar",,"Text",,"All",,"Microsoft Teams for Windows Phone",,""
"Feedback",,"Comentários",,"Text",,"All",,"Microsoft Teams for Windows Phone",,""
"Attach screenshot",,"Anexar captura de ecrã",,"Text",,"All",,"Microsoft Teams for Windows Phone",,""
"Enter Feedback",,"Introduzir Comentários",,"Text",,"All",,"Microsoft Teams for Windows Phone",,""
"Enter title (required)",,"Introduza o título (obrigatório)",,"Text",,"All",,"Microsoft Teams for Windows Phone",,""
"A file with this name already exists in this folder. What would you like to do?",,"Já existe um ficheiro com este nome nesta pasta. O que pretende fazer?",,"Text",,"All",,"Microsoft Teams for Windows Phone",,""
"Replace",,"Substituir",,"Text",,"All",,"Microsoft Teams for Windows Phone",,""
"This file already exists",,"Este ficheiro já existe",,"Text",,"All",,"Microsoft Teams for Windows Phone",,""
"{0} KB, Modified by {1} on {2}",,"{0} KB, Modificado por {1} a {2}",,"Text",,"All",,"Microsoft Teams for Windows Phone",,""
"[The file or image preview is not available]",,"[A pré-visualização do ficheiro ou da imagem não está disponível]",,"Text",,"All",,"Microsoft Teams for Windows Phone",,""
"File upload failed.",,"Falha no carregamento do ficheiro.",,"Text",,"All",,"Microsoft Teams for Windows Phone",,""
"We can't load the files for this channel right now.",,"Neste momento, não é possível carregar os ficheiros para este canal.",,"Text",,"All",,"Microsoft Teams for Windows Phone",,""
"Modified by {0} on {1}",,"Modificado por {0} a {1}",,"Text",,"All",,"Microsoft Teams for Windows Phone",,""
"Following",,"Seguir",,"Text",,"All",,"Microsoft Teams for Windows Phone",,""
"We couldn't follow or unfollow that channel for you",,"Não foi possível seguir ou deixar de seguir esse canal",,"Text",,"All",,"Microsoft Teams for Windows Phone",,""
"Please update the app now to continue using Microsoft Teams",,"Atualize agora a aplicação para continuar a utilizar o Microsoft Teams",,"Text",,"All",,"Microsoft Teams for Windows Phone",,""
"Update required",,"Atualização necessária",,"Text",,"All",,"Microsoft Teams for Windows Phone",,""
"Show",,"Mostrar",,"Text",,"All",,"Microsoft Teams for Windows Phone",,""
"+ {0} others liked your message in {1}",,"+ {0} utilizadores gostaram da sua mensagem em {1}",,"Text",,"All",,"Microsoft Teams for Windows Phone",,""
"Liked your message in {0}",,"Gostou da sua mensagem em {0}",,"Text",,"All",,"Microsoft Teams for Windows Phone",,""
"+ {0} other liked your message in {1}",,"+ {0} utilizador gostaram da sua mensagem em {1}",,"Text",,"All",,"Microsoft Teams for Windows Phone",,""
"Mentioned you in {0}",,"Mencionou-o em {0}",,"Text",,"All",,"Microsoft Teams for Windows Phone",,""
"Mentioned {0} in {1}",,"Mencionou {0} em {1}",,"Text",,"All",,"Microsoft Teams for Windows Phone",,""
"+ {0} others replied to a conversation you are part of in {1}",,"+ {0} utilizadores responderam a uma conversa na qual está incluído em {1}",,"Text",,"All",,"Microsoft Teams for Windows Phone",,""
"Replied to a conversation you are part of in {0}",,"Respondeu a uma conversa na qual está incluído em {0}",,"Text",,"All",,"Microsoft Teams for Windows Phone",,""
"+ {0} others replied to your conversation in {1}",,"+ {0} utilizadores responderam à sua conversa em {1}",,"Text",,"All",,"Microsoft Teams for Windows Phone",,""
"Replied to your conversation in {0}",,"Respondeu à sua conversa em {0}",,"Text",,"All",,"Microsoft Teams for Windows Phone",,""
"+ {0} other replied to your conversation in {1}",,"+ {0} utilizador responderam à sua conversa em {1}",,"Text",,"All",,"Microsoft Teams for Windows Phone",,""
"+ {0} other replied to a conversation you are part of in {1}",,"+ {0} utilizador responderam a uma conversa na qual está incluído em {1}",,"Text",,"All",,"Microsoft Teams for Windows Phone",,""
"{0} and {1} others",,"{0} e {1} outros utilizadores",,"Text",,"All",,"Microsoft Teams for Windows Phone",,""
"{0} and 1 other",,"{0} e 1 outro utilizador",,"Text",,"All",,"Microsoft Teams for Windows Phone",,""
"an unavailable team: {0}",,"uma equipa não disponível: {0}",,"Text",,"All",,"Microsoft Teams for Windows Phone",,""
"+ {0} others participated in a conversation in {1}",,"+ {0} utilizadores participaram numa conversa em {1}",,"Text",,"All",,"Microsoft Teams for Windows Phone",,""
"+ {0} other participated in a conversation in {1}",,"+ {0} utilizador participaram numa conversa em {1}",,"Text",,"All",,"Microsoft Teams for Windows Phone",,""
"Posted a new message in {0}",,"Publicou uma nova mensagem em {0}",,"Text",,"All",,"Microsoft Teams for Windows Phone",,""
"Participated in a conversation in {0}",,"Participou numa conversa em {0}",,"Text",,"All",,"Microsoft Teams for Windows Phone",,""
"{0}, {1}, and {2} more",,"{0}, {1} e mais {2} utilizadores",,"Text",,"All",,"Microsoft Teams for Windows Phone",,""
"{0} older replies",,"{0} respostas mais antigas",,"Text",,"All",,"Microsoft Teams for Windows Phone",,""
"Added you to {0}",,"Adicionou-o a {0}",,"Text",,"All",,"Microsoft Teams for Windows Phone",,""
"Made you an owner of {0} team",,"Tornou-o proprietário da equipa {0}",,"Text",,"All",,"Microsoft Teams for Windows Phone",,""
"Sorry, we're having trouble signing you in. Please try again.",,"Lamentamos, mas estamos com problemas no início de sessão. Volte a tentar.",,"Text",,"All",,"Microsoft Teams for Windows Phone",,""
"Powered by GIPHY",,"Com tecnologia GIPHY",,"Text",,"All",,"Microsoft Teams for Windows Phone",,""
"Administrator has disabled chat for one or more users",,"O administrador desativou as conversas para um ou mais utilizadores",,"Text",,"All",,"Microsoft Teams for Windows Phone",,""
"{0} Participants",,"{0} Participantes",,"Text",,"All",,"Microsoft Teams for Windows Phone",,""
"IMPORTANT!",,"IMPORTANTE!",,"Text",,"All",,"Microsoft Teams for Windows Phone",,""
"Place call on hold",,"Colocar chamada em espera",,"Text",,"All",,"Microsoft Teams for Windows Phone",,""
"Hold Call",,"Colocar Chamada em Espera",,"Text",,"All",,"Microsoft Teams for Windows Phone",,""
"{0}h ago",,"Há {0} h",,"Text",,"All",,"Microsoft Teams for Windows Phone",,""
"[Unable to load image]",,"[Não é possível carregar a imagem]",,"Text",,"All",,"Microsoft Teams for Windows Phone",,""
"Personal image collection preview",,"Pré-visualização da coleção de imagens pessoal",,"Text",,"All",,"Microsoft Teams for Windows Phone",,""
"We don't recoginize the sign-in address. Please use your Office 365 sign-in.",,"A Microsoft não reconhece o endereço de início de sessão. Utilize o seu início de sessão no Office 365.",,"Text",,"All",,"Microsoft Teams for Windows Phone",,""
"Only when I'm not active on desktop",,"Apenas quando não estiver ativo no ambiente de trabalho",,"Text",,"All",,"Microsoft Teams for Windows Phone",,""
"You can join this on the desktop app",,"Pode participar nesta reunião na aplicação de ambiente de trabalho",,"Text",,"All",,"Microsoft Teams for Windows Phone",,""
"Just now",,"Agora mesmo",,"Text",,"All",,"Microsoft Teams for Windows Phone",,""
"This mention will notify {0} people.",,"Esta menção vai notificar {0} pessoas.",,"Text",,"All",,"Microsoft Teams for Windows Phone",,""
"Last read",,"Última leitura",,"Text",,"All",,"Microsoft Teams for Windows Phone",,""
"Legal",,"Informações legais",,"Text",,"All",,"Microsoft Teams for Windows Phone",,""
"We couldn't like or unlike that message for you",,"Não foi possível gostar ou não gostar da mensagem",,"Text",,"All",,"Microsoft Teams for Windows Phone",,""
"Likes",,"Gostos",,"Text",,"All",,"Microsoft Teams for Windows Phone",,""
"Teams",,"Equipas",,"Text",,"All",,"Microsoft Teams for Windows Phone",,""
"Loading your teams...",,"A carregar as suas equipas...",,"Text",,"All",,"Microsoft Teams for Windows Phone",,""
"Loading...",,"A carregar...",,"Text",,"All",,"Microsoft Teams for Windows Phone",,""
"{0} is on hold",,"{0} está em espera",,"Text",,"All",,"Microsoft Teams for Windows Phone",,""
"Microsoft Teams log",,"Registo do Microsoft Teams",,"Text",,"All",,"Microsoft Teams for Windows Phone",,""
"MicrosoftTeamsLog{0}",,"MicrosoftTeamsLog{0}",,"Text",,"All",,"Microsoft Teams for Windows Phone",,""
"Try signing in with different credentials",,"Experimente iniciar sessão com credenciais diferentes",,"Text",,"All",,"Microsoft Teams for Windows Phone",,""
"There was an error and the logs for Microsoft Teams were not saved. Please try again.",,"Ocorreu um erro e os registos do Microsoft Teams não foram guardados. Tente novamente.",,"Text",,"All",,"Microsoft Teams for Windows Phone",,""
"Error saving logs",,"Erro ao guardar registos",,"Text",,"All",,"Microsoft Teams for Windows Phone",,""
"The logs for Microsoft Teams were saved to {0}.",,"Os registos do Microsoft Teams foram guardados em {0}.",,"Text",,"All",,"Microsoft Teams for Windows Phone",,""
"Logs saved",,"Registos guardados",,"Text",,"All",,"Microsoft Teams for Windows Phone",,""
"Signing in...",,"A iniciar sessão...",,"Text",,"All",,"Microsoft Teams for Windows Phone",,""
"Signing you out",,"A terminar sessão",,"Text",,"All",,"Microsoft Teams for Windows Phone",,""
"(Cancelled) {0}",,"(Cancelada) {0}",,"Text",,"All",,"Microsoft Teams for Windows Phone",,""
"Meeting ended",,"Reunião terminada",,"Text",,"All",,"Microsoft Teams for Windows Phone",,""
"Meeting ended {0}",,"Reunião terminada: {0}",,"Text",,"All",,"Microsoft Teams for Windows Phone",,""
"Meeting started",,"Reunião iniciada",,"Text",,"All",,"Microsoft Teams for Windows Phone",,""
"Meeting ended.",,"Reunião terminada.",,"Text",,"All",,"Microsoft Teams for Windows Phone",,""
"Meeting ended: {0}",,"Reunião terminada: {0}",,"Text",,"All",,"Microsoft Teams for Windows Phone",,""
"Started a meeting",,"Foi iniciada uma reunião",,"Text",,"All",,"Microsoft Teams for Windows Phone",,""
"Member added",,"Membro adicionado",,"Text",,"All",,"Microsoft Teams for Windows Phone",,""
"Member removed",,"Membro removido",,"Text",,"All",,"Microsoft Teams for Windows Phone",,""
"Member role updated",,"Função de membro atualizada",,"Text",,"All",,"Microsoft Teams for Windows Phone",,""
"Mentions",,"Menções",,"Text",,"All",,"Microsoft Teams for Windows Phone",,""
"Camera",,"Câmara",,"Text",,"All",,"Microsoft Teams for Windows Phone",,""
"Like",,"Gosto",,"Text",,"All",,"Microsoft Teams for Windows Phone",,""
"Photos",,"Fotografias",,"Text",,"All",,"Microsoft Teams for Windows Phone",,""
"Save",,"Guardar",,"Text",,"All",,"Microsoft Teams for Windows Phone",,""
"Favorite",,"Adicionar favorito",,"Text",,"All",,"Microsoft Teams for Windows Phone",,""
"To-do",,"Ação a fazer",,"Text",,"All",,"Microsoft Teams for Windows Phone",,""
"Unlike",,"Não gosto",,"Text",,"All",,"Microsoft Teams for Windows Phone",,""
"Unsave",,"Não guardar",,"Text",,"All",,"Microsoft Teams for Windows Phone",,""
"Bold",,"Negrito",,"Text",,"All",,"Microsoft Teams for Windows Phone",,""
"More options",,"Mais opções",,"Text",,"All",,"Microsoft Teams for Windows Phone",,""
"{0}m ago",,"Há {0} m",,"Text",,"All",,"Microsoft Teams for Windows Phone",,""
"Mute call",,"Desativar som da chamada",,"Text",,"All",,"Microsoft Teams for Windows Phone",,""
"Muted Conversation",,"Conversa Sem Som",,"Text",,"All",,"Microsoft Teams for Windows Phone",,""
"Selected",,"Selecionado",,"Text",,"All",,"Microsoft Teams for Windows Phone",,""
"Attachment",,"Anexo",,"Text",,"All",,"Microsoft Teams for Windows Phone",,""
"Favorite channel",,"Canal favorito",,"Text",,"All",,"Microsoft Teams for Windows Phone",,""
"{0} older replies. See all replies",,"{0} respostas mais antigas. Ver todas as respostas",,"Text",,"All",,"Microsoft Teams for Windows Phone",,""
"Your favorite channels were mentioned",,"Os seus canais favoritos foram mencionados",,"Text",,"All",,"Microsoft Teams for Windows Phone",,""
"Audio file",,"Ficheiro de áudio",,"Text",,"All",,"Microsoft Teams for Windows Phone",,""
"Code file",,"Ficheiro de código",,"Text",,"All",,"Microsoft Teams for Windows Phone",,""
"Compressed file",,"Ficheiro comprimido",,"Text",,"All",,"Microsoft Teams for Windows Phone",,""
"Design file",,"Ficheiro de design",,"Text",,"All",,"Microsoft Teams for Windows Phone",,""
"Excel file",,"Ficheiro do Excel",,"Text",,"All",,"Microsoft Teams for Windows Phone",,""
"Folder",,"Pasta",,"Text",,"All",,"Microsoft Teams for Windows Phone",,""
"File",,"Ficheiro",,"Text",,"All",,"Microsoft Teams for Windows Phone",,""
"GIF file",,"Ficheiro GIF",,"Text",,"All",,"Microsoft Teams for Windows Phone",,""
"Image file",,"Ficheiro de imagem",,"Text",,"All",,"Microsoft Teams for Windows Phone",,""
"OneNote file",,"Ficheiro do OneNote",,"Text",,"All",,"Microsoft Teams for Windows Phone",,""
"PDF file",,"Ficheiro PDF",,"Text",,"All",,"Microsoft Teams for Windows Phone",,""
"Photoshop file",,"Ficheiro do PhotoShop",,"Text",,"All",,"Microsoft Teams for Windows Phone",,""
"PowerPoint file",,"Ficheiro do PowerPoint",,"Text",,"All",,"Microsoft Teams for Windows Phone",,""
"Text file",,"Ficheiro de texto",,"Text",,"All",,"Microsoft Teams for Windows Phone",,""
"Video file",,"Ficheiro de vídeo",,"Text",,"All",,"Microsoft Teams for Windows Phone",,""
"Word file",,"Ficheiro do Word",,"Text",,"All",,"Microsoft Teams for Windows Phone",,""
"Make {0} a favorite channel",,"Tornar {0} um canal favorito",,"Text",,"All",,"Microsoft Teams for Windows Phone",,""
"Make {0} a favorite team",,"Tornar {0} uma equipa favorita",,"Text",,"All",,"Microsoft Teams for Windows Phone",,""
"Meeting info: {0} begins {1}. You can join this on the desktop app.",,"Informações sobre a reunião: {0} começa à(s) {1}. Pode participar através da aplicação de ambiente de trabalho.",,"Text",,"All",,"Microsoft Teams for Windows Phone",,""
"Tab thread for {0} created by {1}",,"Tópico do separador de {0} criado por {1}",,"Text",,"All",,"Microsoft Teams for Windows Phone",,""
"Has files",,"Tem ficheiros",,"Text",,"All",,"Microsoft Teams for Windows Phone",,""
"Image",,"Imagem",,"Text",,"All",,"Microsoft Teams for Windows Phone",,""
"Image: {0}",,"Imagem: {0}",,"Text",,"All",,"Microsoft Teams for Windows Phone",,""
"Important",,"Importante",,"Text",,"All",,"Microsoft Teams for Windows Phone",,""
"Important messages",,"Mensagens importantes",,"Text",,"All",,"Microsoft Teams for Windows Phone",,""
"Not selected",,"Não selecionado",,"Text",,"All",,"Microsoft Teams for Windows Phone",,""
"Channel",,"Canal",,"Text",,"All",,"Microsoft Teams for Windows Phone",,""
"Team",,"Equipa",,"Text",,"All",,"Microsoft Teams for Windows Phone",,""
"Last message at {0}",,"Última mensagem às {0}",,"Text",,"All",,"Microsoft Teams for Windows Phone",,""
"Last reply by {0} on {1}",,"Última resposta de {0} a {1}",,"Text",,"All",,"Microsoft Teams for Windows Phone",,""
"Last reply by {0}",,"Última resposta de {0}",,"Text",,"All",,"Microsoft Teams for Windows Phone",,""
"Numbered list of {0} items",,"Lista numerada de {0} itens",,"Text",,"All",,"Microsoft Teams for Windows Phone",,""
"Bulleted list of {0} items",,"Lista com marcas de {0} itens",,"Text",,"All",,"Microsoft Teams for Windows Phone",,""
"Item {0} of {1}",,"Item {0} de {1}",,"Text",,"All",,"Microsoft Teams for Windows Phone",,""
"Unread",,"Não lido",,"Text",,"All",,"Microsoft Teams for Windows Phone",,""
"Message from you",,"Mensagem do utilizador",,"Text",,"All",,"Microsoft Teams for Windows Phone",,""
"Message from {0}",,"Mensagem de {0}",,"Text",,"All",,"Microsoft Teams for Windows Phone",,""
"Message {0} from {1}",,"Mensagem {0} de {1}",,"Text",,"All",,"Microsoft Teams for Windows Phone",,""
"Liked by {0} people",,"{0} pessoas gostaram",,"Text",,"All",,"Microsoft Teams for Windows Phone",,""
"{0} new",,"{0} novo(s)",,"Text",,"All",,"Microsoft Teams for Windows Phone",,""
"New private chat",,"Nova conversa privada",,"Text",,"All",,"Microsoft Teams for Windows Phone",,""
"New important messages",,"Novas mensagens importantes",,"Text",,"All",,"Microsoft Teams for Windows Phone",,""
"New messages",,"Novas mensagens",,"Text",,"All",,"Microsoft Teams for Windows Phone",,""
"Not using Microsoft Teams",,"Não está a utilizar o Microsoft Teams",,"Text",,"All",,"Microsoft Teams for Windows Phone",,""
"Open attachment {0}",,"Abrir anexo {0}",,"Text",,"All",,"Microsoft Teams for Windows Phone",,""
"Open tab {0}",,"Abrir separador {0}",,"Text",,"All",,"Microsoft Teams for Windows Phone",,""
"{0} replies",,"{0} respostas",,"Text",,"All",,"Microsoft Teams for Windows Phone",,""
"Failed to send",,"Falha ao enviar",,"Text",,"All",,"Microsoft Teams for Windows Phone",,""
"Sending",,"A enviar",,"Text",,"All",,"Microsoft Teams for Windows Phone",,""
"Sign out {0}",,"Terminar sessão {0}",,"Text",,"All",,"Microsoft Teams for Windows Phone",,""
"Liked by one person",,"Uma pessoa gostou",,"Text",,"All",,"Microsoft Teams for Windows Phone",,""
"Tab",,"Separador",,"Text",,"All",,"Microsoft Teams for Windows Phone",,""
"Excel tab",,"Separador do Excel",,"Text",,"All",,"Microsoft Teams for Windows Phone",,""
"Channel files",,"Ficheiros de canal",,"Text",,"All",,"Microsoft Teams for Windows Phone",,""
"Notes tab",,"Separador Notas",,"Text",,"All",,"Microsoft Teams for Windows Phone",,""
"PDF tab",,"Separador PDF",,"Text",,"All",,"Microsoft Teams for Windows Phone",,""
"Planner tab",,"Separador Planner",,"Text",,"All",,"Microsoft Teams for Windows Phone",,""
"PowerBI tab",,"Separador PowerBI",,"Text",,"All",,"Microsoft Teams for Windows Phone",,""
"PowerPoint tab",,"Separador PowerPoint",,"Text",,"All",,"Microsoft Teams for Windows Phone",,""
"SharePoint tab",,"Separador SharePoint",,"Text",,"All",,"Microsoft Teams for Windows Phone",,""
"Word tab",,"Separador Word",,"Text",,"All",,"Microsoft Teams for Windows Phone",,""
"YouTube tab",,"Separador YouTube",,"Text",,"All",,"Microsoft Teams for Windows Phone",,""
"Inline table",,"Tabela inline",,"Text",,"All",,"Microsoft Teams for Windows Phone",,""
"Favorite team",,"Equipa favorita",,"Text",,"All",,"Microsoft Teams for Windows Phone",,""
"The team was mentioned",,"A equipa foi mencionada",,"Text",,"All",,"Microsoft Teams for Windows Phone",,""
"Thread from {0}",,"Tópico de {0}",,"Text",,"All",,"Microsoft Teams for Windows Phone",,""
"Thread {0} from {1}",,"Tópico {0} de {1}",,"Text",,"All",,"Microsoft Teams for Windows Phone",,""
"Started {0}",,"Iniciado às {0}",,"Text",,"All",,"Microsoft Teams for Windows Phone",,""
"No preview for this message type",,"Não existe pré-visualização para este tipo de mensagem",,"Text",,"All",,"Microsoft Teams for Windows Phone",,""
"View {0} contact card.",,"Ver cartão de contacto de {0}.",,"Text",,"All",,"Microsoft Teams for Windows Phone",,""
"You were mentioned",,"Foi mencionado",,"Text",,"All",,"Microsoft Teams for Windows Phone",,""
"View contact card",,"Ver cartão de contacto",,"Text",,"All",,"Microsoft Teams for Windows Phone",,""
"Email {0}",,"E-mail {0}",,"Text",,"All",,"Microsoft Teams for Windows Phone",,""
"Call {0}",,"Ligar para {0}",,"Text",,"All",,"Microsoft Teams for Windows Phone",,""
"Activity",,"Atividade",,"Text",,"All",,"Microsoft Teams for Windows Phone",,""
"Chat",,"Conversa",,"Text",,"All",,"Microsoft Teams for Windows Phone",,""
"More",,"Mais",,"Text",,"All",,"Microsoft Teams for Windows Phone",,""
"Go to {0} channel",,"Ir para o canal {0}",,"Text",,"All",,"Microsoft Teams for Windows Phone",,""
"New chat",,"Nova conversa",,"Text",,"All",,"Microsoft Teams for Windows Phone",,""
"New Chat",,"Nova Conversa",,"Text",,"All",,"Microsoft Teams for Windows Phone",,""
"Notifications",,"Notificações",,"Text",,"All",,"Microsoft Teams for Windows Phone",,""
"Notify me for",,"Notificar-me de",,"Text",,"All",,"Microsoft Teams for Windows Phone",,""
"I'm new to Office 365.",,"É a primeira vez que utilizo o Office 365.",,"Text",,"All",,"Microsoft Teams for Windows Phone",,""
"Offline",,"Offline",,"Text",,"All",,"Microsoft Teams for Windows Phone",,""
"Phone",,"Telefone",,"Text",,"All",,"Microsoft Teams for Windows Phone",,""
"Profile picture updated",,"Imagem do perfil atualizada",,"Text",,"All",,"Microsoft Teams for Windows Phone",,""
"We couldn't favorite or unfavorite that channel for you",,"Não foi possível adicionar o canal como favorito ou anular esse favorito",,"Text",,"All",,"Microsoft Teams for Windows Phone",,""
"We couldn't favorite or unfavorite that team for you",,"Não foi possível adicionar a equipa como favorita ou anular esse favorito",,"Text",,"All",,"Microsoft Teams for Windows Phone",,""
"We couldn't complete the call",,"Não foi possível concluir a chamada",,"Text",,"All",,"Microsoft Teams for Windows Phone",,""
"Microsoft Teams is no longer supported on Windows Phone.",,"O Microsoft Teams já não é suportado no Windows Phone.",,"Text",,"All",,"Microsoft Teams for Windows Phone",,""
"App support has ended",,"Terminou o suporte da aplicação",,"Text",,"All",,"Microsoft Teams for Windows Phone",,""
"[Preview unavailable]",,"[Pré-visualização não disponível]",,"Text",,"All",,"Microsoft Teams for Windows Phone",,""
"Privacy and cookies",,"Privacidade e cookies",,"Text",,"All",,"Microsoft Teams for Windows Phone",,""
"Recent searches",,"Pesquisas recentes",,"Text",,"All",,"Microsoft Teams for Windows Phone",,""
"Refresh",,"Atualizar",,"Text",,"All",,"Microsoft Teams for Windows Phone",,""
"You have been put on hold",,"Foi colocado em espera",,"Text",,"All",,"Microsoft Teams for Windows Phone",,""
"Stop following channel",,"Parar de seguir o canal",,"Text",,"All",,"Microsoft Teams for Windows Phone",,""
"Replies",,"Respostas",,"Text",,"All",,"Microsoft Teams for Windows Phone",,""
"Conversation",,"Conversa",,"Text",,"All",,"Microsoft Teams for Windows Phone",,""
"1 older reply",,"1 resposta mais antiga",,"Text",,"All",,"Microsoft Teams for Windows Phone",,""
"Resume",,"Retomar",,"Text",,"All",,"Microsoft Teams for Windows Phone",,""
"We couldn't save or unsave that message for you.",,"Não foi possível guardar ou não guardar essa mensagem para si.",,"Text",,"All",,"Microsoft Teams for Windows Phone",,""
"Search for people and messages",,"Procurar pessoas e mensagens",,"Text",,"All",,"Microsoft Teams for Windows Phone",,""
"Search GIFs",,"Procurar GIFs",,"Text",,"All",,"Microsoft Teams for Windows Phone",,""
"Search",,"Procurar",,"Text",,"All",,"Microsoft Teams for Windows Phone",,""
"Chat with {0}",,"Conversar com {0}",,"Text",,"All",,"Microsoft Teams for Windows Phone",,""
"Messages",,"Mensagens",,"Text",,"All",,"Microsoft Teams for Windows Phone",,""
"Couldn't find anything that looks like that.",,"Não foi possível encontrar nada semelhante.",,"Text",,"All",,"Microsoft Teams for Windows Phone",,""
"People",,"Pessoas",,"Text",,"All",,"Microsoft Teams for Windows Phone",,""
"Delete",,"Eliminar",,"Text",,"All",,"Microsoft Teams for Windows Phone",,""
"Unsent message options",,"Opções de mensagem não enviada",,"Text",,"All",,"Microsoft Teams for Windows Phone",,""
"We couldn't send your message",,"Não foi possível enviar a mensagem",,"Text",,"All",,"Microsoft Teams for Windows Phone",,""
"Send Notifications",,"Enviar Notificações",,"Text",,"All",,"Microsoft Teams for Windows Phone",,""
"Retry",,"Repetir",,"Text",,"All",,"Microsoft Teams for Windows Phone",,""
"{0} says",,"{0} diz",,"Text",,"All",,"Microsoft Teams for Windows Phone",,""
"Settings",,"Definições",,"Text",,"All",,"Microsoft Teams for Windows Phone",,""
"Sign-in address",,"Endereço de início de sessão",,"Text",,"All",,"Microsoft Teams for Windows Phone",,""
"Sign in",,"Iniciar sessão",,"Text",,"All",,"Microsoft Teams for Windows Phone",,""
"Sign in using your work account.",,"Inicie sessão com a sua conta profissional.",,"Text",,"All",,"Microsoft Teams for Windows Phone",,""
"Get help with signing in",,"Obter ajuda para iniciar sessão",,"Text",,"All",,"Microsoft Teams for Windows Phone",,""
"Sign out",,"Terminar sessão",,"Text",,"All",,"Microsoft Teams for Windows Phone",,""
"No",,"Não",,"Text",,"All",,"Microsoft Teams for Windows Phone",,""
"Are you sure you want to sign out?",,"Quer mesmo terminar sessão?",,"Text",,"All",,"Microsoft Teams for Windows Phone",,""
"Yes",,"Sim",,"Text",,"All",,"Microsoft Teams for Windows Phone",,""
"Play sound on success",,"Reproduzir som em caso de êxito",,"Text",,"All",,"Microsoft Teams for Windows Phone",,""
"Sound",,"Som",,"Text",,"All",,"Microsoft Teams for Windows Phone",,""
"Add a subject",,"Adicionar um assunto",,"Text",,"All",,"Microsoft Teams for Windows Phone",,""
"Update the Microsoft Teams app now to get the latest features and improvements.",,"Atualize agora a aplicação Microsoft Teams para usufruir das últimas funcionalidades e melhoramentos.",,"Text",,"All",,"Microsoft Teams for Windows Phone",,""
"Update available",,"Atualização não disponível",,"Text",,"All",,"Microsoft Teams for Windows Phone",,""
"Later",,"Mais tarde",,"Text",,"All",,"Microsoft Teams for Windows Phone",,""
"Support for Microsoft Teams on Windows Phone will end on October 20, 2018. You'll no longer be able to use the app on this device.",,"O suporte para o Microsoft Teams no Windows Phone termina a 20 de outubro de 2018. Deixará de poder utilizar a aplicação neste dispositivo.",,"Text",,"All",,"Microsoft Teams for Windows Phone",,""
"Got it",,"OK",,"Text",,"All",,"Microsoft Teams for Windows Phone",,""
"App support is ending",,"O suporte da aplicação está a terminar",,"Text",,"All",,"Microsoft Teams for Windows Phone",,""
"Read more",,"Mais informações",,"Text",,"All",,"Microsoft Teams for Windows Phone",,""
"Tab: {0}",,"Separador: {0}",,"Text",,"All",,"Microsoft Teams for Windows Phone",,""
"We can't load the tabs for this channel right now.",,"Neste momento, não é possível carregar os separadores para este canal.",,"Text",,"All",,"Microsoft Teams for Windows Phone",,""
"You're not on a team yet.",,"Ainda não está numa equipa.",,"Text",,"All",,"Microsoft Teams for Windows Phone",,""
"We can't get your teams.",,"Não é possível obter as suas equipas.",,"Text",,"All",,"Microsoft Teams for Windows Phone",,""
"Made you an owner of an unavailable team",,"Tornou-o proprietário de uma equipa não disponível",,"Text",,"All",,"Microsoft Teams for Windows Phone",,""
"team",,"equipa",,"Text",,"All",,"Microsoft Teams for Windows Phone",,""
"Please enable Microsoft Teams from the Office 365 admin portal.",,"Ative o Microsoft Teams a partir do portal de administração do Office 365.",,"Text",,"All",,"Microsoft Teams for Windows Phone",,""
"Your license doesn't include access to Microsoft Teams. You can upgrade to a supported Office 365 plan on the admin portal.",,"A licença não inclui o acesso ao Microsoft Teams. Pode atualizar para um plano do Office 365 suportado no portal de administração.",,"Text",,"All",,"Microsoft Teams for Windows Phone",,""
"Microsoft Teams isn't enabled for your organization yet. Ask your IT administrator for access.",,"O Microsoft Teams ainda não está ativado para a sua organização. Peça ao administrador de TI que forneça o acesso.",,"Text",,"All",,"Microsoft Teams for Windows Phone",,""
"Your license doesn't include access to Microsoft Teams. Ask your IT administrator for access.",,"A licença não inclui o acesso ao Microsoft Teams. Peça ao administrador de TI que forneça o acesso.",,"Text",,"All",,"Microsoft Teams for Windows Phone",,""
"Third party notices",,"Avisos de terceiros",,"Text",,"All",,"Microsoft Teams for Windows Phone",,""
"Third Party Notices",,"Avisos de Terceiros",,"Text",,"All",,"Microsoft Teams for Windows Phone",,""
"We can't load this conversation right now.",,"Neste momento, não é possível carregar esta conversa.",,"Text",,"All",,"Microsoft Teams for Windows Phone",,""
"{0}hr",,"{0} h",,"Text",,"All",,"Microsoft Teams for Windows Phone",,""
"{0}min",,"{0} min",,"Text",,"All",,"Microsoft Teams for Windows Phone",,""
"{0}sec",,"{0} s",,"Text",,"All",,"Microsoft Teams for Windows Phone",,""
"To:",,"Para:",,"Text",,"All",,"Microsoft Teams for Windows Phone",,""
"{0} changed the group name to {1}",,"{0} alterou o nome do grupo para {1}",,"Text",,"All",,"Microsoft Teams for Windows Phone",,""
"Unknown User",,"Utilizador Desconhecido",,"Text",,"All",,"Microsoft Teams for Windows Phone",,""
"Unknown",,"Desconhecido",,"Text",,"All",,"Microsoft Teams for Windows Phone",,""
"There are new messages in this conversation that can't be displayed on our mobile app. Check your web or desktop app to see what's missing.",,"Existem novas mensagens nesta conversa que não podem ser apresentadas na nossa aplicação móvel. Consulte a sua aplicação Web ou de ambiente de trabalho para ver o que está em falta.",,"Text",,"All",,"Microsoft Teams for Windows Phone",,""
"Not supported. Please use the desktop app to use this.",,"Não suportado. Utilize a aplicação de ambiente de trabalho para utilizar esta funcionalidade.",,"Text",,"All",,"Microsoft Teams for Windows Phone",,""
"Download original email",,"Descarregar e-mail original",,"Text",,"All",,"Microsoft Teams for Windows Phone",,""
"Yesterday",,"Ontem",,"Text",,"All",,"Microsoft Teams for Windows Phone",,""
"Yesterday {0}",,"Ontem {0}",,"Text",,"All",,"Microsoft Teams for Windows Phone",,""
