﻿PERMISSION NOTICE

The Microsoft “Terms of Use” (available at the www.microsoft.com website) govern all glossary terms in this document (“Glossary Terms”).  The following supplemental terms and conditions also apply.  If there is any conflict between the Terms of Use and the following terms and conditions, the following terms and conditions will take
Precedence over the Terms of Use.
         
1. No part of the Glossary Terms may be reproduced, adapted, distributed, or transmitted in any form or by any means, electronic, mechanical, or otherwise, including photocopying and entry into an information storage and/or retrieval system, for any purpose without the prior express consent of Microsoft Corporation. 

2. You may use the Glossary Terms in the development of any application software and you may also use the Glossary Terms for personal or non-commercial purposes only without the prior written consent of Microsoft Corporation, and only if all copies contain this Permission Notice and the Microsoft copyright notice in the Terms of Use.         
                                                                                                                                
3. You are not permitted to make any modifications, deletions or additions to the Glossary Terms.
 
4. Except as expressly set forth above, Microsoft’s publication of the Glossary Terms does not grant any rights to use, distribute, or implement any technology or intellectual property rights. All rights not expressly granted herein are expressly reserved by Microsoft.
"Source Term",,"Translation",,"String Category",,"Platform",,"Product",,"Version"
"We're working on getting them back for you ASAP.",,"Estamos trabalhando para obtê-las o mais rápido possível.",,"Text",,"All",,"Microsoft Teams for Windows Phone",,""
"We can't get your activities.",,"Não é possível carregar suas atividades.",,"Text",,"All",,"Microsoft Teams for Windows Phone",,""
"Stay on top of relevant activity, such as mentions, likes and replies.",,"Fique por dentro de atividades relevantes, como menções, curtidas e respostas.",,"Text",,"All",,"Microsoft Teams for Windows Phone",,""
"You'll find notifications here.",,"Você encontrará as notificações aqui.",,"Text",,"All",,"Microsoft Teams for Windows Phone",,""
"We can't update your activities right now",,"Não é possível atualizar suas atividades agora",,"Text",,"All",,"Microsoft Teams for Windows Phone",,""
"Added you to an unavailable channel",,"Adicionou você a um canal não disponível",,"Text",,"All",,"Microsoft Teams for Windows Phone",,""
"Added you to an unavailable team",,"Adicionou você a uma equipe não disponível",,"Text",,"All",,"Microsoft Teams for Windows Phone",,""
"an unavailable channel",,"um canal não disponível",,"Text",,"All",,"Microsoft Teams for Windows Phone",,""
"an unavailable team",,"uma equipe não disponível",,"Text",,"All",,"Microsoft Teams for Windows Phone",,""
"Add to favorites",,"Adicionar aos favoritos",,"Text",,"All",,"Microsoft Teams for Windows Phone",,""
"Follow channel",,"Seguir canal",,"Text",,"All",,"Microsoft Teams for Windows Phone",,""
"{0} added {1} to the conversation",,"{0} adicionou {1} à conversa",,"Text",,"All",,"Microsoft Teams for Windows Phone",,""
"Address",,"Endereço",,"Text",,"All",,"Microsoft Teams for Windows Phone",,""
"{0} and {1}",,"{0} e {1}",,"Text",,"All",,"Microsoft Teams for Windows Phone",,""
"{0}, {1}, and {2}",,"{0}, {1} e {2}",,"Text",,"All",,"Microsoft Teams for Windows Phone",,""
"{0}, {1}, and {2} others",,"{0}, {1} e {2} outras pessoas",,"Text",,"All",,"Microsoft Teams for Windows Phone",,""
"We can't load your older activities right now",,"Não é possível carregar suas atividades mais antigas agora",,"Text",,"All",,"Microsoft Teams for Windows Phone",,""
"All channels",,"Todos os canais",,"Text",,"All",,"Microsoft Teams for Windows Phone",,""
"Channels",,"Canais",,"Text",,"All",,"Microsoft Teams for Windows Phone",,""
"We can't update your teams right now",,"Não é possível atualizar suas equipes agora",,"Text",,"All",,"Microsoft Teams for Windows Phone",,""
"All teams",,"Todas as equipes",,"Text",,"All",,"Microsoft Teams for Windows Phone",,""
"Always, even if I'm active on desktop",,"Sempre, mesmo que eu esteja ativo na área de trabalho",,"Text",,"All",,"Microsoft Teams for Windows Phone",,""
"Microsoft Teams",,"Microsoft Teams",,"Text",,"All",,"Microsoft Teams for Windows Phone",,""
"Microsoft Teams (Dev)",,"Microsoft Teams (Dev)",,"Text",,"All",,"Microsoft Teams for Windows Phone",,""
"Microsoft Teams (Dogfood)",,"Microsoft Teams (Dogfood)",,"Text",,"All",,"Microsoft Teams for Windows Phone",,""
"Microsoft Teams (TAP)",,"Microsoft Teams (TAP)",,"Text",,"All",,"Microsoft Teams for Windows Phone",,""
"Teams",,"Teams",,"Text",,"All",,"Microsoft Teams for Windows Phone",,""
"Bluetooth",,"Bluetooth",,"Text",,"All",,"Microsoft Teams for Windows Phone",,""
"Change audio output device",,"Alterar dispositivo de saída de áudio",,"Text",,"All",,"Microsoft Teams for Windows Phone",,""
"Device",,"Dispositivo",,"Text",,"All",,"Microsoft Teams for Windows Phone",,""
"Headset",,"Fone de ouvido com microfone",,"Text",,"All",,"Microsoft Teams for Windows Phone",,""
"Speaker",,"Viva-voz",,"Text",,"All",,"Microsoft Teams for Windows Phone",,""
"Please sign in again with your current password.",,"Entre novamente com sua senha atual.",,"Text",,"All",,"Microsoft Teams for Windows Phone",,""
"Microsoft Teams is now using modern authentication, a better, more secure way to sign in. Once you've signed in again, you won't need to re-enter credentials when you open any Office 365 application.",,"Agora o Microsoft Teams usa a autenticação moderna, uma maneira melhor e mais segura de entrar. Após entrar novamente, você não precisará reinserir as credenciais ao abrir qualquer aplicativo do Office 365.",,"Text",,"All",,"Microsoft Teams for Windows Phone",,""
"You'll get modern authentication, a single, better, and more secure sign in to all your Office 365 apps.",,"Você obterá a autenticação moderna, uma entrada única, melhor e mais segura para todos os aplicativos do Office 365.",,"Text",,"All",,"Microsoft Teams for Windows Phone",,""
"Please sign back in to Microsoft Teams",,"Entre novamente no Microsoft Teams",,"Text",,"All",,"Microsoft Teams for Windows Phone",,""
"({0} Guests)",,"({0} Convidados)",,"Text",,"All",,"Microsoft Teams for Windows Phone",,""
"(1 Guest)",,"(1 Convidado)",,"Text",,"All",,"Microsoft Teams for Windows Phone",,""
"{0} (Guest)",,"{0} (Convidado)",,"Text",,"All",,"Microsoft Teams for Windows Phone",,""
"Back",,"Voltar",,"Text",,"All",,"Microsoft Teams for Windows Phone",,""
"Sent a card",,"Enviou um cartão",,"Text",,"All",,"Microsoft Teams for Windows Phone",,""
"Hang up your current call before starting a new one.",,"Desligue a chamada atual antes de iniciar uma nova.",,"Text",,"All",,"Microsoft Teams for Windows Phone",,""
"Call busy",,"Chamada ocupada",,"Text",,"All",,"Microsoft Teams for Windows Phone",,""
"Call canceled",,"Chamada cancelada",,"Text",,"All",,"Microsoft Teams for Windows Phone",,""
"Call declined",,"Chamada recusada",,"Text",,"All",,"Microsoft Teams for Windows Phone",,""
"Call dropped",,"Chamada desconectada",,"Text",,"All",,"Microsoft Teams for Windows Phone",,""
"hh\:mm\:ss",,"hh\:mm\:ss",,"Text",,"All",,"Microsoft Teams for Windows Phone",,""
"mm\:ss",,"mm\:ss",,"Text",,"All",,"Microsoft Teams for Windows Phone",,""
"Call Ended",,"Chamada Encerrada",,"Text",,"All",,"Microsoft Teams for Windows Phone",,""
"Call ended",,"Chamada encerrada",,"Text",,"All",,"Microsoft Teams for Windows Phone",,""
"Call Ended {0}",,"Chamada Encerrada: {0}",,"Text",,"All",,"Microsoft Teams for Windows Phone",,""
"Call ended {0}",,"Chamada encerrada: {0}",,"Text",,"All",,"Microsoft Teams for Windows Phone",,""
"Call failed",,"Falha na chamada",,"Text",,"All",,"Microsoft Teams for Windows Phone",,""
"Call Missed",,"Chamada Perdida",,"Text",,"All",,"Microsoft Teams for Windows Phone",,""
"Call missed",,"Chamada perdida",,"Text",,"All",,"Microsoft Teams for Windows Phone",,""
"Tap to return to call",,"Toque para retornar à chamada",,"Text",,"All",,"Microsoft Teams for Windows Phone",,""
"Call on hold",,"Chamada em espera",,"Text",,"All",,"Microsoft Teams for Windows Phone",,""
"Call",,"Ligar",,"Text",,"All",,"Microsoft Teams for Windows Phone",,""
"Call started",,"Chamada iniciada",,"Text",,"All",,"Microsoft Teams for Windows Phone",,""
"Calling",,"Chamando",,"Text",,"All",,"Microsoft Teams for Windows Phone",,""
"Sorry, we're unable to search for people at the moment",,"Não é possível pesquisar pessoas no momento",,"Text",,"All",,"Microsoft Teams for Windows Phone",,""
"Conversations",,"Conversas",,"Text",,"All",,"Microsoft Teams for Windows Phone",,""
"Try @ mentioning the people you want to participate in this channel.",,"Tente @ mencionar às pessoas que você quer que participem deste canal.",,"Text",,"All",,"Microsoft Teams for Windows Phone",,""
"Remove from favorites",,"Remover dos favoritos",,"Text",,"All",,"Microsoft Teams for Windows Phone",,""
"More options for this channel",,"Mais opções para este canal",,"Text",,"All",,"Microsoft Teams for Windows Phone",,""
"We can't update your channels right now",,"Não é possível atualizar seus canais agora",,"Text",,"All",,"Microsoft Teams for Windows Phone",,""
"We're working on getting them back for you ASAP.",,"Estamos tentando carregar o mais rápido possível.",,"Text",,"All",,"Microsoft Teams for Windows Phone",,""
"We can't load this channel right now.",,"Não é possível carregar este canal agora.",,"Text",,"All",,"Microsoft Teams for Windows Phone",,""
"channel",,"canal",,"Text",,"All",,"Microsoft Teams for Windows Phone",,""
"We can't update your conversations right now",,"Não é possível atualizar suas conversas agora",,"Text",,"All",,"Microsoft Teams for Windows Phone",,""
"Tabs",,"Guias",,"Text",,"All",,"Microsoft Teams for Windows Phone",,""
"Have private one-on-one and group conversations, and video calls.",,"Tenha conversas privadas individuais e em grupo e faça chamadas de vídeo.",,"Text",,"All",,"Microsoft Teams for Windows Phone",,""
"Start a private chat.",,"Inicie um chat privado.",,"Text",,"All",,"Microsoft Teams for Windows Phone",,""
"We can't get your chats",,"Não é possível acessar seus chats",,"Text",,"All",,"Microsoft Teams for Windows Phone",,""
"We can't update your chats right now",,"Não é possível atualizar seus chats agora",,"Text",,"All",,"Microsoft Teams for Windows Phone",,""
"We can't get your messages.",,"Não é possível carregar suas mensagens.",,"Text",,"All",,"Microsoft Teams for Windows Phone",,""
"Chat",,"Chat",,"Text",,"All",,"Microsoft Teams for Windows Phone",,""
"We can't load your older messages right now",,"Não é possível carregar suas mensagens mais antigas agora",,"Text",,"All",,"Microsoft Teams for Windows Phone",,""
"You",,"Você",,"Text",,"All",,"Microsoft Teams for Windows Phone",,""
"We can't update your conversation right now",,"Não é possível atualizar sua conversa agora",,"Text",,"All",,"Microsoft Teams for Windows Phone",,""
"Failed to send:",,"Falha ao enviar:",,"Text",,"All",,"Microsoft Teams for Windows Phone",,""
"Sending:",,"Enviando:",,"Text",,"All",,"Microsoft Teams for Windows Phone",,""
"Chats",,"Chats",,"Text",,"All",,"Microsoft Teams for Windows Phone",,""
"We're getting things ready...",,"Estamos preparando tudo...",,"Text",,"All",,"Microsoft Teams for Windows Phone",,""
"Please give us a sec...",,"Aguarde um instante...",,"Text",,"All",,"Microsoft Teams for Windows Phone",,""
"We'll be done soon...",,"Terminaremos logo...",,"Text",,"All",,"Microsoft Teams for Windows Phone",,""
"Almost there...",,"Quase lá...",,"Text",,"All",,"Microsoft Teams for Windows Phone",,""
"CLEAR LIST",,"LIMPAR LISTA",,"Text",,"All",,"Microsoft Teams for Windows Phone",,""
"Files",,"Arquivos",,"Text",,"All",,"Microsoft Teams for Windows Phone",,""
"Close",,"Fechar",,"Text",,"All",,"Microsoft Teams for Windows Phone",,""
"Hi! This feature is not quite finished and is coming soon.",,"Este recurso não está totalmente concluído e estará disponível em breve.",,"Text",,"All",,"Microsoft Teams for Windows Phone",,""
"High importance",,"Alta prioridade",,"Text",,"All",,"Microsoft Teams for Windows Phone",,""
"Show picture picker",,"Mostrar seletor de imagens",,"Text",,"All",,"Microsoft Teams for Windows Phone",,""
"Send",,"Enviar",,"Text",,"All",,"Microsoft Teams for Windows Phone",,""
"Type your message here",,"Digite sua mensagem aqui",,"Text",,"All",,"Microsoft Teams for Windows Phone",,""
"Open contact card",,"Abrir cartão de visita",,"Text",,"All",,"Microsoft Teams for Windows Phone",,""
"More options for this conversation",,"Mais opções para esta conversa",,"Text",,"All",,"Microsoft Teams for Windows Phone",,""
"Control message",,"Mensagem de controle",,"Text",,"All",,"Microsoft Teams for Windows Phone",,""
"Sorry, we cannot access your content. Try again later.",,"Não é possível acessar seu conteúdo. Tente novamente mais tarde.",,"Text",,"All",,"Microsoft Teams for Windows Phone",,""
"Reply",,"Responder",,"Text",,"All",,"Microsoft Teams for Windows Phone",,""
"Failed to start the chat.",,"Falha ao iniciar o chat.",,"Text",,"All",,"Microsoft Teams for Windows Phone",,""
"General",,"Geral",,"Text",,"All",,"Microsoft Teams for Windows Phone",,""
"{0} removed {1} from the chat",,"{0} removeu {1} do chat",,"Text",,"All",,"Microsoft Teams for Windows Phone",,""
"This message has been deleted.",,"Esta mensagem foi excluída.",,"Text",,"All",,"Microsoft Teams for Windows Phone",,""
"This tab is deleted.",,"Esta guia foi excluída.",,"Text",,"All",,"Microsoft Teams for Windows Phone",,""
"Administrator has disabled chat for this user",,"O administrador desabilitou o chat para este usuário",,"Text",,"All",,"Microsoft Teams for Windows Phone",,""
"Email",,"Email",,"Text",,"All",,"Microsoft Teams for Windows Phone",,""
"To: {0}",,"Para: {0}",,"Text",,"All",,"Microsoft Teams for Windows Phone",,""
"End call",,"Encerrar chamada",,"Text",,"All",,"Microsoft Teams for Windows Phone",,""
"Syncing",,"Sincronizando",,"Text",,"All",,"Microsoft Teams for Windows Phone",,""
"Uh oh, something went wrong and we couldn't sync your data. Your content may not be available right now. Please try again later.",,"Houve algum problema e não foi possível sincronizar os dados. O conteúdo pode não estar disponível agora. Tente novamente mais tarde.",,"Text",,"All",,"Microsoft Teams for Windows Phone",,""
"Wow, you have a lot of content! We're still syncing {0} item(s), but let's get you started.",,"Você tem muito conteúdo! Ainda estamos sincronizando {0} item(ns), mas vamos começar.",,"Text",,"All",,"Microsoft Teams for Windows Phone",,""
"We're sorry",,"Puxa!",,"Text",,"All",,"Microsoft Teams for Windows Phone",,""
"Sorry, your device is offline. Please try again later.",,"O dispositivo está offline. Tente novamente mais tarde.",,"Text",,"All",,"Microsoft Teams for Windows Phone",,""
"Export logs",,"Exportar logs",,"Text",,"All",,"Microsoft Teams for Windows Phone",,""
"Tap the star to favorite or unfavorite a channel.",,"Toque na estrela para adicionar um canal a Favoritos ou removê-lo de Favoritos.",,"Text",,"All",,"Microsoft Teams for Windows Phone",,""
"Tap the star to favorite or unfavorite a team.",,"Toque na estrela para adicionar uma equipe a Favoritos ou removê-la de Favoritos.",,"Text",,"All",,"Microsoft Teams for Windows Phone",,""
"Cancel",,"Cancelar",,"Text",,"All",,"Microsoft Teams for Windows Phone",,""
"Feedback",,"Comentários",,"Text",,"All",,"Microsoft Teams for Windows Phone",,""
"Attach screenshot",,"Anexar captura de tela",,"Text",,"All",,"Microsoft Teams for Windows Phone",,""
"Enter Feedback",,"Inserir Comentários",,"Text",,"All",,"Microsoft Teams for Windows Phone",,""
"Enter title (required)",,"Inserir título (necessário)",,"Text",,"All",,"Microsoft Teams for Windows Phone",,""
"A file with this name already exists in this folder. What would you like to do?",,"Já existe um arquivo com este nome nesta pasta. O que você deseja fazer?",,"Text",,"All",,"Microsoft Teams for Windows Phone",,""
"Replace",,"Substituir",,"Text",,"All",,"Microsoft Teams for Windows Phone",,""
"This file already exists",,"Este arquivo já existe",,"Text",,"All",,"Microsoft Teams for Windows Phone",,""
"{0} KB, Modified by {1} on {2}",,"{0} KB, Modificado por {1} em {2}",,"Text",,"All",,"Microsoft Teams for Windows Phone",,""
"[The file or image preview is not available]",,"[A visualização de arquivo ou imagem não está disponível]",,"Text",,"All",,"Microsoft Teams for Windows Phone",,""
"File upload failed.",,"Falha ao carregar arquivo.",,"Text",,"All",,"Microsoft Teams for Windows Phone",,""
"We're working on getting them back for you ASAP.",,"Estamos trabalhando para carregá-los o mais rápido possível.",,"Text",,"All",,"Microsoft Teams for Windows Phone",,""
"We can't load the files for this channel right now.",,"Não é possível carregar os arquivos para este canal agora.",,"Text",,"All",,"Microsoft Teams for Windows Phone",,""
"Modified by {0} on {1}",,"Modificado por {0} em {1}",,"Text",,"All",,"Microsoft Teams for Windows Phone",,""
"Following",,"Seguindo",,"Text",,"All",,"Microsoft Teams for Windows Phone",,""
"We couldn't follow or unfollow that channel for you",,"Não foi possível seguir ou deixar de seguir este canal",,"Text",,"All",,"Microsoft Teams for Windows Phone",,""
"Please update the app now to continue using Microsoft Teams",,"Atualize o aplicativo agora para continuar usando o Microsoft Teams",,"Text",,"All",,"Microsoft Teams for Windows Phone",,""
"Update required",,"Atualização necessária",,"Text",,"All",,"Microsoft Teams for Windows Phone",,""
"Show",,"Mostrar",,"Text",,"All",,"Microsoft Teams for Windows Phone",,""
"+ {0} others liked your message in {1}",,"+ {0} outras pessoas curtiram sua mensagem em {1}",,"Text",,"All",,"Microsoft Teams for Windows Phone",,""
"Liked your message in {0}",,"Curtiu sua mensagem em {0}",,"Text",,"All",,"Microsoft Teams for Windows Phone",,""
"+ {0} other liked your message in {1}",,"+ {0} outra pessoa curtiram sua mensagem em {1}",,"Text",,"All",,"Microsoft Teams for Windows Phone",,""
"Mentioned you in {0}",,"Mencionou você em {0}",,"Text",,"All",,"Microsoft Teams for Windows Phone",,""
"Mentioned {0} in {1}",,"Mencionou {0} em {1}",,"Text",,"All",,"Microsoft Teams for Windows Phone",,""
"+ {0} others replied to a conversation you are part of in {1}",,"+ {0} outras pessoas responderam a uma conversa da qual você faz parte em {1}",,"Text",,"All",,"Microsoft Teams for Windows Phone",,""
"Replied to a conversation you are part of in {0}",,"Respondeu a uma conversa da qual você faz parte em {0}",,"Text",,"All",,"Microsoft Teams for Windows Phone",,""
"+ {0} others replied to your conversation in {1}",,"+ {0} outras pessoas responderam à sua conversa em {1}",,"Text",,"All",,"Microsoft Teams for Windows Phone",,""
"Replied to your conversation in {0}",,"Respondeu sua conversa em {0}",,"Text",,"All",,"Microsoft Teams for Windows Phone",,""
"+ {0} other replied to your conversation in {1}",,"+ {0} outras pessoas responderam à sua conversa em {1}",,"Text",,"All",,"Microsoft Teams for Windows Phone",,""
"+ {0} other replied to a conversation you are part of in {1}",,"+ {0} outras pessoas responderam a uma conversa da qual você faz parte em {1}",,"Text",,"All",,"Microsoft Teams for Windows Phone",,""
"{0} and {1} others",,"{0} e {1} outros",,"Text",,"All",,"Microsoft Teams for Windows Phone",,""
"{0} and 1 other",,"{0} e 1 outro",,"Text",,"All",,"Microsoft Teams for Windows Phone",,""
"an unavailable team: {0}",,"uma equipe não disponível: {0}",,"Text",,"All",,"Microsoft Teams for Windows Phone",,""
"+ {0} others participated in a conversation in {1}",,"+ {0} outras pessoas participaram de uma conversa em {1}",,"Text",,"All",,"Microsoft Teams for Windows Phone",,""
"+ {0} other participated in a conversation in {1}",,"+ {0} outra pessoa participaram de uma conversa em {1}",,"Text",,"All",,"Microsoft Teams for Windows Phone",,""
"Posted a new message in {0}",,"Postou uma nova mensagem em {0}",,"Text",,"All",,"Microsoft Teams for Windows Phone",,""
"Participated in a conversation in {0}",,"Participou de uma conversa em {0}",,"Text",,"All",,"Microsoft Teams for Windows Phone",,""
"{0}, {1}, and {2} more",,"{0}, {1} e {2} mais",,"Text",,"All",,"Microsoft Teams for Windows Phone",,""
"{0} older replies",,"{0} respostas mais antigas",,"Text",,"All",,"Microsoft Teams for Windows Phone",,""
"Added you to {0}",,"Adicionou você a {0}",,"Text",,"All",,"Microsoft Teams for Windows Phone",,""
"Made you an owner of {0} team",,"Tornou você proprietário da equipe {0}",,"Text",,"All",,"Microsoft Teams for Windows Phone",,""
"Sorry, we're having trouble signing you in. Please try again.",,"Estamos com problemas para conectá-lo. Tente novamente.",,"Text",,"All",,"Microsoft Teams for Windows Phone",,""
"Powered by GIPHY",,"Da plataforma GIPHY",,"Text",,"All",,"Microsoft Teams for Windows Phone",,""
"Administrator has disabled chat for one or more users",,"O administrador desabilitou o chat para um ou mais usuários",,"Text",,"All",,"Microsoft Teams for Windows Phone",,""
"{0} Participants",,"{0} Participantes",,"Text",,"All",,"Microsoft Teams for Windows Phone",,""
"IMPORTANT!",,"IMPORTANTE!",,"Text",,"All",,"Microsoft Teams for Windows Phone",,""
"Place call on hold",,"Colocar chamada em espera",,"Text",,"All",,"Microsoft Teams for Windows Phone",,""
"Hold Call",,"Colocar Chamada em Espera",,"Text",,"All",,"Microsoft Teams for Windows Phone",,""
"{0}h ago",,"há {0} horas atrás",,"Text",,"All",,"Microsoft Teams for Windows Phone",,""
"[Unable to load image]",,"[Não é possível carregar a imagem]",,"Text",,"All",,"Microsoft Teams for Windows Phone",,""
"Personal image collection preview",,"Visualização de coleção de imagens pessoais",,"Text",,"All",,"Microsoft Teams for Windows Phone",,""
"We don't recoginize the sign-in address. Please use your Office 365 sign-in.",,"Endereço de entrada não reconhecido. Use suas credenciais do Office 365.",,"Text",,"All",,"Microsoft Teams for Windows Phone",,""
"Only when I'm not active on desktop",,"Só quando eu não estiver ativo na área de trabalho",,"Text",,"All",,"Microsoft Teams for Windows Phone",,""
"You can join this on the desktop app",,"Você pode ingressar pelo aplicativo da área de trabalho",,"Text",,"All",,"Microsoft Teams for Windows Phone",,""
"Just now",,"Agora mesmo",,"Text",,"All",,"Microsoft Teams for Windows Phone",,""
"This mention will notify {0} people.",,"Esta menção notificará {0} pessoas.",,"Text",,"All",,"Microsoft Teams for Windows Phone",,""
"Last read",,"Última lida",,"Text",,"All",,"Microsoft Teams for Windows Phone",,""
"Legal",,"Legal",,"Text",,"All",,"Microsoft Teams for Windows Phone",,""
"We couldn't like or unlike that message for you",,"Não foi possível curtir ou não curtir esta mensagem para você",,"Text",,"All",,"Microsoft Teams for Windows Phone",,""
"Likes",,"Curtidas",,"Text",,"All",,"Microsoft Teams for Windows Phone",,""
"Teams",,"Equipes",,"Text",,"All",,"Microsoft Teams for Windows Phone",,""
"Loading your teams...",,"Carregando suas equipes...",,"Text",,"All",,"Microsoft Teams for Windows Phone",,""
"Loading...",,"Carregando...",,"Text",,"All",,"Microsoft Teams for Windows Phone",,""
"{0} is on hold",,"{0} está em espera",,"Text",,"All",,"Microsoft Teams for Windows Phone",,""
"Microsoft Teams log",,"Log do Microsoft Teams",,"Text",,"All",,"Microsoft Teams for Windows Phone",,""
"MicrosoftTeamsLog{0}",,"MicrosoftTeamsLog{0}",,"Text",,"All",,"Microsoft Teams for Windows Phone",,""
"Try signing in with different credentials",,"Tente entrar com outras credenciais",,"Text",,"All",,"Microsoft Teams for Windows Phone",,""
"There was an error and the logs for Microsoft Teams were not saved. Please try again.",,"Erro. Os logs do Microsoft Teams não foram salvos. Tente novamente.",,"Text",,"All",,"Microsoft Teams for Windows Phone",,""
"Error saving logs",,"Erro ao salvar logs",,"Text",,"All",,"Microsoft Teams for Windows Phone",,""
"The logs for Microsoft Teams were saved to {0}.",,"Os logs for Microsoft Teams foram salvos em {0}.",,"Text",,"All",,"Microsoft Teams for Windows Phone",,""
"Logs saved",,"Logs salvos",,"Text",,"All",,"Microsoft Teams for Windows Phone",,""
"Signing in...",,"Entrando...",,"Text",,"All",,"Microsoft Teams for Windows Phone",,""
"Signing you out",,"Desconectando-o",,"Text",,"All",,"Microsoft Teams for Windows Phone",,""
"(Cancelled) {0}",,"(Cancelada) {0}",,"Text",,"All",,"Microsoft Teams for Windows Phone",,""
"Meeting ended",,"Reunião encerrada",,"Text",,"All",,"Microsoft Teams for Windows Phone",,""
"Meeting ended {0}",,"Reunião encerrada: {0}",,"Text",,"All",,"Microsoft Teams for Windows Phone",,""
"Meeting started",,"Reunião iniciada",,"Text",,"All",,"Microsoft Teams for Windows Phone",,""
"Meeting ended.",,"Reunião encerrada.",,"Text",,"All",,"Microsoft Teams for Windows Phone",,""
"Meeting ended: {0}",,"Reunião encerrada: {0}",,"Text",,"All",,"Microsoft Teams for Windows Phone",,""
"Started a meeting",,"Iniciou uma reunião",,"Text",,"All",,"Microsoft Teams for Windows Phone",,""
"Member added",,"Membro adicionado",,"Text",,"All",,"Microsoft Teams for Windows Phone",,""
"Member removed",,"Membro removido",,"Text",,"All",,"Microsoft Teams for Windows Phone",,""
"Member role updated",,"Função de membro atualizada",,"Text",,"All",,"Microsoft Teams for Windows Phone",,""
"Mentions",,"Menções",,"Text",,"All",,"Microsoft Teams for Windows Phone",,""
"Camera",,"Câmera",,"Text",,"All",,"Microsoft Teams for Windows Phone",,""
"Like",,"Curtir",,"Text",,"All",,"Microsoft Teams for Windows Phone",,""
"Photos",,"Fotos",,"Text",,"All",,"Microsoft Teams for Windows Phone",,""
"Save",,"Salvar",,"Text",,"All",,"Microsoft Teams for Windows Phone",,""
"Favorite",,"Favorito",,"Text",,"All",,"Microsoft Teams for Windows Phone",,""
"To-do",,"Tarefas pendentes",,"Text",,"All",,"Microsoft Teams for Windows Phone",,""
"Unlike",,"Não curtir",,"Text",,"All",,"Microsoft Teams for Windows Phone",,""
"Unsave",,"Não salvar",,"Text",,"All",,"Microsoft Teams for Windows Phone",,""
"Bold",,"Negrito",,"Text",,"All",,"Microsoft Teams for Windows Phone",,""
"More options",,"Mais opções",,"Text",,"All",,"Microsoft Teams for Windows Phone",,""
"{0}m ago",,"há {0} minutos",,"Text",,"All",,"Microsoft Teams for Windows Phone",,""
"Mute call",,"Ativar mudo da chamada",,"Text",,"All",,"Microsoft Teams for Windows Phone",,""
"Muted Conversation",,"Conversa com Mudo Ativado",,"Text",,"All",,"Microsoft Teams for Windows Phone",,""
"Selected",,"Selecionado",,"Text",,"All",,"Microsoft Teams for Windows Phone",,""
"Attachment",,"Anexo",,"Text",,"All",,"Microsoft Teams for Windows Phone",,""
"Favorite channel",,"Canal favorito",,"Text",,"All",,"Microsoft Teams for Windows Phone",,""
"{0} older replies. See all replies",,"{0} respostas mais antigas. Ver todas as respostas",,"Text",,"All",,"Microsoft Teams for Windows Phone",,""
"Your favorite channels were mentioned",,"Seus canais favoritos foram mencionados",,"Text",,"All",,"Microsoft Teams for Windows Phone",,""
"Audio file",,"Arquivo de áudio",,"Text",,"All",,"Microsoft Teams for Windows Phone",,""
"Code file",,"Arquivo de código",,"Text",,"All",,"Microsoft Teams for Windows Phone",,""
"Compressed file",,"Arquivo compactado",,"Text",,"All",,"Microsoft Teams for Windows Phone",,""
"Design file",,"Arquivo de design",,"Text",,"All",,"Microsoft Teams for Windows Phone",,""
"Excel file",,"Arquivo do Excel",,"Text",,"All",,"Microsoft Teams for Windows Phone",,""
"Folder",,"Pasta",,"Text",,"All",,"Microsoft Teams for Windows Phone",,""
"File",,"Arquivo",,"Text",,"All",,"Microsoft Teams for Windows Phone",,""
"GIF file",,"Arquivo GIF",,"Text",,"All",,"Microsoft Teams for Windows Phone",,""
"Image file",,"Arquivo de imagem",,"Text",,"All",,"Microsoft Teams for Windows Phone",,""
"OneNote file",,"Arquivo do OneNote",,"Text",,"All",,"Microsoft Teams for Windows Phone",,""
"PDF file",,"Arquivo PDF",,"Text",,"All",,"Microsoft Teams for Windows Phone",,""
"Photoshop file",,"Arquivo do Photoshop",,"Text",,"All",,"Microsoft Teams for Windows Phone",,""
"PowerPoint file",,"Arquivo do PowerPoint",,"Text",,"All",,"Microsoft Teams for Windows Phone",,""
"Text file",,"Arquivo de texto",,"Text",,"All",,"Microsoft Teams for Windows Phone",,""
"Video file",,"Arquivo de vídeo",,"Text",,"All",,"Microsoft Teams for Windows Phone",,""
"Word file",,"Arquivo do Word",,"Text",,"All",,"Microsoft Teams for Windows Phone",,""
"Make {0} a favorite channel",,"Tornar {0} um canal favorito",,"Text",,"All",,"Microsoft Teams for Windows Phone",,""
"Make {0} a favorite team",,"Tornar {0} uma equipe favorita",,"Text",,"All",,"Microsoft Teams for Windows Phone",,""
"Meeting info: {0} begins {1}. You can join this on the desktop app.",,"Informações da reunião: {0} começa à(s) {1}. Você pode ingressar por meio do aplicativo da área de trabalho.",,"Text",,"All",,"Microsoft Teams for Windows Phone",,""
"Tab thread for {0} created by {1}",,"Conversa da guia {0} criada por {1}",,"Text",,"All",,"Microsoft Teams for Windows Phone",,""
"Has files",,"Tem arquivos",,"Text",,"All",,"Microsoft Teams for Windows Phone",,""
"Image",,"Imagem",,"Text",,"All",,"Microsoft Teams for Windows Phone",,""
"Image: {0}",,"Imagem: {0}",,"Text",,"All",,"Microsoft Teams for Windows Phone",,""
"Important",,"Importante",,"Text",,"All",,"Microsoft Teams for Windows Phone",,""
"Important messages",,"Mensagens importantes",,"Text",,"All",,"Microsoft Teams for Windows Phone",,""
"Not selected",,"Não selecionado",,"Text",,"All",,"Microsoft Teams for Windows Phone",,""
"Channel",,"Canal",,"Text",,"All",,"Microsoft Teams for Windows Phone",,""
"Team",,"Equipe",,"Text",,"All",,"Microsoft Teams for Windows Phone",,""
"Last message at {0}",,"Última mensagem em {0}",,"Text",,"All",,"Microsoft Teams for Windows Phone",,""
"Last read",,"Última leitura",,"Text",,"All",,"Microsoft Teams for Windows Phone",,""
"Last reply by {0} on {1}",,"Última resposta de {0} em {1}",,"Text",,"All",,"Microsoft Teams for Windows Phone",,""
"Last reply by {0}",,"Última resposta de {0}",,"Text",,"All",,"Microsoft Teams for Windows Phone",,""
"Numbered list of {0} items",,"Lista numerada de {0} itens",,"Text",,"All",,"Microsoft Teams for Windows Phone",,""
"Bulleted list of {0} items",,"Lista com marcadores de {0} itens",,"Text",,"All",,"Microsoft Teams for Windows Phone",,""
"Item {0} of {1}",,"Item {0} de {1}",,"Text",,"All",,"Microsoft Teams for Windows Phone",,""
"Unread",,"Não lido",,"Text",,"All",,"Microsoft Teams for Windows Phone",,""
"Message from you",,"Mensagem sua",,"Text",,"All",,"Microsoft Teams for Windows Phone",,""
"Message from {0}",,"Mensagem de {0}",,"Text",,"All",,"Microsoft Teams for Windows Phone",,""
"Message {0} from {1}",,"Mensagem {0} de {1}",,"Text",,"All",,"Microsoft Teams for Windows Phone",,""
"Liked by {0} people",,"Curtida por {0} pessoas",,"Text",,"All",,"Microsoft Teams for Windows Phone",,""
"{0} new",,"{0} novo(s)",,"Text",,"All",,"Microsoft Teams for Windows Phone",,""
"New private chat",,"Novo chat privado",,"Text",,"All",,"Microsoft Teams for Windows Phone",,""
"New important messages",,"Novas mensagens importantes",,"Text",,"All",,"Microsoft Teams for Windows Phone",,""
"New messages",,"Novas mensagens",,"Text",,"All",,"Microsoft Teams for Windows Phone",,""
"Not using Microsoft Teams",,"Não está usando o Microsoft Teams",,"Text",,"All",,"Microsoft Teams for Windows Phone",,""
"Open attachment {0}",,"Abrir anexo {0}",,"Text",,"All",,"Microsoft Teams for Windows Phone",,""
"Open tab {0}",,"Guia aberta: {0}",,"Text",,"All",,"Microsoft Teams for Windows Phone",,""
"{0} replies",,"{0} respostas",,"Text",,"All",,"Microsoft Teams for Windows Phone",,""
"Failed to send",,"Falha ao enviar",,"Text",,"All",,"Microsoft Teams for Windows Phone",,""
"Sending",,"Enviando",,"Text",,"All",,"Microsoft Teams for Windows Phone",,""
"Sign out {0}",,"Sair de {0}",,"Text",,"All",,"Microsoft Teams for Windows Phone",,""
"Liked by one person",,"Curtida por uma pessoa",,"Text",,"All",,"Microsoft Teams for Windows Phone",,""
"Tab",,"Guia",,"Text",,"All",,"Microsoft Teams for Windows Phone",,""
"Excel tab",,"Guia do Excel",,"Text",,"All",,"Microsoft Teams for Windows Phone",,""
"Channel files",,"Arquivos de canais",,"Text",,"All",,"Microsoft Teams for Windows Phone",,""
"Notes tab",,"Guia Anotações",,"Text",,"All",,"Microsoft Teams for Windows Phone",,""
"PDF tab",,"Guia PDF",,"Text",,"All",,"Microsoft Teams for Windows Phone",,""
"Planner tab",,"Guia do Planner",,"Text",,"All",,"Microsoft Teams for Windows Phone",,""
"PowerBI tab",,"Guia do PowerBI",,"Text",,"All",,"Microsoft Teams for Windows Phone",,""
"PowerPoint tab",,"Guia do PowerPoint",,"Text",,"All",,"Microsoft Teams for Windows Phone",,""
"SharePoint tab",,"Guia do SharePoint",,"Text",,"All",,"Microsoft Teams for Windows Phone",,""
"Word tab",,"Guia do Word",,"Text",,"All",,"Microsoft Teams for Windows Phone",,""
"YouTube tab",,"Guia do YouTube",,"Text",,"All",,"Microsoft Teams for Windows Phone",,""
"Inline table",,"Tabela embutida",,"Text",,"All",,"Microsoft Teams for Windows Phone",,""
"Favorite team",,"Equipe favorita",,"Text",,"All",,"Microsoft Teams for Windows Phone",,""
"The team was mentioned",,"A equipe foi mencionada",,"Text",,"All",,"Microsoft Teams for Windows Phone",,""
"Thread from {0}",,"Conversa de {0}",,"Text",,"All",,"Microsoft Teams for Windows Phone",,""
"Thread {0} from {1}",,"Conversa {0} de {1}",,"Text",,"All",,"Microsoft Teams for Windows Phone",,""
"Started {0}",,"Iniciada em {0}",,"Text",,"All",,"Microsoft Teams for Windows Phone",,""
"No preview for this message type",,"Não há visualização para este tipo de mensagem",,"Text",,"All",,"Microsoft Teams for Windows Phone",,""
"View {0} contact card.",,"Exibir cartão de visita de {0}.",,"Text",,"All",,"Microsoft Teams for Windows Phone",,""
"You were mentioned",,"Você foi mencionado",,"Text",,"All",,"Microsoft Teams for Windows Phone",,""
"View contact card",,"Exibir cartão de visita",,"Text",,"All",,"Microsoft Teams for Windows Phone",,""
"Email {0}",,"Email {0}",,"Text",,"All",,"Microsoft Teams for Windows Phone",,""
"Call {0}",,"Ligar para {0}",,"Text",,"All",,"Microsoft Teams for Windows Phone",,""
"Activity",,"Atividade",,"Text",,"All",,"Microsoft Teams for Windows Phone",,""
"More",,"Mais",,"Text",,"All",,"Microsoft Teams for Windows Phone",,""
"Go to {0} channel",,"Vá para o canal {0}",,"Text",,"All",,"Microsoft Teams for Windows Phone",,""
"New chat",,"Novo chat",,"Text",,"All",,"Microsoft Teams for Windows Phone",,""
"New Chat",,"Novo Chat",,"Text",,"All",,"Microsoft Teams for Windows Phone",,""
"Notifications",,"Notificações",,"Text",,"All",,"Microsoft Teams for Windows Phone",,""
"Notify me for",,"Notificar-me para",,"Text",,"All",,"Microsoft Teams for Windows Phone",,""
"I'm new to Office 365.",,"Sou novo no Office 365.",,"Text",,"All",,"Microsoft Teams for Windows Phone",,""
"Offline",,"Offline",,"Text",,"All",,"Microsoft Teams for Windows Phone",,""
"Phone",,"Telefone",,"Text",,"All",,"Microsoft Teams for Windows Phone",,""
"Profile picture updated",,"Imagem do perfil atualizada",,"Text",,"All",,"Microsoft Teams for Windows Phone",,""
"We couldn't favorite or unfavorite that channel for you",,"Não foi possível adicionar ou remover este canal de Favoritos",,"Text",,"All",,"Microsoft Teams for Windows Phone",,""
"We couldn't favorite or unfavorite that team for you",,"Não foi possível adicionar ou remover esta equipe de Favoritos",,"Text",,"All",,"Microsoft Teams for Windows Phone",,""
"We couldn't complete the call",,"Não foi possível completar a chamada",,"Text",,"All",,"Microsoft Teams for Windows Phone",,""
"Microsoft Teams is no longer supported on Windows Phone.",,"O Windows Phone não dá mais suporte ao Microsoft Teams.",,"Text",,"All",,"Microsoft Teams for Windows Phone",,""
"App support has ended",,"O suporte ao aplicativo foi encerrado",,"Text",,"All",,"Microsoft Teams for Windows Phone",,""
"[Preview unavailable]",,"[Visualização não disponível]",,"Text",,"All",,"Microsoft Teams for Windows Phone",,""
"Privacy and cookies",,"Privacidade e cookies",,"Text",,"All",,"Microsoft Teams for Windows Phone",,""
"Recent searches",,"Pesquisas recentes",,"Text",,"All",,"Microsoft Teams for Windows Phone",,""
"Refresh",,"Atualizar",,"Text",,"All",,"Microsoft Teams for Windows Phone",,""
"You have been put on hold",,"Você está em espera",,"Text",,"All",,"Microsoft Teams for Windows Phone",,""
"Stop following channel",,"Parar de seguir canal",,"Text",,"All",,"Microsoft Teams for Windows Phone",,""
"Replies",,"Respostas",,"Text",,"All",,"Microsoft Teams for Windows Phone",,""
"Conversation",,"Conversa",,"Text",,"All",,"Microsoft Teams for Windows Phone",,""
"1 older reply",,"Uma resposta mais antiga",,"Text",,"All",,"Microsoft Teams for Windows Phone",,""
"Resume",,"Retomar",,"Text",,"All",,"Microsoft Teams for Windows Phone",,""
"We couldn't save or unsave that message for you.",,"Não foi possível salvar ou não salvar esta mensagem para você.",,"Text",,"All",,"Microsoft Teams for Windows Phone",,""
"Search for people and messages",,"Pesquisar pessoas e mensagens",,"Text",,"All",,"Microsoft Teams for Windows Phone",,""
"Search GIFs",,"Pesquisar GIFs",,"Text",,"All",,"Microsoft Teams for Windows Phone",,""
"Search",,"Pesquisar",,"Text",,"All",,"Microsoft Teams for Windows Phone",,""
"Chat with {0}",,"Chat com {0}",,"Text",,"All",,"Microsoft Teams for Windows Phone",,""
"Messages",,"Mensagens",,"Text",,"All",,"Microsoft Teams for Windows Phone",,""
"Couldn't find anything that looks like that.",,"Não foi possível localizar nada semelhante.",,"Text",,"All",,"Microsoft Teams for Windows Phone",,""
"People",,"Pessoas",,"Text",,"All",,"Microsoft Teams for Windows Phone",,""
"Delete",,"Excluir",,"Text",,"All",,"Microsoft Teams for Windows Phone",,""
"Unsent message options",,"Opções de mensagem não enviada",,"Text",,"All",,"Microsoft Teams for Windows Phone",,""
"We couldn't send your message",,"Não foi possível enviar sua mensagem",,"Text",,"All",,"Microsoft Teams for Windows Phone",,""
"Send Notifications",,"Enviar Notificações",,"Text",,"All",,"Microsoft Teams for Windows Phone",,""
"Retry",,"Tentar novamente",,"Text",,"All",,"Microsoft Teams for Windows Phone",,""
"{0} says",,"{0} diz",,"Text",,"All",,"Microsoft Teams for Windows Phone",,""
"Settings",,"Configurações",,"Text",,"All",,"Microsoft Teams for Windows Phone",,""
"Sign-in address",,"Endereço de entrada",,"Text",,"All",,"Microsoft Teams for Windows Phone",,""
"Sign in",,"Entrar",,"Text",,"All",,"Microsoft Teams for Windows Phone",,""
"Sign in using your work account.",,"Entre usando sua conta corporativa.",,"Text",,"All",,"Microsoft Teams for Windows Phone",,""
"Get help with signing in",,"Obter ajuda para entrar",,"Text",,"All",,"Microsoft Teams for Windows Phone",,""
"Sign out",,"Sair",,"Text",,"All",,"Microsoft Teams for Windows Phone",,""
"No",,"Não",,"Text",,"All",,"Microsoft Teams for Windows Phone",,""
"Are you sure you want to sign out?",,"Quer mesmo sair?",,"Text",,"All",,"Microsoft Teams for Windows Phone",,""
"Yes",,"Sim",,"Text",,"All",,"Microsoft Teams for Windows Phone",,""
"Play sound on success",,"Reproduzir som em caso de sucesso",,"Text",,"All",,"Microsoft Teams for Windows Phone",,""
"Sound",,"Som",,"Text",,"All",,"Microsoft Teams for Windows Phone",,""
"Add a subject",,"Adicionar um assunto",,"Text",,"All",,"Microsoft Teams for Windows Phone",,""
"Update the Microsoft Teams app now to get the latest features and improvements.",,"Atualize o aplicativo Microsoft Teams agora para obter os últimos recursos e melhorias.",,"Text",,"All",,"Microsoft Teams for Windows Phone",,""
"Update available",,"Atualização disponível",,"Text",,"All",,"Microsoft Teams for Windows Phone",,""
"Later",,"Mais tarde",,"Text",,"All",,"Microsoft Teams for Windows Phone",,""
"Support for Microsoft Teams on Windows Phone will end on October 20, 2018. You'll no longer be able to use the app on this device.",,"O suporte ao Microsoft Teams no Windows Phone será encerrado em 20 de outubro de 2018. Você não poderá mais usar o aplicativo no dispositivo.",,"Text",,"All",,"Microsoft Teams for Windows Phone",,""
"Got it",,"Entendi",,"Text",,"All",,"Microsoft Teams for Windows Phone",,""
"App support is ending",,"O suporte ao aplicativo está sendo encerrado",,"Text",,"All",,"Microsoft Teams for Windows Phone",,""
"Read more",,"Leia mais",,"Text",,"All",,"Microsoft Teams for Windows Phone",,""
"Tab: {0}",,"Guia: {0}",,"Text",,"All",,"Microsoft Teams for Windows Phone",,""
"We're working on getting them back for you ASAP.",,"Estamos trabalhando para carregá-las o mais rápido possível.",,"Text",,"All",,"Microsoft Teams for Windows Phone",,""
"We can't load the tabs for this channel right now.",,"Não é possível carregar as guias para este canal agora.",,"Text",,"All",,"Microsoft Teams for Windows Phone",,""
"You're not on a team yet.",,"Você ainda não está em uma equipe.",,"Text",,"All",,"Microsoft Teams for Windows Phone",,""
"We can't get your teams.",,"Não é possível carregar suas equipes.",,"Text",,"All",,"Microsoft Teams for Windows Phone",,""
"Made you an owner of an unavailable team",,"Tornou você proprietário de uma equipe não disponível",,"Text",,"All",,"Microsoft Teams for Windows Phone",,""
"team",,"equipe",,"Text",,"All",,"Microsoft Teams for Windows Phone",,""
"Please enable Microsoft Teams from the Office 365 admin portal.",,"Habilite o Microsoft Teams no portal de administração do Office 365.",,"Text",,"All",,"Microsoft Teams for Windows Phone",,""
"Your license doesn't include access to Microsoft Teams. You can upgrade to a supported Office 365 plan on the admin portal.",,"A licença não inclui acesso ao Microsoft Teams. Você pode atualizar para um plano do Office 365 com suporte no portal de administração.",,"Text",,"All",,"Microsoft Teams for Windows Phone",,""
"Microsoft Teams isn't enabled for your organization yet. Ask your IT administrator for access.",,"O Microsoft Teams ainda não está habilitado para a organização. Solicite acesso ao administrador de TI.",,"Text",,"All",,"Microsoft Teams for Windows Phone",,""
"Your license doesn't include access to Microsoft Teams. Ask your IT administrator for access.",,"A licença não inclui acesso ao Microsoft Teams. Solicite acesso ao administrador de TI.",,"Text",,"All",,"Microsoft Teams for Windows Phone",,""
"Third party notices",,"Avisos de terceiros",,"Text",,"All",,"Microsoft Teams for Windows Phone",,""
"Third Party Notices",,"Avisos de Terceiros",,"Text",,"All",,"Microsoft Teams for Windows Phone",,""
"We can't load this conversation right now.",,"Não é possível carregar esta conversa agora.",,"Text",,"All",,"Microsoft Teams for Windows Phone",,""
"{0}hr",,"{0}h",,"Text",,"All",,"Microsoft Teams for Windows Phone",,""
"{0}min",,"{0}min",,"Text",,"All",,"Microsoft Teams for Windows Phone",,""
"{0}sec",,"{0}s",,"Text",,"All",,"Microsoft Teams for Windows Phone",,""
"To:",,"Para:",,"Text",,"All",,"Microsoft Teams for Windows Phone",,""
"{0} changed the group name to {1}",,"{0} alterou o nome do grupo para {1}",,"Text",,"All",,"Microsoft Teams for Windows Phone",,""
"Unknown User",,"Usuário Desconhecido",,"Text",,"All",,"Microsoft Teams for Windows Phone",,""
"Unknown",,"Desconhecido",,"Text",,"All",,"Microsoft Teams for Windows Phone",,""
"There are new messages in this conversation that can't be displayed on our mobile app. Check your web or desktop app to see what's missing.",,"Há novas mensagens nesta conversa que não podem ser exibidas no aplicativo móvel. Confira o aplicativo Web ou da área de trabalho para ver o que está ausente.",,"Text",,"All",,"Microsoft Teams for Windows Phone",,""
"Not supported. Please use the desktop app to use this.",,"Sem suporte. Para usar isso, use o aplicativo da área de trabalho.",,"Text",,"All",,"Microsoft Teams for Windows Phone",,""
"Download original email",,"Baixar email original",,"Text",,"All",,"Microsoft Teams for Windows Phone",,""
"Yesterday",,"Ontem",,"Text",,"All",,"Microsoft Teams for Windows Phone",,""
"Yesterday {0}",,"Ontem {0}",,"Text",,"All",,"Microsoft Teams for Windows Phone",,""
