﻿PERMISSION NOTICE

The Microsoft “Terms of Use” (available at the www.microsoft.com website) govern all glossary terms in this document (“Glossary Terms”).  The following supplemental terms and conditions also apply.  If there is any conflict between the Terms of Use and the following terms and conditions, the following terms and conditions will take
Precedence over the Terms of Use.
         
1. No part of the Glossary Terms may be reproduced, adapted, distributed, or transmitted in any form or by any means, electronic, mechanical, or otherwise, including photocopying and entry into an information storage and/or retrieval system, for any purpose without the prior express consent of Microsoft Corporation. 

2. You may use the Glossary Terms in the development of any application software and you may also use the Glossary Terms for personal or non-commercial purposes only without the prior written consent of Microsoft Corporation, and only if all copies contain this Permission Notice and the Microsoft copyright notice in the Terms of Use.         
                                                                                                                                
3. You are not permitted to make any modifications, deletions or additions to the Glossary Terms.
 
4. Except as expressly set forth above, Microsoft’s publication of the Glossary Terms does not grant any rights to use, distribute, or implement any technology or intellectual property rights. All rights not expressly granted herein are expressly reserved by Microsoft.
"Source Term",,"Translation",,"String Category",,"Platform",,"Product",,"Version"
"Cancel",,"Cancelar",,"None",,"All",,"Skype Cast Organizer 2016",,""
"Select an app for the right panel",,"Selecione um aplicativo para o painel direito",,"None",,"All",,"Skype Cast Organizer 2016",,""
"Add a start time",,"Adicione uma hora de início",,"None",,"All",,"Skype Cast Organizer 2016",,""
"This meeting’s video was published to Office 365",,"O vídeo desta reunião foi publicado no Office 365",,"None",,"All",,"Skype Cast Organizer 2016",,""
"Checking a few things. We'll get your meetings in a bit.",,"Estamos verificando alguns detalhes. Cuidaremos de suas reuniões em breve.",,"None",,"All",,"Skype Cast Organizer 2016",,""
"Attendee page settings",,"Configurações da página de participantes",,"None",,"All",,"Skype Cast Organizer 2016",,""
"Transcription and translation is enabled",,"A transcrição e a tradução estão habilitadas",,"None",,"All",,"Skype Cast Organizer 2016",,""
"The start time is later than the end time.",,"A hora de início é posterior à hora de término.",,"None",,"All",,"Skype Cast Organizer 2016",,""
"Note: captions are currently not available in full screen video",,"Observação: no momento, as legendas não estão disponíveis no vídeo em tela inteira",,"None",,"All",,"Skype Cast Organizer 2016",,""
"Create Outlook invitation",,"Criar um convite do Outlook",,"None",,"All",,"Skype Cast Organizer 2016",,""
"Video title",,"Título do vídeo",,"None",,"All",,"Skype Cast Organizer 2016",,""
"only attendees listed below can join the meeting",,"somente os participantes listados abaixo podem participar da reunião",,"None",,"All",,"Skype Cast Organizer 2016",,""
"The meeting details couldn't be retrieved.",,"Não foi possível recuperar os detalhes da reunião.",,"None",,"All",,"Skype Cast Organizer 2016",,""
"Delete",,"Excluir",,"None",,"All",,"Skype Cast Organizer 2016",,""
"Recover this meeting",,"Recuperar esta reunião",,"None",,"All",,"Skype Cast Organizer 2016",,""
"The meeting request is empty.",,"A solicitação de reunião está vazia.",,"None",,"All",,"Skype Cast Organizer 2016",,""
"Create a video recording for download",,"Criar uma gravação de vídeo para download",,"None",,"All",,"Skype Cast Organizer 2016",,""
"BroadcastMeeting.ics",,"BroadcastMeeting.ics",,"None",,"All",,"Skype Cast Organizer 2016",,""
"View published video",,"Exibir vídeo publicado",,"None",,"All",,"Skype Cast Organizer 2016",,""
"Edit meeting details",,"Editar detalhes da reunião",,"None",,"All",,"Skype Cast Organizer 2016",,""
"You don't have any meetings this month.",,"Você não tem reuniões neste mês.",,"None",,"All",,"Skype Cast Organizer 2016",,""
"Delete this meeting?",,"Excluir esta reunião?",,"None",,"All",,"Skype Cast Organizer 2016",,""
"The attendee is empty",,"O participante está vazio",,"None",,"All",,"Skype Cast Organizer 2016",,""
"You don't have permission to create meetings",,"Você não tem permissão para criar reuniões",,"None",,"All",,"Skype Cast Organizer 2016",,""
"Video recording was enabled",,"A gravação de vídeo foi habilitada",,"None",,"All",,"Skype Cast Organizer 2016",,""
"The support code couldn't be created.",,"Não foi possível criar o código de suporte.",,"None",,"All",,"Skype Cast Organizer 2016",,""
"No custom link",,"Nenhum link personalizado",,"None",,"All",,"Skype Cast Organizer 2016",,""
"Done",,"Concluído",,"None",,"All",,"Skype Cast Organizer 2016",,""
"are already in the event team",,"já estão na equipe do evento",,"None",,"All",,"Skype Cast Organizer 2016",,""
"Give attendees access to content related to this meeting or provide contact links.",,"Permita que os participantes acessem o conteúdo relacionado a esta reunião ou forneça links de contato.",,"None",,"All",,"Skype Cast Organizer 2016",,""
"The account information wasn't found.",,"Não foi possível encontrar as informações da conta.",,"None",,"All",,"Skype Cast Organizer 2016",,""
"Empty ETag",,"ETag vazia",,"None",,"All",,"Skype Cast Organizer 2016",,""
"One or more event team member' email addresses are empty",,"Um ou mais endereços de email de membro da equipe do evento estão vazios",,"None",,"All",,"Skype Cast Organizer 2016",,""
"We have exciting news--our production environment is ready for new broadcasts! ",,"Temos notícias incríveis: nosso ambiente de produção está pronto para novas transmissões! ",,"None",,"All",,"Skype Cast Organizer 2016",,""
"Reports",,"Relatórios",,"None",,"All",,"Skype Cast Organizer 2016",,""
"Couldn't find:",,"Não foi possível localizar:",,"None",,"All",,"Skype Cast Organizer 2016",,""
"Access",,"Acesso",,"None",,"All",,"Skype Cast Organizer 2016",,""
"Right panel app",,"Aplicativo do painel direito",,"None",,"All",,"Skype Cast Organizer 2016",,""
"Not started",,"Não iniciada",,"None",,"All",,"Skype Cast Organizer 2016",,""
"Getting the link to the meeting recording...",,"Obtendo o link para a gravação de reunião...",,"None",,"All",,"Skype Cast Organizer 2016",,""
"You can customize the attendee page to include audience participation apps and add supporting links.",,"Você pode personalizar a página do participante para incluir aplicativos de participação da audiência e adicionar links de apoio.",,"None",,"All",,"Skype Cast Organizer 2016",,""
"The meeting name is too long. Please shorten it.",,"O nome da reunião é muito longo. Encurte-o.",,"None",,"All",,"Skype Cast Organizer 2016",,""
"email or alias of each event team member",,"email ou alias de cada membro da equipe do evento",,"None",,"All",,"Skype Cast Organizer 2016",,""
"Jan,Feb,Mar,Apr,May,Jun,Jul,Aug,Sep,Oct,Nov,Dec",,"Jan, Fev, Mar, Abr, Maio, Jun, Jul, Ago, Set, Out, Nov, Dez",,"None",,"All",,"Skype Cast Organizer 2016",,""
"Pulse ID",,"ID do Pulse",,"None",,"All",,"Skype Cast Organizer 2016",,""
"appears below the video player.",,"exibido abaixo do player de vídeo.",,"None",,"All",,"Skype Cast Organizer 2016",,""
"Media distribution",,"Distribuição de mídia",,"None",,"All",,"Skype Cast Organizer 2016",,""
"The meeting resource couldn't be retrieved.",,"Não foi possível recuperar o recurso da reunião.",,"None",,"All",,"Skype Cast Organizer 2016",,""
"The transcription couldn't be retrieved.  Please verify that someone was speaking and unmuted during the broadcast.",,"Não foi possível recuperar a transcrição. Verifique se alguém estava falando e o mudo foi desativado durante a transmissão.",,"None",,"All",,"Skype Cast Organizer 2016",,""
"Translate the broadcast into:",,"Traduzir a transmissão para:",,"None",,"All",,"Skype Cast Organizer 2016",,""
"This will still be the place to access recordings and reports for meetings scheduled in the past, ",,"Este ainda será o local para acessar gravações e relatórios de reuniões agendadas anteriormente. ",,"None",,"All",,"Skype Cast Organizer 2016",,""
"Invalid email or alias",,"Email ou alias inválido",,"None",,"All",,"Skype Cast Organizer 2016",,""
"the ID for your Pulse event.",,"o ID do seu evento do Pulse.",,"None",,"All",,"Skype Cast Organizer 2016",,""
"The meeting can't be found.",,"Não foi possível encontrar a reunião.",,"None",,"All",,"Skype Cast Organizer 2016",,""
"Give attendees access to support and troubleshooting information for your company.",,"Permita que os participantes acessem as informações de suporte e solução de problemas de sua empresa.",,"None",,"All",,"Skype Cast Organizer 2016",,""
"No attendees invited",,"Nenhum participante convidado",,"None",,"All",,"Skype Cast Organizer 2016",,""
"Link text",,"Texto do link",,"None",,"All",,"Skype Cast Organizer 2016",,""
"Your company policy doesn't allow you to use Skype Meeting Broadcast. Check with your system admin to make sure the service is enabled and that you have the correct license.",,"A política de sua empresa não permite o uso de Transmissão de Reunião do Skype. Verifique com seu administrador do sistema para certificar-se de que o serviço está habilitado e de que você tem a licença correta.",,"None",,"All",,"Skype Cast Organizer 2016",,""
"Add a meeting name.",,"Adicione um nome da reunião.",,"None",,"All",,"Skype Cast Organizer 2016",,""
"Note: if you can't access the new location, check with your system admin to make sure the service is enabled and that you have the correct license.",,"Observação: se você não conseguir acessar o novo local, verifique com o administrador do sistema se o serviço está habilitado e se você tem a licença correta.",,"None",,"All",,"Skype Cast Organizer 2016",,""
"The video title is too long, it needs to be 256 characters or less.",,"O título do vídeo é muito longo. Ele deve conter até 256 caracteres.",,"None",,"All",,"Skype Cast Organizer 2016",,""
"Update",,"Atualizar",,"None",,"All",,"Skype Cast Organizer 2016",,""
"Live",,"Ao vivo",,"None",,"All",,"Skype Cast Organizer 2016",,""
"Troubleshooting link",,"Link de solução de problemas",,"None",,"All",,"Skype Cast Organizer 2016",,""
"A downloadable recording of the meeting is being created. Check back soon.",,"Uma gravação para download da reunião está sendo criada. Verifique novamente mais tarde.",,"None",,"All",,"Skype Cast Organizer 2016",,""
"Yammer",,"Yammer",,"None",,"All",,"Skype Cast Organizer 2016",,""
"Video recording is not enabled",,"A gravação de vídeo não está habilitada",,"None",,"All",,"Skype Cast Organizer 2016",,""
"All Company (requires sign-in)",,"Toda a Empresa (requer entrada)",,"None",,"All",,"Skype Cast Organizer 2016",,""
"Empty join url",,"URL de participação vazia",,"None",,"All",,"Skype Cast Organizer 2016",,""
"Post-meeting summary",,"Resumo pós-reunião",,"None",,"All",,"Skype Cast Organizer 2016",,""
"Members",,"Membros",,"None",,"All",,"Skype Cast Organizer 2016",,""
"Invitation only (requires sign-in)",,"Apenas para convidados (requer entrada)",,"None",,"All",,"Skype Cast Organizer 2016",,""
"person or group",,"pessoa ou grupo",,"None",,"All",,"Skype Cast Organizer 2016",,""
"Attendee can't be added. Please check the email address or alias.",,"Não foi possível adicionar o participante. Verifique o endereço de email ou alias.",,"None",,"All",,"Skype Cast Organizer 2016",,""
"The Q&A couldn't be created.",,"Não foi possível criar as P e R.",,"None",,"All",,"Skype Cast Organizer 2016",,""
"Show",,"Mostrar",,"None",,"All",,"Skype Cast Organizer 2016",,""
"All content associated with this meeting including the attendee report, Q&A history, and recording will be deleted. Are you sure you want to continue?",,"Todo o conteúdo associado a esta reunião, incluindo o relatório de participantes, o histórico de P e R e a gravação serão excluídos. Tem certeza de que deseja continuar?",,"None",,"All",,"Skype Cast Organizer 2016",,""
"Visit <a href='https://login.engage.ms' target='_blank' rel='noopener noreferrer'>Microsoft Pulse</a> site to create, manage and access Pulse polls.",,"Acesse o site do <a href='https://login.engage.ms' target='_blank' rel='noopener noreferrer'>Microsoft Pulse</a> para criar, gerenciar e acessar votações do Pulse.",,"None",,"All",,"Skype Cast Organizer 2016",,""
"Software-Defined Network is enabled",,"Rede Definida pelo Software habilitada",,"None",,"All",,"Skype Cast Organizer 2016",,""
"Event team",,"Equipe do evento",,"None",,"All",,"Skype Cast Organizer 2016",,""
"is already in the event team",,"já está na equipe do evento",,"None",,"All",,"Skype Cast Organizer 2016",,""
"MeetingReport.csv",,"MeetingReport.csv",,"None",,"All",,"Skype Cast Organizer 2016",,""
"Make video on demand available after the meeting",,"Disponibilizar o vídeo por demanda após a reunião",,"None",,"All",,"Skype Cast Organizer 2016",,""
"Something happened while looking up the account information.",,"Algo ocorreu durante a busca por informações da conta.",,"None",,"All",,"Skype Cast Organizer 2016",,""
"There was an error signing in. Please sign out and try again.",,"Ocorreu um erro ao entrar. Saia e tente novamente.",,"None",,"All",,"Skype Cast Organizer 2016",,""
"The organizer is already part of the event team",,"O organizador já faz parte da equipe do evento",,"None",,"All",,"Skype Cast Organizer 2016",,""
"Start Date",,"Data de Início",,"None",,"All",,"Skype Cast Organizer 2016",,""
"Your Yammer group should be public or have the same security access as your meeting.",,"Seu grupo do Yammer deve ser público ou ter o mesmo acesso de segurança que a reunião.",,"None",,"All",,"Skype Cast Organizer 2016",,""
"Tell us how we're doing!",,"Dê sua opinião sobre nós!",,"None",,"All",,"Skype Cast Organizer 2016",,""
"Sun,Mon,Tue,Wed,Thu,Fri,Sat",,"Dom, Seg, Ter, Qua, Qui, Sex, Sáb",,"None",,"All",,"Skype Cast Organizer 2016",,""
"Upload the meeting recording to an Office 365 Video channel to be viewed on demand.",,"Carregar a gravação da reunião em um canal de Vídeo do Office 365 para ser visualizado sob demanda.",,"None",,"All",,"Skype Cast Organizer 2016",,""
"Invalid organizer.",,"Organizador inválido.",,"None",,"All",,"Skype Cast Organizer 2016",,""
"The meeting access level isn't valid.",,"O nível de acesso de reunião é inválido.",,"None",,"All",,"Skype Cast Organizer 2016",,""
"Empty user name list",,"Lista de nomes de usuário vazia",,"None",,"All",,"Skype Cast Organizer 2016",,""
"Sunday,Monday,Tuesday,Wednesday,Thursday,Friday,Saturday",,"Domingo, Segunda-feira, Terça-feira, Quarta-feira, Quinta-feira, Sexta-feira, Sábado",,"None",,"All",,"Skype Cast Organizer 2016",,""
"No event team members added",,"Nenhum membro da equipe do evento adicionado",,"None",,"All",,"Skype Cast Organizer 2016",,""
"Manage attendee access",,"Gerenciar acesso dos participantes",,"None",,"All",,"Skype Cast Organizer 2016",,""
"Deleted the meeting successfully",,"Excluiu a reunião com êxito",,"None",,"All",,"Skype Cast Organizer 2016",,""
"Attendees",,"Participantes",,"None",,"All",,"Skype Cast Organizer 2016",,""
"hour",,"hora",,"None",,"All",,"Skype Cast Organizer 2016",,""
"The meeting report couldn't be created.",,"Não foi possível criar o relatório da reunião.",,"None",,"All",,"Skype Cast Organizer 2016",,""
"Sign out",,"Sair",,"None",,"All",,"Skype Cast Organizer 2016",,""
""Example: \""What do you think?\"""",,""Exemplo: \""O que você acha?\"""",,"None",,"All",,"Skype Cast Organizer 2016",,""
"Select any live or upcoming meeting to view its dashboard and information.",,"Selecione qualquer reunião ao vivo ou futura para visualizar o painel e as informações dela.",,"None",,"All",,"Skype Cast Organizer 2016",,""
"New meeting",,"Nova reunião",,"None",,"All",,"Skype Cast Organizer 2016",,""
"Pulse Account",,"Conta do Pulse",,"None",,"All",,"Skype Cast Organizer 2016",,""
"Transcription and translation was not enabled",,"A transcrição e a tradução não foram habilitadas",,"None",,"All",,"Skype Cast Organizer 2016",,""
"A moderated Q&A session where people can choose to participate anonymously or not.",,"Uma sessão de P e R moderada na qual as pessoas podem escolher entre participar ou não como anônimo.",,"None",,"All",,"Skype Cast Organizer 2016",,""
"Download links aren't available because there was no broadcast for this meeting.",,"Não há links de download disponíveis porque não houve transmissão para esta reunião.",,"None",,"All",,"Skype Cast Organizer 2016",,""
"Take the survey",,"Responda à pesquisa",,"None",,"All",,"Skype Cast Organizer 2016",,""
"Publishing of this meeting’s video to Office 365 is in progress",,"A publicação do vídeo dessa reunião no Office 365 está em andamento",,"None",,"All",,"Skype Cast Organizer 2016",,""
"Your event team consists of presenters, producers, organizers, moderators, and anyone else you trust to have control of the broadcast.",,"A equipe do seu evento consiste em apresentadores, produtores, organizadores, moderadores e qualquer outra pessoa em que você confia para controlar a transmissão.",,"None",,"All",,"Skype Cast Organizer 2016",,""
"There's an invalid character in the meeting name.",,"O nome da reunião contém um caractere inválido.",,"None",,"All",,"Skype Cast Organizer 2016",,""
"is already an attendee",,"já é um participante",,"None",,"All",,"Skype Cast Organizer 2016",,""
"Duration:",,"Duração:",,"None",,"All",,"Skype Cast Organizer 2016",,""
"Add people to the event team. ",,"Adicione pessoas à equipe do evento.",,"None",,"All",,"Skype Cast Organizer 2016",,""
"Use distribution lists to invite lots of people at once.",,"Use as listas de distribuição para convidar muitas pessoas de uma só vez.",,"None",,"All",,"Skype Cast Organizer 2016",,""
"Meeting title",,"Título da reunião",,"None",,"All",,"Skype Cast Organizer 2016",,""
"Transcription and translation is not enabled",,"A transcrição e a tradução não estão habilitadas",,"None",,"All",,"Skype Cast Organizer 2016",,""
"are already attendees",,"já são participantes",,"None",,"All",,"Skype Cast Organizer 2016",,""
"the Yammer group ID to use for your meeting.",,"o ID de grupo do Yammer usado para sua reunião.",,"None",,"All",,"Skype Cast Organizer 2016",,""
"appears to the right of the video player.",,"aparece à direita do player de vídeo.",,"None",,"All",,"Skype Cast Organizer 2016",,""
"Sorry, we were trying to get some info about your company's policies but couldn't. Please check back later.",,"Tentamos obter algumas informações sobre as políticas de sua empresa, mas não foi possível. Verifique novamente mais tarde.",,"None",,"All",,"Skype Cast Organizer 2016",,""
"but from now on we’d like you to schedule your meetings at our new home.",,"Mas, a partir de agora, gostaríamos que você agendasse suas reuniões em nosso novo local.",,"None",,"All",,"Skype Cast Organizer 2016",,""
"Primary spoken language for the broadcast:",,"Idioma falado principal para a transmissão:",,"None",,"All",,"Skype Cast Organizer 2016",,""
"Video recording",,"Gravação de vídeo",,"None",,"All",,"Skype Cast Organizer 2016",,""
"Meeting settings",,"Configurações da reunião",,"None",,"All",,"Skype Cast Organizer 2016",,""
"Empty resource type",,"Tipo de recurso vazio",,"None",,"All",,"Skype Cast Organizer 2016",,""
"The URL https://*.yammer.com should be added to your domain’s trusted URLs so browsers will support it.",,"O URL https://*.yammer.com deve ser adicionado aos URLs confiáveis do domínio para que os navegadores o aceitem.",,"None",,"All",,"Skype Cast Organizer 2016",,""
"Create a support code",,"Criar um código de suporte",,"None",,"All",,"Skype Cast Organizer 2016",,""
"Support code:",,"Código de suporte:",,"None",,"All",,"Skype Cast Organizer 2016",,""
"Video on demand is not enabled",,"O vídeo por demanda está desabilitado",,"None",,"All",,"Skype Cast Organizer 2016",,""
"The end time isn't valid",,"A hora de término é inválida",,"None",,"All",,"Skype Cast Organizer 2016",,""
"remove",,"remover",,"None",,"All",,"Skype Cast Organizer 2016",,""
"The content type isn't valid.",,"O tipo de conteúdo é inválido.",,"None",,"All",,"Skype Cast Organizer 2016",,""
"Video on demand is enabled",,"O vídeo por demanda está habilitado",,"None",,"All",,"Skype Cast Organizer 2016",,""
"View report at",,"Exibir relatório em",,"None",,"All",,"Skype Cast Organizer 2016",,""
"Getting the meeting report...",,"Obtendo o relatório da reunião...",,"None",,"All",,"Skype Cast Organizer 2016",,""
"Publish",,"Publicar",,"None",,"All",,"Skype Cast Organizer 2016",,""
"The delete meeting request is cancelled",,"A solicitação para excluir a reunião foi cancelada",,"None",,"All",,"Skype Cast Organizer 2016",,""
"Join link",,"Link de participação",,"None",,"All",,"Skype Cast Organizer 2016",,""
"Permanently delete this meeting?",,"Excluir esta reunião permanentemente?",,"None",,"All",,"Skype Cast Organizer 2016",,""
"Include up to two app add-ins so your audience can participate in the meeting.",,"Inclui até dois suplementos de aplicativo para que sua audiência possa participar da reunião.",,"None",,"All",,"Skype Cast Organizer 2016",,""
"Anonymous (no sign-in)",,"Anônimo (sem entrada)",,"None",,"All",,"Skype Cast Organizer 2016",,""
"Live broadcast meeting",,"Reunião com transmissão ao vivo",,"None",,"All",,"Skype Cast Organizer 2016",,""
"Custom link",,"Link personalizado",,"None",,"All",,"Skype Cast Organizer 2016",,""
"Empty Organizer",,"Organizador vazio",,"None",,"All",,"Skype Cast Organizer 2016",,""
"Publish meeting to Office 365 Video",,"Publicar reunião no Vídeo do Office 365",,"None",,"All",,"Skype Cast Organizer 2016",,""
"Description",,"Descrição",,"None",,"All",,"Skype Cast Organizer 2016",,""
"Series",,"Série",,"None",,"All",,"Skype Cast Organizer 2016",,""
"Are you sure you want to permanently delete this meeting?",,"Tem certeza de que deseja excluir esta reunião permanentemente?",,"None",,"All",,"Skype Cast Organizer 2016",,""
"people or groups",,"pessoas ou grupos",,"None",,"All",,"Skype Cast Organizer 2016",,""
"The Outlook invitation couldn't be created.",,"Não foi possível criar o convite do Outlook.",,"None",,"All",,"Skype Cast Organizer 2016",,""
"The meeting data format isn't valid.",,"O formato de dados da reunião é inválido.",,"None",,"All",,"Skype Cast Organizer 2016",,""
"hours",,"horas",,"None",,"All",,"Skype Cast Organizer 2016",,""
"the Account for your Pulse event.",,"a Conta do seu evento do Pulse.",,"None",,"All",,"Skype Cast Organizer 2016",,""
"Check names",,"Verificar nomes",,"None",,"All",,"Skype Cast Organizer 2016",,""
"Our new home",,"Nosso novo local",,"None",,"All",,"Skype Cast Organizer 2016",,""
"attendees can participate in a moderated forum",,"participantes podem ingressar em um fórum moderado",,"None",,"All",,"Skype Cast Organizer 2016",,""
"Create a new meeting",,"Criar uma nova reunião",,"None",,"All",,"Skype Cast Organizer 2016",,""
"The join URL can't be modified.",,"A URL de participação não pode ser modificada.",,"None",,"All",,"Skype Cast Organizer 2016",,""
""Default: \""Share something with this group…\"""",,""Padrão: \""Compartilhe algo com este grupo…\"""",,"None",,"All",,"Skype Cast Organizer 2016",,""
"Invalid meeting resource type.",,"Tipo de recurso da reunião inválido.",,"None",,"All",,"Skype Cast Organizer 2016",,""
"Edit",,"Editar",,"None",,"All",,"Skype Cast Organizer 2016",,""
"email or alias of an individual or a distribution list",,"email ou alias de um indivíduo ou de uma lista de distribuição",,"None",,"All",,"Skype Cast Organizer 2016",,""
"Download meeting report",,"Baixar o relatório da reunião",,"None",,"All",,"Skype Cast Organizer 2016",,""
"Yammer Group Network name",,"Nome de Rede do Grupo do Yammer",,"None",,"All",,"Skype Cast Organizer 2016",,""
"Organizer:",,"Organizador:",,"None",,"All",,"Skype Cast Organizer 2016",,""
"The video title can't include the following characters: \\\\ /:*?<>|%",,"O título do vídeo não pode incluir estes caracteres: \\\\ /:*?<>|%",,"None",,"All",,"Skype Cast Organizer 2016",,""
"Ok",,"OK",,"None",,"All",,"Skype Cast Organizer 2016",,""
"Add an end time",,"Adicione uma hora de término",,"None",,"All",,"Skype Cast Organizer 2016",,""
"The meeting name can't be modified.",,"O nome da reunião não pode ser modificado.",,"None",,"All",,"Skype Cast Organizer 2016",,""
"anyone can join the meeting without signing in",,"qualquer pessoa pode ingressar na reunião sem entrar",,"None",,"All",,"Skype Cast Organizer 2016",,""
"The meeting details have changed.",,"Os detalhes da reunião foram alterados.",,"None",,"All",,"Skype Cast Organizer 2016",,""
"Format: MP4",,"Formato: MP4",,"None",,"All",,"Skype Cast Organizer 2016",,""
"Session Id,Participant Id,Full Name,UserAgent Short,UserAgent Full,Utc Event Timestamp,Event Type,Url Parameters,Language",,"Id de Sessão,Id de Participante,Nome Completo,Agente do Usuário Curto,Agente do Usuário Completo,Carimbo de Data/Hora de Evento em Utc,Tipo de Evento,Parâmetros de Url,Idioma",,"None",,"All",,"Skype Cast Organizer 2016",,""
"Participants",,"Participantes",,"None",,"All",,"Skype Cast Organizer 2016",,""
"Creating...",,"Criando...",,"None",,"All",,"Skype Cast Organizer 2016",,""
"Create",,"Criar",,"None",,"All",,"Skype Cast Organizer 2016",,""
"Encourage people to participate in the conversation",,"Incentive as pessoas a participarem da conversa",,"None",,"All",,"Skype Cast Organizer 2016",,""
"A video with this title already exists. Please try again with a different title.",,"Já existe um vídeo com este título. Tente novamente usando outro título.",,"None",,"All",,"Skype Cast Organizer 2016",,""
"The Q&A report couldn't be created",,"Não foi possível criar o relatório de P e R.",,"None",,"All",,"Skype Cast Organizer 2016",,""
"Schedule",,"Agenda",,"None",,"All",,"Skype Cast Organizer 2016",,""
"Skype Meeting Broadcast",,"Transmissão de Reunião do Skype",,"None",,"All",,"Skype Cast Organizer 2016",,""
"Ended",,"Encerrada",,"None",,"All",,"Skype Cast Organizer 2016",,""
"Be sure to add our new location to your Favorites: ",,"Certifique-se de adicionar nosso novo local a seus Favoritos: ",,"None",,"All",,"Skype Cast Organizer 2016",,""
"track audience sentiment and take a poll",,"monitore os sentimentos da audiência e faça uma votação",,"None",,"All",,"Skype Cast Organizer 2016",,""
"Privacy & cookies",,"Privacidade e cookies",,"None",,"All",,"Skype Cast Organizer 2016",,""
"Support",,"Suporte",,"None",,"All",,"Skype Cast Organizer 2016",,""
"the network name of your Yammer group.",,"o nome de rede do seu grupo do Yammer.",,"None",,"All",,"Skype Cast Organizer 2016",,""
"Event team member can't be added. Please check the email address or alias.",,"Não foi possível adicionar o membro da equipe do evento. Verifique o endereço de email ou alias.",,"None",,"All",,"Skype Cast Organizer 2016",,""
"Customize the attendee page to include audience participation apps and add supporting links.",,"Personalize a página do participante para incluir aplicativos de participação da audiência e adicionar links de apoio.",,"None",,"All",,"Skype Cast Organizer 2016",,""
"The video upload status couldn't be retrieved.",,"Não foi possível recuperar o status de upload do vídeo.",,"None",,"All",,"Skype Cast Organizer 2016",,""
"External content like Yammer, Microsoft Pulse, and Network Usage reports will not be deleted.",,"Conteúdos externos como Yammer, Microsoft Pulse e relatórios de Uso de Rede não serão excluídos.",,"None",,"All",,"Skype Cast Organizer 2016",,""
"All meetings",,"Todas as reuniões",,"None",,"All",,"Skype Cast Organizer 2016",,""
"If you're having trouble with the meeting you can contact support. ",,"Caso esteja tendo problemas com a reunião, você pode contatar o suporte.",,"None",,"All",,"Skype Cast Organizer 2016",,""
"Something happened while processing your request.",,"Algo aconteceu durante o processamento de sua solicitação.",,"None",,"All",,"Skype Cast Organizer 2016",,""
"Download the transcription in ",,"Baixar a transcrição em ",,"None",,"All",,"Skype Cast Organizer 2016",,""
"Invitation only",,"Apenas para convidados",,"None",,"All",,"Skype Cast Organizer 2016",,""
"You don't have any deleted meetings.",,"Você não tem reuniões excluídas.",,"None",,"All",,"Skype Cast Organizer 2016",,""
"Troubleshooting",,"Solução de problemas",,"None",,"All",,"Skype Cast Organizer 2016",,""
"Open Q&A",,"Abrir P e R",,"None",,"All",,"Skype Cast Organizer 2016",,""
"Q&A",,"P&R",,"None",,"All",,"Skype Cast Organizer 2016",,""
"The meeting title is too long. Please shorten it.",,"O título da reunião é muito longo. Encurte-o.",,"None",,"All",,"Skype Cast Organizer 2016",,""
"Your deleted meetings couldn't be retrieved",,"Não foi possível recuperar suas reuniões excluídas",,"None",,"All",,"Skype Cast Organizer 2016",,""
"The meeting couldn't be modified.",,"Não foi possível modificar a reunião.",,"None",,"All",,"Skype Cast Organizer 2016",,""
"Recover",,"Recuperar",,"None",,"All",,"Skype Cast Organizer 2016",,""
"Default help link",,"Link de ajuda padrão",,"None",,"All",,"Skype Cast Organizer 2016",,""
"Add a new meeting to the series",,"Adicionar uma nova reunião à série",,"None",,"All",,"Skype Cast Organizer 2016",,""
"Live now",,"Ao vivo",,"None",,"All",,"Skype Cast Organizer 2016",,""
"The publish meeting request is cancelled",,"A solicitação para publicar a reunião foi cancelada",,"None",,"All",,"Skype Cast Organizer 2016",,""
"Download Q&A report",,"Baixar relatório de P e R",,"None",,"All",,"Skype Cast Organizer 2016",,""
"Skype Meeting Broadcast support",,"Suporte da Transmissão de Reunião do Skype",,"None",,"All",,"Skype Cast Organizer 2016",,""
"Transcription and translation",,"Transcrição e tradução",,"None",,"All",,"Skype Cast Organizer 2016",,""
"Next month",,"Próximo mês",,"None",,"All",,"Skype Cast Organizer 2016",,""
"Video on demand was not enabled",,"O vídeo por demanda não foi habilitado",,"None",,"All",,"Skype Cast Organizer 2016",,""
"Su,Mo,Tu,We,Th,Fr,Sa",,"Dom,Seg,Ter,Qua,Qui,Sex,Sáb",,"None",,"All",,"Skype Cast Organizer 2016",,""
"Yammer Group Network name should be a valid domain (e.g. contoso.com)",,"O nome da Rede do Grupo do Yammer deve ser um domínio válido (por exemplo, contoso.com)",,"None",,"All",,"Skype Cast Organizer 2016",,""
"Event team member can't be added. Please check the information you entered.",,"Não foi possível adicionar o membro da equipe do evento. Verifique as informações inseridas.",,"None",,"All",,"Skype Cast Organizer 2016",,""
"Discard changes and go to the meeting summary",,"Descartar as alterações e ir para o resumo da reunião",,"None",,"All",,"Skype Cast Organizer 2016",,""
"Delete this meeting",,"Excluir esta reunião",,"None",,"All",,"Skype Cast Organizer 2016",,""
"Please click the link below to tell us about your experience using Skype Meeting Broadcast.",,"Clique no link abaixo para contar sobre sua experiência com a Transmissão de Reunião do Skype.",,"None",,"All",,"Skype Cast Organizer 2016",,""
"The meeting policy couldn't be retrieved.",,"Não foi possível recuperar a política da reunião.",,"None",,"All",,"Skype Cast Organizer 2016",,""
"Changes to the event team, attendees or their access level apply to this and other meetings in the series.",,"As alterações na equipe do evento, nos participantes ou no nível de acesso se aplicam a esta e a outras reuniões da série.",,"None",,"All",,"Skype Cast Organizer 2016",,""
"Notes",,"Notas",,"None",,"All",,"Skype Cast Organizer 2016",,""
"Add meeting",,"Adicionar reunião",,"None",,"All",,"Skype Cast Organizer 2016",,""
"meeting",,"reunião",,"None",,"All",,"Skype Cast Organizer 2016",,""
"Microsoft Pulse",,"Microsoft Pulse",,"None",,"All",,"Skype Cast Organizer 2016",,""
"An unknown error has occurred.",,"Ocorreu um erro desconhecido.",,"None",,"All",,"Skype Cast Organizer 2016",,""
"attendees can participate in a social discussion about your meeting",,"os participantes podem participar de uma discussão social sobre a reunião",,"None",,"All",,"Skype Cast Organizer 2016",,""
"Yammer Group ID should be a number",,"A ID do Grupo do Yammer deve ser um número",,"None",,"All",,"Skype Cast Organizer 2016",,""
"Yammer Group ID",,"ID do Grupo do Yammer",,"None",,"All",,"Skype Cast Organizer 2016",,""
"Join the event and start producing (requires Edge 13 or higher)",,"Ingressar no evento e começar a produzir (requer o Edge 13 ou superior)",,"None",,"All",,"Skype Cast Organizer 2016",,""
"Customize",,"Personalizar",,"None",,"All",,"Skype Cast Organizer 2016",,""
"Troubleshooting and support",,"Solução de problemas e suporte",,"None",,"All",,"Skype Cast Organizer 2016",,""
"Custom link for attendees",,"Link personalizado para participantes",,"None",,"All",,"Skype Cast Organizer 2016",,""
"Maximum entries reached.",,"Atingido o máximo de entradas.",,"None",,"All",,"Skype Cast Organizer 2016",,""
"Only members of the event team can access this meeting.",,"Somente os membros da equipe do evento podem acessar esta reunião.",,"None",,"All",,"Skype Cast Organizer 2016",,""
"Lower panel app",,"Aplicativo do painel inferior",,"None",,"All",,"Skype Cast Organizer 2016",,""
"The meeting is outdated.",,"A reunião está desatualizada.",,"None",,"All",,"Skype Cast Organizer 2016",,""
"Save changes and go to the meeting summary",,"Salvar as alterações e ir para o resumo da reunião",,"None",,"All",,"Skype Cast Organizer 2016",,""
"The meeting video couldn't be published.",,"Não foi possível publicar o vídeo da reunião.",,"None",,"All",,"Skype Cast Organizer 2016",,""
"Download meeting recording",,"Baixar gravação de reunião",,"None",,"All",,"Skype Cast Organizer 2016",,""
"Transcription and translation was enabled",,"A transcrição e a tradução foram habilitadas",,"None",,"All",,"Skype Cast Organizer 2016",,""
"Prompt text",,"Texto de solicitação",,"None",,"All",,"Skype Cast Organizer 2016",,""
"Network usage report",,"Relatório de uso de rede",,"None",,"All",,"Skype Cast Organizer 2016",,""
"Publish meeting recording",,"Publicar gravação de reunião",,"None",,"All",,"Skype Cast Organizer 2016",,""
"Select a channel to upload your video",,"Selecione um canal para carregar o seu vídeo",,"None",,"All",,"Skype Cast Organizer 2016",,""
"Learn more",,"Saiba mais",,"None",,"All",,"Skype Cast Organizer 2016",,""
"Delete meeting",,"Excluir reunião",,"None",,"All",,"Skype Cast Organizer 2016",,""
"Customize the attendee page",,"Personalizar a página do participante",,"None",,"All",,"Skype Cast Organizer 2016",,""
"You've selected the maximum supported number of languages",,"Você selecionou o número máximo de idiomas aceitos",,"None",,"All",,"Skype Cast Organizer 2016",,""
"Add a meeting title.",,"Adicione um título da reunião.",,"None",,"All",,"Skype Cast Organizer 2016",,""
"Loading channels...",,"Carregando canais...",,"None",,"All",,"Skype Cast Organizer 2016",,""
"Previous month",,"Mês anterior",,"None",,"All",,"Skype Cast Organizer 2016",,""
"All Company",,"Toda a Empresa",,"None",,"All",,"Skype Cast Organizer 2016",,""
"Enable transcription and translation for auto-generating captions",,"Habilitar transcrição e tradução para geração automática de legendas",,"None",,"All",,"Skype Cast Organizer 2016",,""
"January,February,March,April,May,June,July,August,September,October,November,December",,"Janeiro, Fevereiro, Março, Abril, Maio, Junho, Julho, Agosto, Setembro, Outubro, Novembro, Dezembro",,"None",,"All",,"Skype Cast Organizer 2016",,""
"Video recording is enabled",,"A gravação de vídeo está habilitada",,"None",,"All",,"Skype Cast Organizer 2016",,""
"The meeting couldn't be created.",,"Não foi possível criar a reunião.",,"None",,"All",,"Skype Cast Organizer 2016",,""
"Video on demand was enabled",,"O vídeo por demanda foi habilitado",,"None",,"All",,"Skype Cast Organizer 2016",,""
"Deleted meetings",,"Reuniões excluídas",,"None",,"All",,"Skype Cast Organizer 2016",,""
"Meeting details",,"Detalhes da reunião",,"None",,"All",,"Skype Cast Organizer 2016",,""
"Select who can watch the meeting broadcast.",,"Selecione quem pode assistir à transmissão.",,"None",,"All",,"Skype Cast Organizer 2016",,""
"Anonymous",,"Anônimo",,"None",,"All",,"Skype Cast Organizer 2016",,""
"We invite you to start scheduling meetings in our new location and let us know what you think. ",,"Convidamos você a agendar reuniões em nosso novo local e a nos dar sua opinião. ",,"None",,"All",,"Skype Cast Organizer 2016",,""
"The start time is earlier than the current time.",,"A hora de início é anterior à hora atual.",,"None",,"All",,"Skype Cast Organizer 2016",,""
"Video recording was not enabled",,"A gravação de vídeo não foi habilitada",,"None",,"All",,"Skype Cast Organizer 2016",,""
"Update the meeting details",,"Atualizar os detalhes da reunião",,"None",,"All",,"Skype Cast Organizer 2016",,""
"A Pulse is always anonymous.",,"Um Pulse é sempre anônimo.",,"None",,"All",,"Skype Cast Organizer 2016",,""
"Audience participation apps",,"Aplicativos de participação da audiência",,"None",,"All",,"Skype Cast Organizer 2016",,""
"anyone from my company can join the meeting",,"qualquer pessoa da minha empresa pode participar",,"None",,"All",,"Skype Cast Organizer 2016",,""
"If you run into any issues with hosting or producing your Skype Meeting Broadcast, please go to <a href='http://aka.ms/meetingbroadcastsupport' target='_blank' rel='noopener noreferrer'>Skype Meeting Broadcast Support</a>.  This support is for your Event Team and can't be used by broadcast attendees.",,"Se tiver problemas de hospedagem ou produção da Transmissão de Reunião do Skype, acesse <a href='http://aka.ms/meetingbroadcastsupport' target='_blank' rel='noopener noreferrer'>Suporte da Transmissão de Reunião do Skype</a>.  O suporte destina-se à Equipe do Evento e não pode ser usado por participantes da transmissão.",,"None",,"All",,"Skype Cast Organizer 2016",,""
"Select an app for the lower panel",,"Selecione um aplicativo para o painel inferior",,"None",,"All",,"Skype Cast Organizer 2016",,""
"You don't have permission to modify meetings",,"Você não tem permissão para modificar reuniões",,"None",,"All",,"Skype Cast Organizer 2016",,""
"The Q&A couldn't be updated.",,"Não foi possível atualizar as P e R.",,"None",,"All",,"Skype Cast Organizer 2016",,""
"Start time",,"Hora de início",,"None",,"All",,"Skype Cast Organizer 2016",,""
"Format: CSV",,"Formato: CSV",,"None",,"All",,"Skype Cast Organizer 2016",,""
"Q&A",,"P e R",,"None",,"All",,"Skype Cast Organizer 2016",,""
"The publish meeting request is submitted",,"A solicitação para publicar a reunião foi enviada",,"None",,"All",,"Skype Cast Organizer 2016",,""
"Meeting summary",,"Resumo da reunião",,"None",,"All",,"Skype Cast Organizer 2016",,""
"The meeting couldn't be deleted.",,"Não foi possível excluir a reunião.",,"None",,"All",,"Skype Cast Organizer 2016",,""
"Broadcast hasn't started yet",,"A transmissão ainda não começou",,"None",,"All",,"Skype Cast Organizer 2016",,""
"Broadcast will resume in a moment",,"A transmissão continuará em instantes",,"None",,"All",,"Skype Cast Organizer 2016",,""
"Broadcast has ended",,"A transmissão foi encerrada",,"None",,"All",,"Skype Cast Organizer 2016",,""
