﻿PERMISSION NOTICE

The Microsoft “Terms of Use” (available at the www.microsoft.com website) govern all glossary terms in this document (“Glossary Terms”).  The following supplemental terms and conditions also apply.  If there is any conflict between the Terms of Use and the following terms and conditions, the following terms and conditions will take
Precedence over the Terms of Use.
         
1. No part of the Glossary Terms may be reproduced, adapted, distributed, or transmitted in any form or by any means, electronic, mechanical, or otherwise, including photocopying and entry into an information storage and/or retrieval system, for any purpose without the prior express consent of Microsoft Corporation. 

2. You may use the Glossary Terms in the development of any application software and you may also use the Glossary Terms for personal or non-commercial purposes only without the prior written consent of Microsoft Corporation, and only if all copies contain this Permission Notice and the Microsoft copyright notice in the Terms of Use.         
                                                                                                                                
3. You are not permitted to make any modifications, deletions or additions to the Glossary Terms.
 
4. Except as expressly set forth above, Microsoft’s publication of the Glossary Terms does not grant any rights to use, distribute, or implement any technology or intellectual property rights. All rights not expressly granted herein are expressly reserved by Microsoft.
"Source Term",,"Translation",,"String Category",,"Platform",,"Product",,"Version"
"Cancel",,"Cancelar",,"AppData",,"All",,"Bing",,""
"Today",,"Hoje",,"AppData",,"All",,"Bing",,""
"There\'s something wrong. Try again later",,"Há algum problema. Tente novamente mais tarde",,"AppData",,"All",,"Bing",,""
"Background",,"Tela de fundo",,"AppData",,"All",,"Bing",,""
"We\'re sorry but we can\'t open this image. Please try again or select other images.",,"Não é possível abrir a imagem. Tente novamente ou selecione outras imagens.",,"AppData",,"All",,"Bing",,""
"There are no directions from point A to point B. Because they\'re the same location. Try changing one of them.",,"Não há trajeto do ponto A ao ponto B, pois eles estão no mesmo local. Tente alterar um deles.",,"AppData",,"All",,"Bing",,""
"Please write down any suggestion that you think we should know.",,"Insira qualquer sugestão que você acha que devemos receber.",,"AppData",,"All",,"Bing",,""
"Delete cached images and files",,"Excluir imagens e arquivos em cache",,"AppData",,"All",,"Bing",,""
"Sign in with another account?",,"Entrar com outra conta?",,"AppData",,"All",,"Bing",,""
"Hi, there",,"Olá",,"AppData",,"All",,"Bing",,""
"Applying changes…",,"Aplicando alterações...",,"AppData",,"All",,"Bing",,""
"Signing in to Bing has benefits!",,"A entrada no Bing tem benefícios!",,"AppData",,"All",,"Bing",,""
"Back to safety",,"De volta à segurança",,"AppData",,"All",,"Bing",,""
"Bookmark delete",,"Excluir indicador",,"AppData",,"All",,"Bing",,""
"Ukrainian",,"Ucraniano",,"AppData",,"All",,"Bing",,""
"Share web page - from Bing Search app",,"Compartilhar página da Web - do aplicativo de Pesquisa do Bing",,"AppData",,"All",,"Bing",,""
"Loading…",,"Carregando…",,"AppData",,"All",,"Bing",,""
"Wind:",,"Vento: ",,"AppData",,"All",,"Bing",,""
"Initialize failed, please try again later.",,"Falha ao inicializar. Tente novamente mais tarde.",,"AppData",,"All",,"Bing",,""
"Signing in…",,"Entrando…",,"AppData",,"All",,"Bing",,""
"Reset",,"Redefinir",,"AppData",,"All",,"Bing",,""
"Sorry, something went wrong. Please try again later.",,"Houve algum problema. Tente novamente mais tarde.",,"AppData",,"All",,"Bing",,""
"Shared via Bing Search",,"Compartilhado via Pesquisa do Bing",,"AppData",,"All",,"Bing",,""
"Backward",,"Voltar",,"AppData",,"All",,"Bing",,""
"User Reviews",,"Avaliações dos Usuários",,"AppData",,"All",,"Bing",,""
"Delete",,"Excluir",,"AppData",,"All",,"Bing",,""
"Something went wrong, please try again later.",,"Houve algum problema. Tente novamente mais tarde.",,"AppData",,"All",,"Bing",,""
"Please select Bing search as default assistant in Assist &amp; voice input",,"Selecione a pesquisa do Bing como assistente padrão em Assistência e entrada de voz",,"AppData",,"All",,"Bing",,""
"Reviews",,"Avaliações",,"AppData",,"All",,"Bing",,""
"Suggestion",,"Sugestão",,"AppData",,"All",,"Bing",,""
"Hours may vary",,"Os horários podem variar",,"AppData",,"All",,"Bing",,""
"*Percent Daily Values are based on a 2,000 calorie diet. Your daily values may be higher or lower depending on your calorie needs.",,"*Os Percentuais de Valores Diários se baseiam em uma dieta de 2.000 calorias. Seus valores diários podem ser maiores ou menores, dependendo de suas necessidades calóricas.",,"AppData",,"All",,"Bing",,""
"Blank",,"Em branco",,"AppData",,"All",,"Bing",,""
"Set wallpaper",,"Definir papel de parede",,"AppData",,"All",,"Bing",,""
"Close all",,"Fechar tudo",,"AppData",,"All",,"Bing",,""
"Albums",,"Álbuns",,"AppData",,"All",,"Bing",,""
"You haven\'t saved anything yet!",,"Você ainda não salvou nada!",,"AppData",,"All",,"Bing",,""
"To function properly, Camera needs your permission. Go to Settings to allow permission for Camera.",,"Para funcionar adequadamente, a Câmera precisa de sua permissão. Vá para Configurações para dar permissão para a Câmera.",,"AppData",,"All",,"Bing",,""
"App needs your permission to show you results and maps in your location.",,"O aplicativo precisa de sua permissão para mostrar os resultados e os mapas em sua localização.",,"AppData",,"All",,"Bing",,""
"Disable",,"Desabilitar",,"AppData",,"All",,"Bing",,""
"Worldwide - English",,"Mundial - Inglês",,"AppData",,"All",,"Bing",,""
"News",,"Notícias",,"AppData",,"All",,"Bing",,""
"Camera error",,"Erro da câmera",,"AppData",,"All",,"Bing",,""
"Saudi Arabia",,"Arábia Saudita",,"AppData",,"All",,"Bing",,""
"Browser",,"Navegador",,"AppData",,"All",,"Bing",,""
"Camera",,"Câmera",,"AppData",,"All",,"Bing",,""
"Tap to earn %d credits",,"Toque para ganhar %d créditos",,"AppData",,"All",,"Bing",,""
"Near Me",,"Perto de mim",,"AppData",,"All",,"Bing",,""
"This image is not available to download as wallpaper.",,"Esta imagem não está disponível para ser baixada como papel de parede.",,"AppData",,"All",,"Bing",,""
"Bing · books search",,"Bing · pesquisa de livros",,"AppData",,"All",,"Bing",,""
"A new version of the Bing Search app is available! Install it now?",,"Uma nova versão do aplicativo Pesquisa do Bing está disponível! Instalar agora?",,"AppData",,"All",,"Bing",,""
"Location added.",,"Local adicionado.",,"AppData",,"All",,"Bing",,""
"After 30 minutes",,"Após 30 minutos",,"AppData",,"All",,"Bing",,""
"Russia",,"Rússia",,"AppData",,"All",,"Bing",,""
"Turn off",,"Desativar",,"AppData",,"All",,"Bing",,""
"Explore more breathtaking images",,"Explorar mais imagens deslumbrantes",,"AppData",,"All",,"Bing",,""
"Rate us",,"Classifique-nos",,"AppData",,"All",,"Bing",,""
"* Online prices may differ from in-store prices.",,"* Os preços online podem diferir dos preços na loja.",,"AppData",,"All",,"Bing",,""
"Save",,"Salvar",,"AppData",,"All",,"Bing",,""
"Third Party Notices",,"Avisos de Terceiros",,"AppData",,"All",,"Bing",,""
"Found the song, tap below to see details",,"Música encontrada. Toque abaixo para ver detalhes",,"AppData",,"All",,"Bing",,""
"Deals near me",,"Ofertas perto de mim",,"AppData",,"All",,"Bing",,""
"Show search history from other devices you\'re logged in to",,"Mostrar o histórico de pesquisa de outros dispositivos nos quais você está conectado",,"AppData",,"All",,"Bing",,""
"Scan",,"Verificação",,"AppData",,"All",,"Bing",,""
"trending songs",,"músicas mais populares",,"AppData",,"All",,"Bing",,""
"Available points",,"Pontos disponíveis",,"AppData",,"All",,"Bing",,""
"%s may have removed or replaced this image.",,"%s pode ter removido ou substituído esta imagem.",,"AppData",,"All",,"Bing",,""
"Invalid service.",,"Serviço inválido.",,"AppData",,"All",,"Bing",,""
"Search history deleted.",,"Histórico de pesquisa excluído.",,"AppData",,"All",,"Bing",,""
"More",,"Mais",,"AppData",,"All",,"Bing",,""
"We didn\'t quite catch that\nTry again?\n(It might help to get closer to the music)",,"Não conseguimos entender\nQuer tentar novamente?\n(Para ajudar, aproxime-se da música)",,"AppData",,"All",,"Bing",,""
"Bing · news search",,"Bing · pesquisa de notícias",,"AppData",,"All",,"Bing",,""
"Beta User Community",,"Comunidade de Usuários Beta",,"AppData",,"All",,"Bing",,""
"Connection failed.",,"Falha na conexão.",,"AppData",,"All",,"Bing",,""
"Web search",,"Pesquisa na Web",,"AppData",,"All",,"Bing",,""
"Homepage",,"Home page",,"AppData",,"All",,"Bing",,""
"Clear all",,"Limpar tudo",,"AppData",,"All",,"Bing",,""
"Popular",,"Popular",,"AppData",,"All",,"Bing",,""
"For problems with Rewards, please contact Microsoft Rewards support.",,"Para problemas com Recompensas, entre em contato com o suporte do Microsoft Rewards.",,"AppData",,"All",,"Bing",,""
"Screenshot",,"Captura de tela",,"AppData",,"All",,"Bing",,""
"Bookmarks",,"Indicadores",,"AppData",,"All",,"Bing",,""
"NE",,"NE",,"AppData",,"All",,"Bing",,""
"Open today",,"Aberto hoje",,"AppData",,"All",,"Bing",,""
"Search or type URL",,"Pesquise ou digite a URL",,"AppData",,"All",,"Bing",,""
"Allow video and GIF previews to play automatically",,"Permitir que visualizações de vídeo e GIF sejam reproduzidas automaticamente",,"AppData",,"All",,"Bing",,""
"Open page",,"Abrir página",,"AppData",,"All",,"Bing",,""
"You\'ve signed in as %1$s in &lt;b&gt;Microsoft apps before&lt;/b&gt;:",,"Você entrou como %1$s nos &lt;b&gt;aplicativos da Microsoft antes&lt;/b&gt;:",,"AppData",,"All",,"Bing",,""
"Malay",,"Malaio",,"AppData",,"All",,"Bing",,""
"Detail",,"Detalhe",,"AppData",,"All",,"Bing",,""
"Home screen",,"Tela inicial",,"AppData",,"All",,"Bing",,""
"Automatic",,"Automático",,"AppData",,"All",,"Bing",,""
"People\'s Republic of China",,"República Popular da China",,"AppData",,"All",,"Bing",,""
"Let Bing notify you of important and useful updates",,"Deixar que o Bing o notifique de atualizações importantes e úteis",,"AppData",,"All",,"Bing",,""
"Canada - English",,"Canadá - Inglês",,"AppData",,"All",,"Bing",,""
"Related images",,"Imagens relacionadas",,"AppData",,"All",,"Bing",,""
"Your search history, tabs and web pages are not cached while you are in private mode.",,"O histórico de pesquisa, as guias e as páginas da Web não são armazenados em cache enquanto você está no modo privado.",,"AppData",,"All",,"Bing",,""
"Open in new tab",,"Abrir em nova guia",,"AppData",,"All",,"Bing",,""
"Edit bookmark",,"Editar indicador",,"AppData",,"All",,"Bing",,""
"Turkey",,"Turquia",,"AppData",,"All",,"Bing",,""
"Speak now in Dutch",,"Fale agora em holandês",,"AppData",,"All",,"Bing",,""
"Error when cleaning cache files.",,"Erro ao limpar arquivos do cache.",,"AppData",,"All",,"Bing",,""
"Feels like:",,"Sensação:",,"AppData",,"All",,"Bing",,""
"Bad response.",,"Resposta incorreta.",,"AppData",,"All",,"Bing",,""
"Drive there",,"Dirigir até lá",,"AppData",,"All",,"Bing",,""
"Clear bookmarks",,"Limpar indicadores",,"AppData",,"All",,"Bing",,""
"Spain",,"Espanha",,"AppData",,"All",,"Bing",,""
"Off",,"Desativado",,"AppData",,"All",,"Bing",,""
"Copyright information of today\'s image",,"Informações sobre direitos autorais da imagem de hoje",,"AppData",,"All",,"Bing",,""
"Download",,"Download",,"AppData",,"All",,"Bing",,""
"Top",,"Superior",,"AppData",,"All",,"Bing",,""
"Image saved to Gallery.",,"Imagem salva na Galeria.",,"AppData",,"All",,"Bing",,""
"United Kingdom",,"Reino Unido",,"AppData",,"All",,"Bing",,""
" · %s views",," · %s exibições",,"AppData",,"All",,"Bing",,""
"Fahrenheit",,"Fahrenheit",,"AppData",,"All",,"Bing",,""
"Feedback",,"Comentários",,"AppData",,"All",,"Bing",,""
"Clear cache",,"Limpar cache",,"AppData",,"All",,"Bing",,""
"Always",,"Sempre",,"AppData",,"All",,"Bing",,""
"Official opening and closing hours",,"Horário oficial de abertura e fechamento",,"AppData",,"All",,"Bing",,""
"Including results for: ",,"Incluindo resultados para:",,"AppData",,"All",,"Bing",,""
"See all %s results",,"Ver todos os resultados de %s",,"AppData",,"All",,"Bing",,""
"There’s a problem with this website’s security certificate. This could mean that it’s set up to trick you or steal info you send to the server. Visiting this website could compromise your device and your personal data.",,"Há um problema com o certificado de segurança deste site. Isso pode significar que ele está configurado para enganar você ou roubar informações que você envia ao servidor. Acessar esse site pode comprometer seu dispositivo e seus dados pessoais.",,"AppData",,"All",,"Bing",,""
"Listening for music…",,"Escutando música...",,"AppData",,"All",,"Bing",,""
"Korean",,"Coreano",,"AppData",,"All",,"Bing",,""
"% Daily Value *",,"% Valor Diário *",,"AppData",,"All",,"Bing",,""
"Want to know how to delete a bookmark?",,"Quer saber como excluir um indicador?",,"AppData",,"All",,"Bing",,""
"SafeSearch",,"Pesquisa Segura",,"AppData",,"All",,"Bing",,""
"Call",,"Ligar",,"AppData",,"All",,"Bing",,""
"Unpause search earning and get closer to Level 2 with this bonus!",,"Retome os ganhos de pesquisa e aproxime-se do Nível 2 com este bônus!",,"AppData",,"All",,"Bing",,""
"%s-star",,"%s estrela(s)",,"AppData",,"All",,"Bing",,""
"Mobile-friendly · ",,"Compatível com celular · ",,"AppData",,"All",,"Bing",,""
"Norwegian",,"Norueguês",,"AppData",,"All",,"Bing",,""
"%s pins",,"%s fixação(ões)",,"AppData",,"All",,"Bing",,""
"Precip",,"Precip",,"AppData",,"All",,"Bing",,""
"Save to Gallery",,"Salvar na Galeria",,"AppData",,"All",,"Bing",,""
"Debug Options",,"Opções de Depuração",,"AppData",,"All",,"Bing",,""
"If you\’re signed out, you may need to sign in with your Microsoft account.",,"Se tiver saído, talvez você precise entrar com sua conta da Microsoft.",,"AppData",,"All",,"Bing",,""
"Oops! Your message is empty. Please write your feedback and try again.",,"A mensagem está vazia. Escreva seus comentários e tente novamente.",,"AppData",,"All",,"Bing",,""
"Russian",,"Russo",,"AppData",,"All",,"Bing",,""
"Web",,"Web",,"AppData",,"All",,"Bing",,""
"Do you want to download this file from %1$s?\n\nFile: %2$s",,"Deseja baixar este arquivo de %1$s?\n\nArquivo: %2$s",,"AppData",,"All",,"Bing",,""
"Tomorrow",,"Amanhã",,"AppData",,"All",,"Bing",,""
"Device information:",,"Informações do dispositivo:",,"AppData",,"All",,"Bing",,""
"Microsoft Account",,"Conta da Microsoft",,"AppData",,"All",,"Bing",,""
"Claim now",,"Solicitar agora",,"AppData",,"All",,"Bing",,""
"Career",,"Carreira",,"AppData",,"All",,"Bing",,""
"Sorry, we couldn\'t find any result after filtered.",,"Não foi possível encontrar resultados após a filtragem.",,"AppData",,"All",,"Bing",,""
"Access to phone storage is needed to save images and files.",,"O acesso ao armazenamento do telefone é necessário para salvar imagens e arquivos.",,"AppData",,"All",,"Bing",,""
"Page not found",,"Página não encontrada",,"AppData",,"All",,"Bing",,""
"Do you want to delete this item from your history?",,"Deseja excluir este item do histórico?",,"AppData",,"All",,"Bing",,""
"\u00A9 Image may be subject to copyright.",,"\u00A9 A imagem pode estar sujeita a direitos autorais.",,"AppData",,"All",,"Bing",,""
"Copy URL",,"Copiar URL",,"AppData",,"All",,"Bing",,""
"Japanese",,"Japonês",,"AppData",,"All",,"Bing",,""
"Home page feed personalization",,"Personalização de feed da home page",,"AppData",,"All",,"Bing",,""
"Turn on to enable home page news feed.",,"Ative para habilitar o news feed da home page.",,"AppData",,"All",,"Bing",,""
"Open page by address",,"Abrir página por endereço",,"AppData",,"All",,"Bing",,""
"Reset personalization of your home page feed",,"Redefinir personalização do feed de sua home page",,"AppData",,"All",,"Bing",,""
"Brazil",,"Brasil",,"AppData",,"All",,"Bing",,""
"URL",,"URL",,"AppData",,"All",,"Bing",,""
"%d more offers",,"Mais %d ofertas",,"AppData",,"All",,"Bing",,""
"Indonesian",,"Indonésio",,"AppData",,"All",,"Bing",,""
"This device",,"Este dispositivo",,"AppData",,"All",,"Bing",,""
"Ads",,"Anúncios",,"AppData",,"All",,"Bing",,""
"Finnish",,"Finlandês",,"AppData",,"All",,"Bing",,""
"Translation progress ",,"Andamento da tradução",,"AppData",,"All",,"Bing",,""
"Enter destination",,"Insira o destino",,"AppData",,"All",,"Bing",,""
"Sorry, Microsoft Rewards is not available in this country or region.",,"O Microsoft Rewards não está disponível neste país ou região.",,"AppData",,"All",,"Bing",,""
"Display language",,"Idioma",,"AppData",,"All",,"Bing",,""
"Login failed.",,"Falha no logon.",,"AppData",,"All",,"Bing",,""
"Others",,"Outros",,"AppData",,"All",,"Bing",,""
"Showing filtered results",,"Mostrando resultados filtrados",,"AppData",,"All",,"Bing",,""
"Performance mode",,"Modo de desempenho",,"AppData",,"All",,"Bing",,""
"Sorry, the content you\'ve requested is currently unavailable in your location.",,"O conteúdo solicitado não está disponível em sua localização no momento.",,"AppData",,"All",,"Bing",,""
"Show me everything",,"Mostrar tudo",,"AppData",,"All",,"Bing",,""
"Set Bing as default assistant",,"Definir o Bing como assistente padrão",,"AppData",,"All",,"Bing",,""
"Name not found.",,"Nome não encontrado.",,"AppData",,"All",,"Bing",,""
"Something went wrong, please try again",,"Houve algum problema. Tente novamente",,"AppData",,"All",,"Bing",,""
"Brush size",,"Tamanho do pincel",,"AppData",,"All",,"Bing",,""
"Any other ideas?",,"Outras ideias?",,"AppData",,"All",,"Bing",,""
"From multiple sources",,"De várias fontes",,"AppData",,"All",,"Bing",,""
"Estonian",,"Estoniano",,"AppData",,"All",,"Bing",,""
"After 24 hours",,"Após 24 horas",,"AppData",,"All",,"Bing",,""
"Shop on Bing",,"Comprar no Bing",,"AppData",,"All",,"Bing",,""
"Hmong Daw",,"Hmong Daw",,"AppData",,"All",,"Bing",,""
"Sign in to your Microsoft account",,"Entrar em sua conta da Microsoft",,"AppData",,"All",,"Bing",,""
"Send page to",,"Enviar página para",,"AppData",,"All",,"Bing",,""
"Yes - Rate us!",,"Sim - classifique-nos!",,"AppData",,"All",,"Bing",,""
"%d Related Collections",,"%d Coleções Relacionadas",,"AppData",,"All",,"Bing",,""
"E",,"E",,"AppData",,"All",,"Bing",,""
"Welsh",,"Galês",,"AppData",,"All",,"Bing",,""
"Report a problem",,"Relatar um problema",,"AppData",,"All",,"Bing",,""
"Mexico",,"México",,"AppData",,"All",,"Bing",,""
"Got it",,"Entendi",,"AppData",,"All",,"Bing",,""
"Welcome to the New Bing",,"Bem-vindo ao Novo Bing",,"AppData",,"All",,"Bing",,""
"Forward",,"Avançar",,"AppData",,"All",,"Bing",,""
"View all history",,"Exibir todo o histórico",,"AppData",,"All",,"Bing",,""
"Bookmark updated",,"Indicador atualizado",,"AppData",,"All",,"Bing",,""
"Clear search history",,"Limpar histórico de pesquisa",,"AppData",,"All",,"Bing",,""
"Calories: ",,"Calorias: ",,"AppData",,"All",,"Bing",,""
"Hindi",,"Híndi",,"AppData",,"All",,"Bing",,""
"Maybe later",,"Talvez mais tarde",,"AppData",,"All",,"Bing",,""
"Use system browser",,"Usar navegador do sistema",,"AppData",,"All",,"Bing",,""
"This page is already in %s",,"Esta página já está em %s",,"AppData",,"All",,"Bing",,""
"Failed to delete bookmark.",,"Falha ao excluir indicador.",,"AppData",,"All",,"Bing",,""
"Read other reviews on %s",,"Ler outras avaliações em %s",,"AppData",,"All",,"Bing",,""
"Can\'t use the microphone. Try restarting Bing.",,"Não é possível usar o microfone. Tente reiniciar o Bing.",,"AppData",,"All",,"Bing",,""
"Tap to close menu",,"Toque para fechar o menu",,"AppData",,"All",,"Bing",,""
"Connection is not private",,"A conexão não é privada",,"AppData",,"All",,"Bing",,""
"English",,"Inglês",,"AppData",,"All",,"Bing",,""
"Enter starting point",,"Insira o ponto de partida",,"AppData",,"All",,"Bing",,""
"Unhandled error.",,"Erro sem tratamento.",,"AppData",,"All",,"Bing",,""
"Places near me",,"Locais perto de mim",,"AppData",,"All",,"Bing",,""
"Let\'s do it",,"Avaliar agora",,"AppData",,"All",,"Bing",,""
"The photos you upload will be stored and may be used to improve Microsoft services.",,"As fotos que você carregar serão armazenadas e podem ser usadas para melhorar os serviços da Microsoft.",,"AppData",,"All",,"Bing",,""
"Most helpful positive reviews",,"Avaliações positivas mais úteis",,"AppData",,"All",,"Bing",,""
"Can\'t open page",,"Não é possível abrir a página",,"AppData",,"All",,"Bing",,""
"No results in this area",,"Nenhum resultado nesta área",,"AppData",,"All",,"Bing",,""
"Get started",,"Introdução",,"AppData",,"All",,"Bing",,""
"Error initializing YouTube player: %s",,"Erro ao inicializar player do YouTube: %s",,"AppData",,"All",,"Bing",,""
"Continue to this web page (not recommended)",,"Continuar para esta página da Web (não recomendado)",,"AppData",,"All",,"Bing",,""
"Authentication error.",,"Erro de autenticação.",,"AppData",,"All",,"Bing",,""
"on the list",,"na lista",,"AppData",,"All",,"Bing",,""
"Australia",,"Austrália",,"AppData",,"All",,"Bing",,""
"When app closed",,"Quando o aplicativo é fechado",,"AppData",,"All",,"Bing",,""
"Sorry, the content you requested is not available in your location. Please check your location permission and try again later.",,"O conteúdo solicitado não está disponível em sua localização. Verifique sua permissão local e tente novamente mais tarde.",,"AppData",,"All",,"Bing",,""
"Find in page",,"Localizar na página",,"AppData",,"All",,"Bing",,""
"Use Celsius or Fahrenheit as unit when displaying temperature",,"Usar Celsius ou Fahrenheit como unidade ao exibir a temperatura",,"AppData",,"All",,"Bing",,""
"Region and Languages",,"Região e Idiomas",,"AppData",,"All",,"Bing",,""
"Earn Now",,"Ganhar Agora",,"AppData",,"All",,"Bing",,""
"My location",,"Minha localização",,"AppData",,"All",,"Bing",,""
"Amenities",,"Comodidades",,"AppData",,"All",,"Bing",,""
"Popular Dishes",,"Pratos Populares",,"AppData",,"All",,"Bing",,""
"Delete location",,"Excluir localização",,"AppData",,"All",,"Bing",,""
"Germany",,"Alemanha",,"AppData",,"All",,"Bing",,""
"Open",,"Abrir",,"AppData",,"All",,"Bing",,""
"All your stuff is still here: bookmarks, history and saved images in the Gallery",,"Todos os seus itens ainda estão aqui: indicadores, histórico e imagens salvas na Galeria",,"AppData",,"All",,"Bing",,""
"Chinese Simplified",,"Chinês Simplificado",,"AppData",,"All",,"Bing",,""
"Once you do, you can manage your search history here. Searches aren\'t saved when you\'re in Private mode.",,"Depois disso, você pode gerenciar seu histórico de pesquisa aqui. As pesquisas não são salvas quando você está no modo Privado.",,"AppData",,"All",,"Bing",,""
"Search images",,"Pesquisar imagens",,"AppData",,"All",,"Bing",,""
"Today\'s Wallpaper",,"Papel de Parede de hoje",,"AppData",,"All",,"Bing",,""
"Are you sure you want to sign out of this Microsoft account?",,"Tem certeza de que deseja sair desta conta da Microsoft?",,"AppData",,"All",,"Bing",,""
"Movies",,"Filmes",,"AppData",,"All",,"Bing",,""
"Data cleared!",,"Dados limpos!",,"AppData",,"All",,"Bing",,""
"Turn this on to enable a home page feed that is personalized based on your use of the feed.",,"Ative isso para habilitar um feed de home page personalizado com base em seu uso do feed.",,"AppData",,"All",,"Bing",,""
"Sorry, your device does not support this setting.",,"Seu dispositivo não dá suporte a esta configuração.",,"AppData",,"All",,"Bing",,""
"Daily image from Bing",,"Imagem diária do Bing",,"AppData",,"All",,"Bing",,""
"Sweden",,"Suécia",,"AppData",,"All",,"Bing",,""
"Explore More",,"Explorar mais",,"AppData",,"All",,"Bing",,""
"min",,"min",,"AppData",,"All",,"Bing",,""
"Distance: ",,"Distância:",,"AppData",,"All",,"Bing",,""
"Enable",,"Habilitar",,"AppData",,"All",,"Bing",,""
"Open in private mode tab",,"Abrir em guia de modo privado",,"AppData",,"All",,"Bing",,""
"Fact checked by %s",,"Fato verificado por %s",,"AppData",,"All",,"Bing",,""
"Clear for this device only",,"Limpar apenas para este dispositivo",,"AppData",,"All",,"Bing",,""
"Directions",,"Trajeto",,"AppData",,"All",,"Bing",,""
"Strict",,"Severa",,"AppData",,"All",,"Bing",,""
"Success",,"Êxito",,"AppData",,"All",,"Bing",,""
"Microphone status is unknown.",,"O status do microfone é desconhecido.",,"AppData",,"All",,"Bing",,""
"Request mobile site",,"Solicitar site móvel",,"AppData",,"All",,"Bing",,""
"Aim at barcode or QR code",,"Mirar código de barras ou código QR",,"AppData",,"All",,"Bing",,""
"Tutorial",,"Tutorial",,"AppData",,"All",,"Bing",,""
"Tap to start speaking.",,"Toque para começar a falar.",,"AppData",,"All",,"Bing",,""
"Maps",,"Mapas",,"AppData",,"All",,"Bing",,""
""Related searches for ""%s"":"",,""Pesquisas relacionadas de ""%s"":"",,"AppData",,"All",,"Bing",,""
"Sometimes you can\'t get there from here. This is one of those times. Try using different locations.",,"Às vezes não é possível ir daqui para lá. Este é um desses momentos. Tente usar locais diferentes.",,"AppData",,"All",,"Bing",,""
"Set Bing as your default assistant and search with one press!",,"Defina o Bing como seu assistente padrão e pesquise com um único pressionamento!",,"AppData",,"All",,"Bing",,""
"No more result",,"Não há mais resultados",,"AppData",,"All",,"Bing",,""
" and other details",," e outros detalhes",,"AppData",,"All",,"Bing",,""
"Don\'t show search history from my other devices",,"Não mostrar o histórico de pesquisa de meus outros dispositivos",,"AppData",,"All",,"Bing",,""
"dismiss",,"ignorar",,"AppData",,"All",,"Bing",,""
"Privacy and Cookies",,"Privacidade e Cookies",,"AppData",,"All",,"Bing",,""
"Share image",,"Compartilhar imagem",,"AppData",,"All",,"Bing",,""
"Chinese Traditional",,"Chinês Tradicional",,"AppData",,"All",,"Bing",,""
"In-depth Coverage",,"Cobertura Completa",,"AppData",,"All",,"Bing",,""
"Accessibility",,"Acessibilidade",,"AppData",,"All",,"Bing",,""
"Set Bing to automatically close your tabs",,"Defina o Bing para fechar automaticamente as guias",,"AppData",,"All",,"Bing",,""
"Personalized home page feed",,"Feed personalizado da home page",,"AppData",,"All",,"Bing",,""
"Close all tabs",,"Fechar todas as guias",,"AppData",,"All",,"Bing",,""
"Data from: ",,"Dados de: ",,"AppData",,"All",,"Bing",,""
"Hey, frequent flyer! Your location has changed, so we need to switch things around to make sure you\'re seeing the right stuff.\n\nYou can always change your region in settings.",,"Olá, passageiro frequente! Sua localização mudou. Por isso, precisamos mudar tudo para garantir que você veja os itens certos.\n\nVocê sempre pode alterar sua região nas configurações.",,"AppData",,"All",,"Bing",,""
"Menu",,"Menu",,"AppData",,"All",,"Bing",,""
"Region",,"Região",,"AppData",,"All",,"Bing",,""
"Bing · product search",,"Bing · pesquisa de produtos",,"AppData",,"All",,"Bing",,""
"Filters",,"Filtros",,"AppData",,"All",,"Bing",,""
"Latvian",,"Letão",,"AppData",,"All",,"Bing",,""
"Search",,"Pesquisar",,"AppData",,"All",,"Bing",,""
"Choose image quality",,"Escolher qualidade da imagem",,"AppData",,"All",,"Bing",,""
"%d Related Collection",,"%d Coleção Relacionada",,"AppData",,"All",,"Bing",,""
"Austria",,"Áustria",,"AppData",,"All",,"Bing",,""
"Sign out",,"Sair",,"AppData",,"All",,"Bing",,""
"Thank you for your feedback!",,"Obrigado por seus comentários!",,"AppData",,"All",,"Bing",,""
"Maltese",,"Maltês",,"AppData",,"All",,"Bing",,""
"%s reviews",,"%s avaliação(ões)",,"AppData",,"All",,"Bing",,""
"Romanian",,"Romeno",,"AppData",,"All",,"Bing",,""
"S",,"S",,"AppData",,"All",,"Bing",,""
"Upcoming Event",,"Evento Futuro",,"AppData",,"All",,"Bing",,""
"Search results",,"Resultados da pesquisa",,"AppData",,"All",,"Bing",,""
"Change unit of temperature",,"Alterar unidade de temperatura",,"AppData",,"All",,"Bing",,""
"Full review",,"Revisão completa",,"AppData",,"All",,"Bing",,""
"Clear your bookmarks? You can\'t undo this.",,"Limpar seus marcadores? Você não pode desfazer isso.",,"AppData",,"All",,"Bing",,""
"After you sign in, your search history from other devices will show here.",,"Depois que você entrar, seu histórico de pesquisa de outros dispositivos será mostrado aqui.",,"AppData",,"All",,"Bing",,""
"Sorry, login failed. Please try again later.",,"Falha no logon. Tente novamente mais tarde.",,"AppData",,"All",,"Bing",,""
"Auto-close tabs",,"Fechar guias automaticamente",,"AppData",,"All",,"Bing",,""
" other details",," outros detalhes",,"AppData",,"All",,"Bing",,""
"W",,"W",,"AppData",,"All",,"Bing",,""
"Direction",,"Direção",,"AppData",,"All",,"Bing",,""
"Manage SafeSearch and search history",,"Gerenciar Pesquisa Segura e histórico de pesquisa",,"AppData",,"All",,"Bing",,""
"Do you want to download this file?",,"Deseja baixar este arquivo?",,"AppData",,"All",,"Bing",,""
"You already received this offer. Check out how you can earn more points.",,"Você já recebeu esta oferta. Veja como você pode ganhar mais pontos.",,"AppData",,"All",,"Bing",,""
"Start searching",,"Iniciar pesquisa",,"AppData",,"All",,"Bing",,""
"Wi-Fi Only",,"Apenas Wi-Fi",,"AppData",,"All",,"Bing",,""
"Italian",,"Italiano",,"AppData",,"All",,"Bing",,""
"By %s",,"Por %s",,"AppData",,"All",,"Bing",,""
"Privacy and Safety",,"Privacidade e Segurança",,"AppData",,"All",,"Bing",,""
"Speak now in Catalan",,"Fale agora em catalão",,"AppData",,"All",,"Bing",,""
"Check for holiday hours.",,"Verificar horário de férias.",,"AppData",,"All",,"Bing",,""
"Apply",,"Aplicar",,"AppData",,"All",,"Bing",,""
"Are you 17 or younger? Tap Keep it rated PG now.\n\nOK, now that the kids are gone, we can talk. You know how the internet works, some sites have content that\'s not for everyone.\n\nThis is your official warning: If you turn off SafeSearch, you may see stuff you can never un see. Not cool with that? Tap Keep it rated PG. This will take you back to settings where you can turn SafeSearch back on.",,"Você tem 17 anos ou menos? Toque agora em Manter a classificação PG.\n\nOK, agora que as crianças foram embora, podemos conversar. Você sabe como a Internet funciona: alguns sites têm conteúdo que não é para todos.\n\nEste é seu aviso oficial: se desativar a Pesquisa Segura, você poderá ver coisas que nunca poderá esquecer. Não quer isso? Toque em Manter a classificação PG. Você será levado de volta para as configurações, onde poderá ativar a Pesquisa Segura novamente.",,"AppData",,"All",,"Bing",,""
"Manage search history from your other devices on %s.",,"Gerencie o histórico de pesquisa de seus outros dispositivos em %s.",,"AppData",,"All",,"Bing",,""
"Slovak",,"Eslovaco",,"AppData",,"All",,"Bing",,""
"All images",,"Todas as imagens",,"AppData",,"All",,"Bing",,""
"NNE",,"NNE",,"AppData",,"All",,"Bing",,""
"Speak now in Portuguese",,"Fale agora em português",,"AppData",,"All",,"Bing",,""
"Hi/Low",,"Máx./Mín.",,"AppData",,"All",,"Bing",,""
"%d Pages with this image result",,"%d Páginas com este resultado de imagem",,"AppData",,"All",,"Bing",,""
"Not now",,"Agora não",,"AppData",,"All",,"Bing",,""
"This page has already been added as a bookmark.",,"Esta página já foi adicionada como um indicador.",,"AppData",,"All",,"Bing",,""
"Other errors.",,"Outros erros.",,"AppData",,"All",,"Bing",,""
"Updating wallpaper information, please wait…",,"Atualizando informações do papel de parede. Aguarde...",,"AppData",,"All",,"Bing",,""
"Click to explore more about Bing",,"Clique para saber mais sobre o Bing",,"AppData",,"All",,"Bing",,""
"App needs access to your camera so you can scan bar codes and QR codes.",,"O aplicativo precisa acessar a câmera para que você possa digitalizar códigos de barras e códigos QR.",,"AppData",,"All",,"Bing",,""
"Bing · music search",,"Bing · pesquisa de músicas",,"AppData",,"All",,"Bing",,""
"France",,"França",,"AppData",,"All",,"Bing",,""
"Top News",,"Principais Notícias",,"AppData",,"All",,"Bing",,""
"SE",,"SE",,"AppData",,"All",,"Bing",,""
"Player Statistics",,"Estatísticas do Jogador",,"AppData",,"All",,"Bing",,""
"This is an invalid barcode. Please try another one.",,"Este é um código de barras inválido. Tente outro.",,"AppData",,"All",,"Bing",,""
"Push Notifications",,"Notificações por Push",,"AppData",,"All",,"Bing",,""
"Saved locations",,"Locais salvos",,"AppData",,"All",,"Bing",,""
"Install",,"Instalar",,"AppData",,"All",,"Bing",,""
"This page isn\'t here anymore. Did you say something hurtful to it?",,"Esta página não está mais aqui. Será que você disse algo de que ela não gostou?",,"AppData",,"All",,"Bing",,""
"by %s",,"Por %s",,"AppData",,"All",,"Bing",,""
"150 Microsoft Rewards bonus points",,"150 pontos de bônus do Microsoft Rewards",,"AppData",,"All",,"Bing",,""
"Netherlands",,"Países Baixos",,"AppData",,"All",,"Bing",,""
""&lt;font color=#FEFEFE&gt;Tap &lt;/font&gt;&lt;b&gt;&lt;font color=#FFFFFF&gt;Assist app&lt;/font&gt;&lt;/b&gt;&lt;font color=#FEFEFE&gt; above then select \""&lt;b&gt;Bing&lt;/b&gt;\"".&lt;/font&gt;"",,""&lt;font color=#FEFEFE&gt;Toque em &lt;/font&gt;&lt;b&gt;&lt;font color=#FFFFFF&gt;Assistência app&lt;/font&gt;&lt;/b&gt;&lt;font color=#FEFEFE&gt; acima e selecione \""&lt;b&gt;Bing&lt;/b&gt;\"".&lt;/font&gt;"",,"AppData",,"All",,"Bing",,""
"ENE",,"ENE",,"AppData",,"All",,"Bing",,""
"preview",,"visualizar",,"AppData",,"All",,"Bing",,""
"Show me more",,"Mostrar mais",,"AppData",,"All",,"Bing",,""
"Manage SafeSearch and search settings",,"Gerenciar Pesquisa Segura e configurações de pesquisa",,"AppData",,"All",,"Bing",,""
"Beta User Program",,"Programa de Usuário Beta",,"AppData",,"All",,"Bing",,""
"Hi, %s",,"Olá, %s",,"AppData",,"All",,"Bing",,""
"Sending…",,"Enviando…",,"AppData",,"All",,"Bing",,""
"Send email:",,"Enviar email:",,"AppData",,"All",,"Bing",,""
"Enjoying the ride? Found a pothole? We want to hear from you!",,"Está gostando do trajeto? Encontrou um buraco na estrada? Aguardamos seus comentários!",,"AppData",,"All",,"Bing",,""
"No results for this location",,"Nenhum resultado para este local",,"AppData",,"All",,"Bing",,""
"Earn points",,"Ganhar pontos",,"AppData",,"All",,"Bing",,""
"Are you sure you want to use this image as your wallpaper?",,"Tem certeza de que deseja usar esta imagem como papel de parede?",,"AppData",,"All",,"Bing",,""
"You need to sign in to your Microsoft account first.",,"Primeiro você precisa entrar em sua conta da Microsoft.",,"AppData",,"All",,"Bing",,""
"Cookies and site data",,"Cookies e dados do site",,"AppData",,"All",,"Bing",,""
"Amount Per: ",,"Quantidade por:",,"AppData",,"All",,"Bing",,""
"Name required",,"Nome necessário",,"AppData",,"All",,"Bing",,""
"Create bookmark",,"Criar indicador",,"AppData",,"All",,"Bing",,""
"All",,"Tudo",,"AppData",,"All",,"Bing",,""
"Featured elsewhere",,"Em destaque em outro lugar",,"AppData",,"All",,"Bing",,""
"%d Page with this image result",,"%d Página com este resultado de imagem",,"AppData",,"All",,"Bing",,""
"Settings",,"Configurações",,"AppData",,"All",,"Bing",,""
"Official Website",,"Site Oficial",,"AppData",,"All",,"Bing",,""
"Search for similar images",,"Pesquisar imagens semelhantes",,"AppData",,"All",,"Bing",,""
"India - English",,"Índia - Inglês",,"AppData",,"All",,"Bing",,""
"Cache files deleted.",,"Arquivos em cache excluídos.",,"AppData",,"All",,"Bing",,""
"Turkish",,"Turco",,"AppData",,"All",,"Bing",,""
"Tilt your phone up to trigger the AR view",,"Incline o telefone para cima para disparar a exibição de RA",,"AppData",,"All",,"Bing",,""
"Autoplay video and GIF previews",,"Reproduzir automaticamente visualizações de vídeo e GIF",,"AppData",,"All",,"Bing",,""
"Sorry, this page isn\'t loading right. Give it a try later.",,"Esta página não está sendo carregada corretamente. Tente mais tarde.",,"AppData",,"All",,"Bing",,""
"Set this image as phone wallpaper",,"Definir esta imagem como papel de parede do telefone",,"AppData",,"All",,"Bing",,""
"Couldn\'t save image.",,"Não foi possível salvar a imagem.",,"AppData",,"All",,"Bing",,""
"Couldn\'t share this image, please try again later.",,"Não foi possível compartilhar a imagem. Tente novamente mais tarde.",,"AppData",,"All",,"Bing",,""
"Go",,"Ir",,"AppData",,"All",,"Bing",,""
"ESE",,"ESE",,"AppData",,"All",,"Bing",,""
"See more",,"Ver mais",,"AppData",,"All",,"Bing",,""
"Lithuanian",,"Lituano",,"AppData",,"All",,"Bing",,""
"You have not spoken anything.",,"Você não disse nada.",,"AppData",,"All",,"Bing",,""
"Replace screenshot",,"Substituir captura de tela",,"AppData",,"All",,"Bing",,""
"Authentication expired.",,"A autenticação expirou.",,"AppData",,"All",,"Bing",,""
"Thinking…",,"Pensando...",,"AppData",,"All",,"Bing",,""
"History",,"Histórico",,"AppData",,"All",,"Bing",,""
"Related searches",,"Pesquisas Relacionadas",,"AppData",,"All",,"Bing",,""
"Precipitation:",,"Precipitação:",,"AppData",,"All",,"Bing",,""
"Speak now in Japanese",,"Fale agora em japonês",,"AppData",,"All",,"Bing",,""
"Search for location",,"Pesquisar localização",,"AppData",,"All",,"Bing",,""
"Add location",,"Adicionar local",,"AppData",,"All",,"Bing",,""
"Catalan",,"Catalão",,"AppData",,"All",,"Bing",,""
"Share this image",,"Compartilhar esta imagem",,"AppData",,"All",,"Bing",,""
"Continue as %s",,"Continuar como %s",,"AppData",,"All",,"Bing",,""
"%s deals",,"%s ofertas",,"AppData",,"All",,"Bing",,""
"Try again?",,"Tentar novamente?",,"AppData",,"All",,"Bing",,""
"Bulgarian",,"Búlgaro",,"AppData",,"All",,"Bing",,""
"Back",,"Voltar",,"AppData",,"All",,"Bing",,""
"Bing · web search",,"Bing · pesquisa na Web",,"AppData",,"All",,"Bing",,""
"or",,"ou",,"AppData",,"All",,"Bing",,""
"App needs access to your microphone so you can use voice search.",,"O aplicativo precisa acessar o microfone para que você possa usar a pesquisa de voz.",,"AppData",,"All",,"Bing",,""
"Audio output failed.",,"Falha na saída de áudio.",,"AppData",,"All",,"Bing",,""
"Sorry, didn\'t understand that. Please repeat it.",,"Desculpe, não entendi. Por favor, repita.",,"AppData",,"All",,"Bing",,""
"About",,"Sobre",,"AppData",,"All",,"Bing",,""
"%1$s, %2$d %3$s reviews",,"%1$s, %2$d análises do %3$s",,"AppData",,"All",,"Bing",,""
"Microphone is unavailable.",,"O microfone não está disponível.",,"AppData",,"All",,"Bing",,""
"Do you want to disable history sync? You can turn it back on in Settings.",,"Deseja desabilitar a sincronização do histórico? Você pode ativá-la novamente em Configurações.",,"AppData",,"All",,"Bing",,""
"Tap to navigate to this web page directly",,"Toque para navegar diretamente para esta página da Web",,"AppData",,"All",,"Bing",,""
"Aim at QR code",,"Mirar código QR",,"AppData",,"All",,"Bing",,""
"Leave at",,"Partir à(s)",,"AppData",,"All",,"Bing",,""
"Sign out of your Microsoft account",,"Sair de sua conta da Microsoft",,"AppData",,"All",,"Bing",,""
"SSE",,"SSE",,"AppData",,"All",,"Bing",,""
"Permissions",,"Permissões",,"AppData",,"All",,"Bing",,""
"Clear your data",,"Limpar seus dados",,"AppData",,"All",,"Bing",,""
"Indonesia",,"Indonésia",,"AppData",,"All",,"Bing",,""
"Please start speaking.",,"Comece a falar.",,"AppData",,"All",,"Bing",,""
"Invalid Argument.",,"Argumento Inválido.",,"AppData",,"All",,"Bing",,""
"Tap to add text",,"Toque para adicionar texto",,"AppData",,"All",,"Bing",,""
"Internal error.",,"Erro interno.",,"AppData",,"All",,"Bing",,""
"Images",,"Imagens",,"AppData",,"All",,"Bing",,""
"Expires: %s",,"Expira em: %s",,"AppData",,"All",,"Bing",,""
"Use simplified browser",,"Usar navegador simplificado",,"AppData",,"All",,"Bing",,""
"Dislike story",,"Não curtir matéria",,"AppData",,"All",,"Bing",,""
"N",,"N",,"AppData",,"All",,"Bing",,""
"Belgium - French",,"Bélgica - Francês",,"AppData",,"All",,"Bing",,""
"Nutrition Facts",,"Informações Nutricionais",,"AppData",,"All",,"Bing",,""
"Lock screen",,"Tela de bloqueio",,"AppData",,"All",,"Bing",,""
"Tilt your phone down to trigger the map view",,"Incline o telefone para baixo para disparar a exibição de mapa",,"AppData",,"All",,"Bing",,""
"Homepage gallery",,"Galeria da home page",,"AppData",,"All",,"Bing",,""
"Refresh",,"Atualizar",,"AppData",,"All",,"Bing",,""
"Bing · video search",,"Bing · pesquisa de vídeo",,"AppData",,"All",,"Bing",,""
"Collapse filter to see the results",,"Recolher filtro para ver resultados",,"AppData",,"All",,"Bing",,""
"trending artists",,"artistas mais populares",,"AppData",,"All",,"Bing",,""
"Bing uses your location to show more relevant search results",,"O Bing usa sua localização para mostrar resultados de pesquisa mais relevantes",,"AppData",,"All",,"Bing",,""
"Oops, that didn\'t work. Try again?",,"Opa, isso não funcionou. Tentar novamente?",,"AppData",,"All",,"Bing",,""
"Do you want to save this image to your Gallery?",,"Você quer salvar esta imagem na Galeria?",,"AppData",,"All",,"Bing",,""
"Local",,"Local",,"AppData",,"All",,"Bing",,""
"Dutch",,"Holandês",,"AppData",,"All",,"Bing",,""
"Bookmark update failed",,"A atualização de indicador falhou",,"AppData",,"All",,"Bing",,""
"Sign in",,"Entrar",,"AppData",,"All",,"Bing",,""
"Spanish",,"Espanhol",,"AppData",,"All",,"Bing",,""
"Discard your edits?",,"Descartar suas edições?",,"AppData",,"All",,"Bing",,""
"Invalid proxy.",,"Proxy inválido.",,"AppData",,"All",,"Bing",,""
"Korea",,"Coreia",,"AppData",,"All",,"Bing",,""
"Close",,"Fechar",,"AppData",,"All",,"Bing",,""
"Leave now",,"Sair agora",,"AppData",,"All",,"Bing",,""
"Something went wrong. Make sure you\'re connected to a network.",,"Houve algum problema. Verifique se você está conectado a uma rede.",,"AppData",,"All",,"Bing",,""
"Urdu",,"Urdu",,"AppData",,"All",,"Bing",,""
"Poland",,"Polônia",,"AppData",,"All",,"Bing",,""
"Videos search",,"Pesquisa de vídeos",,"AppData",,"All",,"Bing",,""
"Shortcuts",,"Atalhos",,"AppData",,"All",,"Bing",,""
"Login",,"Logon",,"AppData",,"All",,"Bing",,""
"Copy link address",,"Copiar endereço do link",,"AppData",,"All",,"Bing",,""
"Argentina",,"Argentina",,"AppData",,"All",,"Bing",,""
"There are no results for %s.",,"Não há resultados para %s.",,"AppData",,"All",,"Bing",,""
"Please sign in to see your search history across different devices and collect Microsoft rewards.",,"Entre para ver seu histórico de pesquisa em diferentes dispositivos e coletar premiações da Microsoft.",,"AppData",,"All",,"Bing",,""
"Data by",,"Dados por",,"AppData",,"All",,"Bing",,""
"Slovenian",,"Esloveno",,"AppData",,"All",,"Bing",,""
"Estimated time:",,"Tempo estimado:",,"AppData",,"All",,"Bing",,""
"Font",,"Fonte",,"AppData",,"All",,"Bing",,""
"Initializing…",,"Inicializando...",,"AppData",,"All",,"Bing",,""
"You have already signed in, but Rewards is not yet available in your region.",,"Você já entrou, mas as Premiações ainda não estão disponíveis em sua região.",,"AppData",,"All",,"Bing",,""
"advertiser rating",,"classificação de anunciantes",,"AppData",,"All",,"Bing",,""
"Do you want to close all tabs? You can find your searches and pages visited again in your history.",,"Você quer fechar todas as guias? Você pode encontrar suas pesquisas e as páginas visitadas novamente no histórico.",,"AppData",,"All",,"Bing",,""
"No - Give feedback",,"Não - fornecer comentários",,"AppData",,"All",,"Bing",,""
"Greek",,"Grego",,"AppData",,"All",,"Bing",,""
"French",,"Francês",,"AppData",,"All",,"Bing",,""
"Popular Dish",,"Prato Popular",,"AppData",,"All",,"Bing",,""
"Do you want results only for: ",,"Você quer resultados apenas para:",,"AppData",,"All",,"Bing",,""
"Barcode",,"Código de Barras",,"AppData",,"All",,"Bing",,""
"Edit",,"Editar",,"AppData",,"All",,"Bing",,""
"Looks like you\'ve changed your mind?",,"Você mudou de ideia?",,"AppData",,"All",,"Bing",,""
"Search or browse Bing with a single long press of the home button",,"Pesquisar ou navegar no Bing com um único pressionamento longo do botão página inicial",,"AppData",,"All",,"Bing",,""
"Hebrew",,"Hebraico",,"AppData",,"All",,"Bing",,""
"Get Microsoft Rewards points for searching and redeem for gift cards and more.",,"Obtenha pontos do Microsoft Premiações para pesquisar e resgatar cartões-presente e muito mais.",,"AppData",,"All",,"Bing",,""
"Change settings",,"Alterar configurações",,"AppData",,"All",,"Bing",,""
"Voice",,"Voz",,"AppData",,"All",,"Bing",,""
"Simplify your view and focus on a webpage\'s text for distraction-free reading",,"Simplifique a exibição e o foco no texto de uma página da Web para garantir a leitura sem distrações",,"AppData",,"All",,"Bing",,""
"What\'s playing now? Tap to find out!",,"O que está tocando agora? Toque para descobrir!",,"AppData",,"All",,"Bing",,""
"You must love the Bing daily images as much as we do to come this far!\nWe’ve collected them all here for you to enjoy",,"Você deve adorar as imagens diárias do Bing tanto quanto nós as adoramos para ter ido tão longe!\nReunimos todas aqui para que você as aproveite",,"AppData",,"All",,"Bing",,""
"OK",,"OK",,"AppData",,"All",,"Bing",,""
"Belgium - Dutch",,"Bélgica - Holandês",,"AppData",,"All",,"Bing",,""
"People Also Read",,"As Pessoas Também Leram",,"AppData",,"All",,"Bing",,""
"Discard",,"Descartar",,"AppData",,"All",,"Bing",,""
"Nutritional Facts (Per serving)",,"Informações sobre Nutrição (por porção)",,"AppData",,"All",,"Bing",,""
"Thai",,"Tailandês",,"AppData",,"All",,"Bing",,""
"Pick color",,"Selecionar cor",,"AppData",,"All",,"Bing",,""
"%1$d hr %2$d min",,"%1$d h %2$d min",,"AppData",,"All",,"Bing",,""
"Celsius",,"Celsius",,"AppData",,"All",,"Bing",,""
"Say your search instead of typing.",,"Diga sua pesquisa em vez de digitar.",,"AppData",,"All",,"Bing",,""
"Crash detected. Please send crash logs using:",,"Falha detectada. Envie os logs de falha usando:",,"AppData",,"All",,"Bing",,""
"Something\'s wrong with your network",,"Há algum problema com a rede.",,"AppData",,"All",,"Bing",,""
"Download image",,"Baixar imagem",,"AppData",,"All",,"Bing",,""
"Scanner",,"Scanner",,"AppData",,"All",,"Bing",,""
"Browser Settings",,"Configurações do Navegador",,"AppData",,"All",,"Bing",,""
"Driving Directions",,"Trajeto de Carro",,"AppData",,"All",,"Bing",,""
"We could not find that product. Tap here to scan again.",,"Não foi possível encontrar este produto. Toque aqui para examinar novamente.",,"AppData",,"All",,"Bing",,""
"Official site\n%s",,"Site oficial\n%s",,"AppData",,"All",,"Bing",,""
"settings",,"configurações",,"AppData",,"All",,"Bing",,""
"Long press the home button",,"Pressionamento longo do botão página inicial",,"AppData",,"All",,"Bing",,""
"Italy",,"Itália",,"AppData",,"All",,"Bing",,""
"Keep it rated PG",,"Manter a classificação PG",,"AppData",,"All",,"Bing",,""
"Restaurants",,"Restaurantes",,"AppData",,"All",,"Bing",,""
"SafeSearch is on:",,"A Pesquisa segura está ativada:",,"AppData",,"All",,"Bing",,""
"To remove search history from your other devices, please visit bing.com/profile/history",,"Para remover o histórico de pesquisa dos outros dispositivos, acesse bing.com/profile/history",,"AppData",,"All",,"Bing",,""
"With Private Search on, Bing will not remember what you search and what you view",,"Com a Pesquisa Privada, o Bing não se lembrará do que você pesquisar e do que exibir",,"AppData",,"All",,"Bing",,""
"View less",,"Exibir menos",,"AppData",,"All",,"Bing",,""
"Open 24 hours",,"Aberto 24 horas",,"AppData",,"All",,"Bing",,""
"I don’t want to earn points",,"Não quero ganhar pontos",,"AppData",,"All",,"Bing",,""
"What else in your mind?",,"No que mais você está pensando?",,"AppData",,"All",,"Bing",,""
"Earn points for searching",,"Ganhe pontos ao pesquisar",,"AppData",,"All",,"Bing",,""
"Speak now in Arabic",,"Fale agora em árabe",,"AppData",,"All",,"Bing",,""
"Failed to add bookmark.",,"Falha ao adicionar indicador.",,"AppData",,"All",,"Bing",,""
"Bookmarks &amp; History",,"Indicadores &amp; Histórico",,"AppData",,"All",,"Bing",,""
"United States - English",,"Estados Unidos - Inglês",,"AppData",,"All",,"Bing",,""
"Translate web pages into your chosen language",,"Traduzir páginas da Web para o idioma escolhido",,"AppData",,"All",,"Bing",,""
"Unknown error.",,"Erro desconhecido.",,"AppData",,"All",,"Bing",,""
"Delete all temporary files and data from the cache",,"Excluir todos os arquivos temporários e dados do cache",,"AppData",,"All",,"Bing",,""
"Weather",,"Clima",,"AppData",,"All",,"Bing",,""
"Translate",,"Traduzir",,"AppData",,"All",,"Bing",,""
"Add as bookmark",,"Adicionar como indicador",,"AppData",,"All",,"Bing",,""
"Time out. Make sure you\'re connected to a network.",,"Tempo limite. Verifique se você está conectado a uma rede.",,"AppData",,"All",,"Bing",,""
"Music",,"Música",,"AppData",,"All",,"Bing",,""
"Do you want to save page screenshot to your Gallery?",,"Você quer salvar a captura de tela da página na Galeria?",,"AppData",,"All",,"Bing",,""
"Terms of Use",,"Termos de Uso",,"AppData",,"All",,"Bing",,""
"Send feedback",,"Enviar comentários",,"AppData",,"All",,"Bing",,""
""Alternatives for ""%s"":"",,""Alternativas para ""%s"":"",,"AppData",,"All",,"Bing",,""
"Other devices",,"Outros dispositivos",,"AppData",,"All",,"Bing",,""
"Sorry, failed to request the picture. Please try again later.",,"Falha ao solicitar imagem. Tente novamente mais tarde.",,"AppData",,"All",,"Bing",,""
"Sync your search history",,"Sincronizar o histórico de pesquisa",,"AppData",,"All",,"Bing",,""
"Norway",,"Noruega",,"AppData",,"All",,"Bing",,""
"Screenshots",,"Capturas de Tela",,"AppData",,"All",,"Bing",,""
"Upcoming Events",,"Eventos Futuros",,"AppData",,"All",,"Bing",,""
"first post: %s",,"primeira postagem: %s",,"AppData",,"All",,"Bing",,""
"Private mode",,"Modo privado",,"AppData",,"All",,"Bing",,""
"Voice search failed. Try again later.",,"Falha na pesquisa de voz. Tente novamente mais tarde.",,"AppData",,"All",,"Bing",,""
"Problem Type",,"Tipo de Problema",,"AppData",,"All",,"Bing",,""
"FAQ",,"Perguntas Frequentes",,"AppData",,"All",,"Bing",,""
"Love Bing? Give it a 5-star review!",,"Você adora o Bing? Dê a ele uma avaliação de 5 estrelas!",,"AppData",,"All",,"Bing",,""
"Take a pic of any product\'s barcode (not the store barcode) to see ratings and prices from popular stores",,"Tire uma foto do código de barras de qualquer produto (não o código de barras da loja) para ver classificações e preços de lojas populares",,"AppData",,"All",,"Bing",,""
"Do you like this app?",,"Você gosta deste aplicativo?",,"AppData",,"All",,"Bing",,""
"Location",,"Local",,"AppData",,"All",,"Bing",,""
"You\'ve disabled this feature.",,"Você desabilitou este recurso.",,"AppData",,"All",,"Bing",,""
"Set as wallpaper",,"Definir como papel de parede",,"AppData",,"All",,"Bing",,""
"My Bing",,"Meu Bing",,"AppData",,"All",,"Bing",,""
"Clear",,"Limpar",,"AppData",,"All",,"Bing",,""
"Don\'t show stories from %s",,"Não mostrar matérias de %s",,"AppData",,"All",,"Bing",,""
"hr",,"h",,"AppData",,"All",,"Bing",,""
"Bing · local search",,"Bing · pesquisa de locais",,"AppData",,"All",,"Bing",,""
"There was a problem reporting your problem! Please try again later.",,"Problema ao relatar seu problema! Tente novamente mais tarde.",,"AppData",,"All",,"Bing",,""
"See more news",,"Ver mais notícias",,"AppData",,"All",,"Bing",,""
"Humidity:",,"Umidade:",,"AppData",,"All",,"Bing",,""
"Search box",,"Caixa de pesquisa",,"AppData",,"All",,"Bing",,""
"Edit screenshot",,"Editar captura de tela",,"AppData",,"All",,"Bing",,""
"Choose how Bing filters adult content",,"Escolha como o Bing filtra o conteúdo somente para adultos",,"AppData",,"All",,"Bing",,""
"SafeSearch is on. Requery to keep it rated PG.",,"A Pesquisa Segura está ativada. Consulte novamente para manter a classificação PG.",,"AppData",,"All",,"Bing",,""
"Czech",,"Tcheco",,"AppData",,"All",,"Bing",,""
"\u00A9 2018 Microsoft",,"\u00A9 2018 Microsoft",,"AppData",,"All",,"Bing",,""
"Sign in to see your available and daily points here.",,"Entre para ver seus pontos disponíveis e diários aqui.",,"AppData",,"All",,"Bing",,""
"History sync",,"Sincronização do histórico",,"AppData",,"All",,"Bing",,""
"Add tab for new topic",,"Adicionar guia para novo tópico",,"AppData",,"All",,"Bing",,""
"Klingon",,"Klingon",,"AppData",,"All",,"Bing",,""
"Do you want to enable history sync?",,"Deseja habilitar a sincronização do histórico?",,"AppData",,"All",,"Bing",,""
"No product found",,"Nenhum produto encontrado",,"AppData",,"All",,"Bing",,""
"Explore Homepage Gallery",,"Explorar Galeria da Home Page",,"AppData",,"All",,"Bing",,""
"Loading, please wait.",,"Carregando. Aguarde.",,"AppData",,"All",,"Bing",,""
"%s sign in is required",,"É necessário entrar em: %s",,"AppData",,"All",,"Bing",,""
"Sign in successful. You can now see your Rewards.",,"Entrada bem-sucedida. Agora você pode ver suas Premiações.",,"AppData",,"All",,"Bing",,""
"Gas",,"Gás",,"AppData",,"All",,"Bing",,""
"Manage Bing Permissions",,"Gerenciar Permissões do Bing",,"AppData",,"All",,"Bing",,""
"Home page news feed",,"News feed da home page",,"AppData",,"All",,"Bing",,""
"%1$s near %2$s",,"%1$s perto de %2$s",,"AppData",,"All",,"Bing",,""
"Send",,"Enviar",,"AppData",,"All",,"Bing",,""
"Portuguese",,"Português",,"AppData",,"All",,"Bing",,""
"Serving: ",,"Porções: ",,"AppData",,"All",,"Bing",,""
"Find something you like? \nSave as bookmark to save it and you\'ll see it here.",,"Encontrou algo que lhe agrada?\nSalve-o como um indicador e você o verá aqui.",,"AppData",,"All",,"Bing",,""
"Closes all tabs, including private tabs",,"Fecha todas as guias, incluindo guias privadas",,"AppData",,"All",,"Bing",,""
"Select your region to discover a localized search experience",,"Selecione sua região para obter uma experiência de pesquisa localizada",,"AppData",,"All",,"Bing",,""
"Bing · image search",,"Bing · pesquisa de imagens",,"AppData",,"All",,"Bing",,""
"Take transit",,"Tomar o ônibus",,"AppData",,"All",,"Bing",,""
"Music search",,"Pesquisa de música",,"AppData",,"All",,"Bing",,""
"Malaysia",,"Malásia",,"AppData",,"All",,"Bing",,""
"Trending topics",,"Tópicos mais populares",,"AppData",,"All",,"Bing",,""
"No app store found on your device, please install one and try again.",,"Nenhuma loja de aplicativos encontrada no dispositivo. Instale uma e tente novamente.",,"AppData",,"All",,"Bing",,""
"We couldn\'t get weather information for this location, please try again later.",,"Não foi possível obter informações sobre o clima para este local. Tente novamente mais tarde.",,"AppData",,"All",,"Bing",,""
"#%1$d in %2$s",,"#%1$d em %2$s",,"AppData",,"All",,"Bing",,""
" feet",," pés",,"AppData",,"All",,"Bing",,""
"Do you want to delete your entire search history?",,"Deseja excluir todo o seu histórico de pesquisa?",,"AppData",,"All",,"Bing",,""
"Tap for details",,"Toque para obter detalhes",,"AppData",,"All",,"Bing",,""
"Persian",,"Persa",,"AppData",,"All",,"Bing",,""
"Your location is different from the region you\'ve selected. You might see some cool stuff from another region\'s perspective, but you\'ll also miss out on those sweet localized results.",,"Sua localização é diferente da região que você selecionou. Talvez você veja alguns itens interessantes de outra região, mas não obterá resultados localizadas.",,"AppData",,"All",,"Bing",,""
"%s total answers",,"Total de %s respostas",,"AppData",,"All",,"Bing",,""
"Address",,"Endereço",,"AppData",,"All",,"Bing",,""
"Request desktop site",,"Solicitar site para computador desktop",,"AppData",,"All",,"Bing",,""
"Bing Search has emergency updates. You need to update before you continue using Bing Search.",,"A Pesquisa do Bing tem atualizações de emergência. Você precisa atualizar para continuar usando a Pesquisa do Bing.",,"AppData",,"All",,"Bing",,""
"Bing · maps search",,"Bing · pesquisa de mapas",,"AppData",,"All",,"Bing",,""
"This location is closed",,"Este local está fechado",,"AppData",,"All",,"Bing",,""
"Refreshing weather…",,"Atualizando clima…",,"AppData",,"All",,"Bing",,""
"Reduce visual effects for faster performance on older devices",,"Reduzir efeitos visuais para obter desempenho mais rápido em dispositivos antigos",,"AppData",,"All",,"Bing",,""
"Bing app problem or feedback",,"Problema ou comentário do aplicativo do Bing",,"AppData",,"All",,"Bing",,""
"%s liked",,"%s curtiu(ram)",,"AppData",,"All",,"Bing",,""
"See all %1$d %2$s results",,"Ver todos os %1$d resultados de %2$s",,"AppData",,"All",,"Bing",,""
"Mobile search",,"Pesquisa no celular",,"AppData",,"All",,"Bing",,""
"Open in default browser",,"Abrir no navegador padrão",,"AppData",,"All",,"Bing",,""
"Games",,"Jogos",,"AppData",,"All",,"Bing",,""
"Search and earn Rewards!",,"Pesquise e ganhe Premiações!",,"AppData",,"All",,"Bing",,""
"%s near me",,"%s perto de mim",,"AppData",,"All",,"Bing",,""
"The page can\'t be opened because you\'re not connected to the internet.",,"A página não pode ser aberta porque você não está conectado à Internet.",,"AppData",,"All",,"Bing",,""
"Visual Search",,"Pesquisa Visual",,"AppData",,"All",,"Bing",,""
"Resolved",,"Respondidas",,"AppData",,"All",,"Bing",,""
"If you want to see history from other devices, click Enable.",,"Se quiser ver o histórico de outros dispositivos, clique em Habilitar.",,"AppData",,"All",,"Bing",,""
"Taiwan",,"Taiwan",,"AppData",,"All",,"Bing",,""
"Erase what you\'ve drawn",,"Apagar o que você desenhou",,"AppData",,"All",,"Bing",,""
"Experience",,"Experiência",,"AppData",,"All",,"Bing",,""
"Daily activities",,"Atividades diárias",,"AppData",,"All",,"Bing",,""
"Speak now in Norwegian (Bokmål)",,"Fale agora em norueguês (Bokmål)",,"AppData",,"All",,"Bing",,""
"All cached images have been deleted.",,"Todas as imagens em cache foram excluídas.",,"AppData",,"All",,"Bing",,""
"PC search",,"Pesquisar no computador",,"AppData",,"All",,"Bing",,""
"Retry",,"Repetir",,"AppData",,"All",,"Bing",,""
"SafeSearch is off:",,"A Pesquisa Segura está desativada:",,"AppData",,"All",,"Bing",,""
"Location deleted.",,"Local excluído.",,"AppData",,"All",,"Bing",,""
"Bing trends",,"Tendências do Bing",,"AppData",,"All",,"Bing",,""
"Swedish",,"Sueco",,"AppData",,"All",,"Bing",,""
"Delete search history, cache, tabs, personalization info, cookies from the Bing app.",,"Excluir o histórico de pesquisa, o cache, as guias, as informações de personalização e os cookies do aplicativo Bing.",,"AppData",,"All",,"Bing",,""
"Other Settings",,"Outras Configurações",,"AppData",,"All",,"Bing",,""
"Click to see nutrition facts",,"Clique aqui para ver informações de nutrição",,"AppData",,"All",,"Bing",,""
"There\'s nothing to show here. Get searching!",,"Não há nada para mostrar aqui. Comece a pesquisar!",,"AppData",,"All",,"Bing",,""
"App doesn\'t have permission for this task.",,"O aplicativo não tem permissão para esta tarefa.",,"AppData",,"All",,"Bing",,""
"See more in %1$s",,"Ver mais em %1$s",,"AppData",,"All",,"Bing",,""
"Simplified browser helps you focus on one page at a time",,"O navegador simplificado o ajuda a se concentrar em uma página por vez",,"AppData",,"All",,"Bing",,""
"WSW",,"OSO",,"AppData",,"All",,"Bing",,""
"Always open web pages in system browser",,"Sempre abrir páginas da Web no navegador do sistema",,"AppData",,"All",,"Bing",,""
"Haitian Creole",,"Crioulo Haitiano",,"AppData",,"All",,"Bing",,""
"Save as bookmark",,"Salvar como indicador",,"AppData",,"All",,"Bing",,""
"Text Size",,"Tamanho do Texto",,"AppData",,"All",,"Bing",,""
"German",,"Alemão",,"AppData",,"All",,"Bing",,""
" mi",," mi",,"AppData",,"All",,"Bing",,""
"Failed to delete search history.",,"Falha ao excluir histórico de pesquisa.",,"AppData",,"All",,"Bing",,""
"Language",,"Idioma",,"AppData",,"All",,"Bing",,""
"Videos",,"Vídeos",,"AppData",,"All",,"Bing",,""
"Sign in to %s",,"Entrar em %s",,"AppData",,"All",,"Bing",,""
"Closed now",,"Fechado agora",,"AppData",,"All",,"Bing",,""
"Processing…",,"Processando…",,"AppData",,"All",,"Bing",,""
"Voice search",,"Pesquisa por voz",,"AppData",,"All",,"Bing",,""
"Fun",,"Diversão",,"AppData",,"All",,"Bing",,""
"Name",,"Nome",,"AppData",,"All",,"Bing",,""
"Arrive by",,"Chegar até",,"AppData",,"All",,"Bing",,""
"Now",,"Agora",,"AppData",,"All",,"Bing",,""
"No results",,"Nenhum resultado",,"AppData",,"All",,"Bing",,""
"Rewards problem",,"Problema com premiações",,"AppData",,"All",,"Bing",,""
"Walk there",,"Caminhar até lá",,"AppData",,"All",,"Bing",,""
"Limit exceeded.",,"Limite excedido.",,"AppData",,"All",,"Bing",,""
"Do you want to delete this location?",,"Você quer excluir este local?",,"AppData",,"All",,"Bing",,""
"This operation needs camera permission.",,"Esta operação precisa de permissão para a câmera.",,"AppData",,"All",,"Bing",,""
"Search or enter URL",,"Pesquise ou insira a URL",,"AppData",,"All",,"Bing",,""
"Bookmark deleted.",,"Indicador excluído.",,"AppData",,"All",,"Bing",,""
"* Marketplace products may occasionally have an incorrect barcode.",,"* Ocasionalmente, produtos do mercado podem ter um código de barras incorreto.",,"AppData",,"All",,"Bing",,""
"Microphone is in use.",,"O microfone está em uso.",,"AppData",,"All",,"Bing",,""
"View image",,"Exibir imagem",,"AppData",,"All",,"Bing",,""
"Already in your %s watchlist",,"Já em Meus Favoritos %s",,"AppData",,"All",,"Bing",,""
"Cache",,"Cache",,"AppData",,"All",,"Bing",,""
"Crash",,"Falha",,"AppData",,"All",,"Bing",,""
"Arabic",,"Árabe",,"AppData",,"All",,"Bing",,""
"Great!",,"Ótimo!",,"AppData",,"All",,"Bing",,""
"%s posts",,"%s postagens",,"AppData",,"All",,"Bing",,""
"QR code",,"Código QR",,"AppData",,"All",,"Bing",,""
"Never",,"Nunca",,"AppData",,"All",,"Bing",,""
"%d Places To Buy",,"%d Lugares para Comprar",,"AppData",,"All",,"Bing",,""
"Help us improve! Don\'t include any personal info.",,"Ajude-nos a melhorar! Não inclua informações pessoais.",,"AppData",,"All",,"Bing",,""
"WNW",,"ONO",,"AppData",,"All",,"Bing",,""
"Search with Bing",,"Pesquisar com o Bing",,"AppData",,"All",,"Bing",,""
"Redeem for gift cards and more",,"Resgatar para cartões-presente e muito mais",,"AppData",,"All",,"Bing",,""
"Search In This Area",,"Pesquisar nesta Área",,"AppData",,"All",,"Bing",,""
"360 search",,"Pesquisa de 360",,"AppData",,"All",,"Bing",,""
"Add tabs for new topics without losing what you’re currently doing.",,"Adicione guias para novos tópicos sem perder o que você está fazendo no momento.",,"AppData",,"All",,"Bing",,""
"This will also sign you out of most websites",,"Isso também desconectará você da maioria dos sites",,"AppData",,"All",,"Bing",,""
"Empty tab",,"Guia vazia",,"AppData",,"All",,"Bing",,""
"Reading mode",,"Modo de leitura",,"AppData",,"All",,"Bing",,""
"Japan",,"Japão",,"AppData",,"All",,"Bing",,""
"Google Play services is not available.",,"Serviços do Google Play não estão disponíveis.",,"AppData",,"All",,"Bing",,""
"Delete bookmark",,"Excluir indicador",,"AppData",,"All",,"Bing",,""
"Vietnamese",,"Vietnamita",,"AppData",,"All",,"Bing",,""
"Showtimes",,"Horários",,"AppData",,"All",,"Bing",,""
"Include screenshot",,"Incluir captura de tela",,"AppData",,"All",,"Bing",,""
"Lyrics",,"Letras",,"AppData",,"All",,"Bing",,""
"Canada - French",,"Canadá - Francês",,"AppData",,"All",,"Bing",,""
"Download finished.",,"Download concluído.",,"AppData",,"All",,"Bing",,""
"Please sign in your %s account in order to add the movie to your watch list",,"Entre em sua conta de %s para adicionar o filme a Meus Favoritos",,"AppData",,"All",,"Bing",,""
"Rewards",,"Prêmios",,"AppData",,"All",,"Bing",,""
"Gas Prices",,"Preços da Gasolina",,"AppData",,"All",,"Bing",,""
"Search for place",,"Pesquisar local",,"AppData",,"All",,"Bing",,""
"Images search",,"Pesquisa de imagens",,"AppData",,"All",,"Bing",,""
"Deals and Coupons",,"Ofertas e Cupons",,"AppData",,"All",,"Bing",,""
"Search settings",,"Configurações de pesquisa",,"AppData",,"All",,"Bing",,""
"Learn more",,"Saiba mais",,"AppData",,"All",,"Bing",,""
"stop",,"parar",,"AppData",,"All",,"Bing",,""
"lifetime points",,"pontos do início até agora",,"AppData",,"All",,"Bing",,""
"Highlight and hide parts of your screenshot",,"Realçar e ocultar partes da captura de tela",,"AppData",,"All",,"Bing",,""
"Clear search query",,"Limpar consulta de pesquisa",,"AppData",,"All",,"Bing",,""
"Posted by",,"Postado por",,"AppData",,"All",,"Bing",,""
"Save this image",,"Salvar esta imagem",,"AppData",,"All",,"Bing",,""
"Turn on",,"Ativar",,"AppData",,"All",,"Bing",,""
"Ingredients (%d)",,"Ingredientes (%d)",,"AppData",,"All",,"Bing",,""
"Hungarian",,"Húngaro",,"AppData",,"All",,"Bing",,""
"Can\'t change color while erasing.",,"Não é possível alterar a cor ao apagar.",,"AppData",,"All",,"Bing",,""
"Clear data",,"Limpar dados",,"AppData",,"All",,"Bing",,""
"Bing Search for Android feedback",,"Pesquisa Bing para comentários do Android",,"AppData",,"All",,"Bing",,""
"Switzerland - French",,"Suíça - Francês",,"AppData",,"All",,"Bing",,""
"buffering",,"armazenando em buffer",,"AppData",,"All",,"Bing",,""
"Private Search",,"Pesquisa Privada",,"AppData",,"All",,"Bing",,""
"Deals",,"Promoções",,"AppData",,"All",,"Bing",,""
"Daily points",,"Pontos diários",,"AppData",,"All",,"Bing",,""
"Try it",,"Experimentar",,"AppData",,"All",,"Bing",,""
"Yes",,"Sim",,"AppData",,"All",,"Bing",,""
"Download started.",,"Download iniciado.",,"AppData",,"All",,"Bing",,""
"Sign in to start earning",,"Entre para começar a ganhar",,"AppData",,"All",,"Bing",,""
"This should only take a moment.",,"Isso só deve levar um instante.",,"AppData",,"All",,"Bing",,""
"Bing Search",,"Pesquisa do Bing",,"AppData",,"All",,"Bing",,""
"India - Hindi",,"Índia - Híndi",,"AppData",,"All",,"Bing",,""
"Danish",,"Dinamarquês",,"AppData",,"All",,"Bing",,""
"Present",,"Presente",,"AppData",,"All",,"Bing",,""
"Draw with your finger",,"Desenhar com o dedo",,"AppData",,"All",,"Bing",,""
"Moderate",,"Moderada",,"AppData",,"All",,"Bing",,""
"Like this page?",,"Gosta desta página?",,"AppData",,"All",,"Bing",,""
"Microsoft Rewards is currently only available in the US, GB, FR, DE, CA and AU.",,"No momento, o Microsoft Rewards só está disponível nestes locais: EUA, GB, FR, DE, CA e AU.",,"AppData",,"All",,"Bing",,""
"Scan again",,"Examinar novamente",,"AppData",,"All",,"Bing",,""
"About our Ads",,"Sobre os nossos anúncios",,"AppData",,"All",,"Bing",,""
"Do you want to delete your search history? This will delete search history on this device only.",,"Deseja excluir o histórico de pesquisa? Isso excluirá o histórico de pesquisa apenas neste dispositivo.",,"AppData",,"All",,"Bing",,""
"Back to Featured Wallpapers",,"Voltar aos Papéis de Parede em Destaque",,"AppData",,"All",,"Bing",,""
"South Africa",,"África do Sul",,"AppData",,"All",,"Bing",,""
"No network connection. Connect and try again.",,"Nenhuma conexão de rede. Conecte-se e tente novamente.",,"AppData",,"All",,"Bing",,""
"Back to Recent Wallpapers",,"Voltar aos Papéis de Parede Recentes",,"AppData",,"All",,"Bing",,""
"Share",,"Compartilhar",,"AppData",,"All",,"Bing",,""
"Tabs",,"Guias",,"AppData",,"All",,"Bing",,""
"Add new tab",,"Adicionar nova guia",,"AppData",,"All",,"Bing",,""
"You\'re offline",,"Você está offline",,"AppData",,"All",,"Bing",,""
"Deals nearby",,"Ofertas nas redondezas",,"AppData",,"All",,"Bing",,""
"Added to your %s watchlist",,"Adicionado a Meus Favoritos %s",,"AppData",,"All",,"Bing",,""
"SafeSearch is off. Requery to show everything.",,"A Pesquisa Segura está desativada. Consulte novamente para mostrar tudo.",,"AppData",,"All",,"Bing",,""
"Don\'t ask again",,"Não perguntar novamente",,"AppData",,"All",,"Bing",,""
"Hong Kong S.A.R.",,"RAE de Hong Kong",,"AppData",,"All",,"Bing",,""
"Security failed.",,"Falha da segurança.",,"AppData",,"All",,"Bing",,""
"Gallery",,"Galeria",,"AppData",,"All",,"Bing",,""
"Timeline",,"Linha do tempo",,"AppData",,"All",,"Bing",,""
"Rewards status",,"Status de prêmios",,"AppData",,"All",,"Bing",,""
"Tap to earn 1 credit",,"Toque para ganhar um crédito",,"AppData",,"All",,"Bing",,""
"Translated to %s",,"Traduzido para %s",,"AppData",,"All",,"Bing",,""
"Take a pic of a barcode and we\'ll compare prices for you.",,"Tire uma foto de um código de barras e vamos comparar preços para você.",,"AppData",,"All",,"Bing",,""
"Bookmark added.",,"Indicador adicionado.",,"AppData",,"All",,"Bing",,""
"NW",,"NO",,"AppData",,"All",,"Bing",,""
"Open image",,"Abrir imagem",,"AppData",,"All",,"Bing",,""
"Related Videos",,"Vídeos Relacionados",,"AppData",,"All",,"Bing",,""
"Speak now in Hindi",,"Fale agora em Híndi",,"AppData",,"All",,"Bing",,""
"Microsoft Rewards",,"Microsoft Rewards",,"AppData",,"All",,"Bing",,""
"Search videos",,"Pesquisar vídeos",,"AppData",,"All",,"Bing",,""
"Search history",,"Histórico de pesquisa",,"AppData",,"All",,"Bing",,""
"Speak now in English",,"Fale agora em inglês",,"AppData",,"All",,"Bing",,""
"NNW",,"NNO",,"AppData",,"All",,"Bing",,""
"SW",,"SO",,"AppData",,"All",,"Bing",,""
"Related Searches",,"Pesquisas Relacionadas",,"AppData",,"All",,"Bing",,""
"SSW",,"SSO",,"AppData",,"All",,"Bing",,""
"Polish",,"Polonês",,"AppData",,"All",,"Bing",,""
"SafeSearch is %s.",,"A Pesquisa Segura está %s:",,"AppData",,"All",,"Bing",,""
"View more",,"Exibir mais",,"AppData",,"All",,"Bing",,""
"Speak now in Danish",,"Fale agora em dinamarquês",,"AppData",,"All",,"Bing",,""
"United States - Spanish",,"Estados Unidos - Espanhol",,"AppData",,"All",,"Bing",,""
"Problem Area",,"Área de Problema",,"AppData",,"All",,"Bing",,""
"See all %1$d %2$s reviews",,"Ver todas as %1$d %2$s avaliações",,"AppData",,"All",,"Bing",,""
"See more reviews",,"Ver mais avaliações",,"AppData",,"All",,"Bing",,""
"Do you want to delete this bookmark?",,"Você quer excluir este indicador?",,"AppData",,"All",,"Bing",,""
"Switzerland - German",,"Suíça - Alemão",,"AppData",,"All",,"Bing",,""
"Related Search",,"Pesquisa Relacionada",,"AppData",,"All",,"Bing",,""
"Search Result",,"Resultado da Pesquisa",,"AppData",,"All",,"Bing",,""
"Season",,"Temporada",,"AppData",,"All",,"Bing",,""
"Speak now in Spanish",,"Fale agora em espanhol",,"AppData",,"All",,"Bing",,""
"Related articles",,"Artigos relacionados",,"AppData",,"All",,"Bing",,""
"View page",,"Exibir página",,"AppData",,"All",,"Bing",,""
"Speak now in German",,"Fale agora em alemão",,"AppData",,"All",,"Bing",,""
"Speak now in Finnish",,"Fale agora em finlandês",,"AppData",,"All",,"Bing",,""
"Speak now in French",,"Fale agora em francês",,"AppData",,"All",,"Bing",,""
"Speak now in Italian",,"Fale agora em italiano",,"AppData",,"All",,"Bing",,""
"Speak now in Korean",,"Fale agora em coreano",,"AppData",,"All",,"Bing",,""
"Speak now in Swedish",,"Fale agora em sueco",,"AppData",,"All",,"Bing",,""
"Speak now in Polish",,"Fale agora em polonês",,"AppData",,"All",,"Bing",,""
"Speak now in Russian",,"Fale agora em russo",,"AppData",,"All",,"Bing",,""
"Speak now in Chinese",,"Fale agora em chinês",,"AppData",,"All",,"Bing",,""
