﻿PERMISSION NOTICE

The Microsoft “Terms of Use” (available at the www.microsoft.com website) govern all glossary terms in this document (“Glossary Terms”).  The following supplemental terms and conditions also apply.  If there is any conflict between the Terms of Use and the following terms and conditions, the following terms and conditions will take
Precedence over the Terms of Use.
         
1. No part of the Glossary Terms may be reproduced, adapted, distributed, or transmitted in any form or by any means, electronic, mechanical, or otherwise, including photocopying and entry into an information storage and/or retrieval system, for any purpose without the prior express consent of Microsoft Corporation. 

2. You may use the Glossary Terms in the development of any application software and you may also use the Glossary Terms for personal or non-commercial purposes only without the prior written consent of Microsoft Corporation, and only if all copies contain this Permission Notice and the Microsoft copyright notice in the Terms of Use.         
                                                                                                                                
3. You are not permitted to make any modifications, deletions or additions to the Glossary Terms.
 
4. Except as expressly set forth above, Microsoft’s publication of the Glossary Terms does not grant any rights to use, distribute, or implement any technology or intellectual property rights. All rights not expressly granted herein are expressly reserved by Microsoft.
"Source Term",,"Translation",,"String Category",,"Platform",,"Product",,"Version"
"Video problem",,"Problema de vídeo",,"None",,"All",,"Skype for Surface RT",,""
"Video problem. Send audio/video from your last call plus logs.",,"Problema de vídeo. Envie áudio/vídeo de sua última chamada, além de logs.",,"None",,"All",,"Skype for Surface RT",,""
"I accept the terms and conditions",,"Aceito os termos e condições",,"None",,"All",,"Skype for Surface RT",,""
"{0} - Press enter or space for call controls",,"{0} - Pressione enter ou espaço para acessar os controles de chamada",,"None",,"All",,"Skype for Surface RT",,""
"Call",,"Chamada",,"None",,"All",,"Skype for Surface RT",,""
"Add all invitees",,"Adicionar todos os convidados",,"None",,"All",,"Skype for Surface RT",,""
"All Invitees",,"Todos os convidados",,"None",,"All",,"Skype for Surface RT",,""
"Add",,"Adicionar",,"None",,"All",,"Skype for Surface RT",,""
"People",,"Pessoas",,"None",,"All",,"Skype for Surface RT",,""
"Find someone or dial a number",,"Localizar pessoas ou discar um núm.",,"None",,"All",,"Skype for Surface RT",,""
"Find someone or dial a number",,"Localizar alguém ou discar um número",,"None",,"All",,"Skype for Surface RT",,""
"Add online participants",,"Adicionar participantes online",,"None",,"All",,"Skype for Surface RT",,""
"Admit all",,"Admitir todos",,"None",,"All",,"Skype for Surface RT",,""
"Admit",,"Admitir",,"None",,"All",,"Skype for Surface RT",,""
"1 of {0}:",,"1 de {0}:",,"None",,"All",,"Skype for Surface RT",,""
"Allow",,"Permitir",,"None",,"All",,"Skype for Surface RT",,""
"Allow this participant into the meeting",,"Permitir que este participante ingresse na reunião",,"None",,"All",,"Skype for Surface RT",,""
"Content",,"Conteúdo",,"None",,"All",,"Skype for Surface RT",,""
"New messages",,"Novas mensagens",,"None",,"All",,"Skype for Surface RT",,""
"Message",,"Mensagem",,"None",,"All",,"Skype for Surface RT",,""
"Roster",,"Roster",,"None",,"All",,"Skype for Surface RT",,""
"Join {0} scheduled meeting {1}",,"Participar {0} da reunião agendada{1}",,"None",,"All",,"Skype for Surface RT",,""
"Back",,"Voltar",,"None",,"All",,"Skype for Surface RT",,""
"Attendee",,"Participante",,"None",,"All",,"Skype for Surface RT",,""
"Send audio from your last call plus logs",,"Envie áudio de sua última chamada, além de logs",,"None",,"All",,"Skype for Surface RT",,""
"Audio problem",,"Problema de áudio",,"None",,"All",,"Skype for Surface RT",,""
"Audio problem. Send audio from your last call plus logs.",,"Problema de áudio. Envie áudio de sua última chamada, além de logs.",,"None",,"All",,"Skype for Surface RT",,""
"Auto Camera Switching",,"Troca automática de câmera",,"None",,"All",,"Skype for Surface RT",,""
"Your device isn’t set up for email. Please contact your support team.",,"Seu dispositivo não está configurado para emails. Contate a equipe de suporte.",,"None",,"All",,"Skype for Surface RT",,""
"Nothing's scheduled for the rest of the day.",,"Não há agendamentos para o resto do dia.",,"None",,"All",,"Skype for Surface RT",,""
"Getting your calendar…",,"Acessando seu calendário...",,"None",,"All",,"Skype for Surface RT",,""
"Calendar is unavailable",,"O calendário não está disponível",,"None",,"All",,"Skype for Surface RT",,""
"Call Ended",,"Chamada Encerrada",,"None",,"All",,"Skype for Surface RT",,""
"This call is on hold.",,"Esta chamada está em espera.",,"None",,"All",,"Skype for Surface RT",,""
"The network quality isn't great",,"A qualidade de rede não está muito boa",,"None",,"All",,"Skype for Surface RT",,""
"The network quality is pretty bad",,"A qualidade de rede está muito ruim",,"None",,"All",,"Skype for Surface RT",,""
"The network quality is good",,"A qualidade de rede está boa",,"None",,"All",,"Skype for Surface RT",,""
"Camera options",,"Opções da câmera",,"None",,"All",,"Skype for Surface RT",,""
"Cancel",,"Cancelar",,"None",,"All",,"Skype for Surface RT",,""
"Center Camera Only",,"Somente câmera central",,"None",,"All",,"Skype for Surface RT",,""
"Chat Input conversation with zero participants||Chat Input conversation with one participant||Chat Input conversation with {0} participants",,"Conversa de Entrada de Chat com nenhum participante||Conversa de Entrada de Chat com um participante||Conversa de Entrada de Chat com {0} participantes",,"None",,"All",,"Skype for Surface RT",,""
"Type a message here",,"Digite uma mensagem aqui",,"None",,"All",,"Skype for Surface RT",,""
"Chat conversation pane updated",,"Painel de chat atualizado",,"None",,"All",,"Skype for Surface RT",,""
"Check in all local participants",,"Fazer check-in de todos os participantes locais",,"None",,"All",,"Skype for Surface RT",,""
"Expand or collapse the participants who have not yet joined the meeting or left the meeting",,"Expandir ou recolher os participantes que ainda não ingressaram ou que já saíram da reunião",,"None",,"All",,"Skype for Surface RT",,""
"Clear search",,"Limpar pesquisa",,"None",,"All",,"Skype for Surface RT",,""
"Tap to close meeting details",,"Toque para fechar os detalhes da reunião",,"None",,"All",,"Skype for Surface RT",,""
"{0} is Presenting PowerPoint",,"{0} está Apresentando um PowerPoint",,"None",,"All",,"Skype for Surface RT",,""
"{0} is Presenting",,"{0} está apresentando",,"None",,"All",,"Skype for Surface RT",,""
"Coming soon...",,"Em breve...",,"None",,"All",,"Skype for Surface RT",,""
"Content and gallery",,"Conteúdo e galeria",,"None",,"All",,"Skype for Surface RT",,""
"{0}, meeting details",,"{0}, detalhes da reunião",,"None",,"All",,"Skype for Surface RT",,""
"PowerPoint content: {0}, {1}",,"Conteúdo do PowerPoint: {0}, {1}",,"None",,"All",,"Skype for Surface RT",,""
"Screen presentation, {0}",,"Apresentação de tela, {0}",,"None",,"All",,"Skype for Surface RT",,""
"Content PIN: {0}",,"PIN de conteúdo: {0}",,"None",,"All",,"Skype for Surface RT",,""
"Enter this PIN on the {0} device to see content in your meeting.",,"Digite este PIN no dispositivo {0} para ver o conteúdo da sua reunião.",,"None",,"All",,"Skype for Surface RT",,""
"Meeting: {0}",,"Reunião: {0}",,"None",,"All",,"Skype for Surface RT",,""
"Organizer: {0}",,"Organizador: {0}",,"None",,"All",,"Skype for Surface RT",,""
"Content PIN for {0}",,"PIN de conteúdo para {0}",,"None",,"All",,"Skype for Surface RT",,""
"is now presenting Desktop.",,"está apresentando agora a Área de Trabalho.",,"None",,"All",,"Skype for Surface RT",,""
"has stopped presenting",,"a apresentação foi interrompida",,"None",,"All",,"Skype for Surface RT",,""
"Connecting...",,"Entrando...",,"None",,"All",,"Skype for Surface RT",,""
"Retry",,"Tentar novamente",,"None",,"All",,"Skype for Surface RT",,""
"Presentation has stopped because of problems connecting to Skype server.",,"A apresentação foi interrompida devido a problemas de conexão com o servidor do Skype.",,"None",,"All",,"Skype for Surface RT",,""
"Content With Video",,"Conteúdo com vídeo",,"None",,"All",,"Skype for Surface RT",,""
"We couldn’t join you to the meeting.",,"Não foi possível ingressar na reunião.",,"None",,"All",,"Skype for Surface RT",,""
"You weren't admitted into the meeting. Please try joining again.",,"Você não foi aceito na reunião. Tente ingressar novamente.",,"None",,"All",,"Skype for Surface RT",,""
"Deny all",,"Recusar todos",,"None",,"All",,"Skype for Surface RT",,""
"Deny",,"Recusar",,"None",,"All",,"Skype for Surface RT",,""
"Deny",,"Negar",,"None",,"All",,"Skype for Surface RT",,""
"Deny this participant from the meeting",,"Recusar este participante para a reunião",,"None",,"All",,"Skype for Surface RT",,""
"Close",,"Fechar",,"None",,"All",,"Skype for Surface RT",,""
"DTMF dialpad",,"Teclado de discagem DTMF",,"None",,"All",,"Skype for Surface RT",,""
"I'm done",,"Pronto",,"None",,"All",,"Skype for Surface RT",,""
"Backspace",,"Apagar",,"None",,"All",,"Skype for Surface RT",,""
"Pound",,"Cerquilha",,"None",,"All",,"Skype for Surface RT",,""
"Zero",,"Zero",,"None",,"All",,"Skype for Surface RT",,""
"One",,"Um",,"None",,"All",,"Skype for Surface RT",,""
"Two",,"ppprDois",,"None",,"All",,"Skype for Surface RT",,""
"Three",,"Três",,"None",,"All",,"Skype for Surface RT",,""
"Four",,"Quatro",,"None",,"All",,"Skype for Surface RT",,""
"Five",,"Cinco",,"None",,"All",,"Skype for Surface RT",,""
"Six",,"Seis",,"None",,"All",,"Skype for Surface RT",,""
"Seven",,"Sete",,"None",,"All",,"Skype for Surface RT",,""
"Eight",,"Oito",,"None",,"All",,"Skype for Surface RT",,""
"Nine",,"Nove",,"None",,"All",,"Skype for Surface RT",,""
"Dial a number",,"Disque um número",,"None",,"All",,"Skype for Surface RT",,""
"Star",,"pEstrela",,"None",,"All",,"Skype for Surface RT",,""
"Join Meeting",,"Participar da Reunião",,"None",,"All",,"Skype for Surface RT",,""
"Leave Meeting",,"Sair da Reunião",,"None",,"All",,"Skype for Surface RT",,""
"Add a message",,"Adicionar uma mensagem",,"None",,"All",,"Skype for Surface RT",,""
"Attachment {0}, {1}",,"Anexo {0}, {1}",,"None",,"All",,"Skype for Surface RT",,""
"Attachments:",,"Anexos:",,"None",,"All",,"Skype for Surface RT",,""
"Email the Content PIN to someone in the meeting",,"Enviar o PIN de conteúdo por email para alguém da reunião",,"None",,"All",,"Skype for Surface RT",,""
"Send",,"Enviar",,"None",,"All",,"Skype for Surface RT",,""
"Send a Content PIN",,"Enviar um PIN de Conteúdo",,"None",,"All",,"Skype for Surface RT",,""
"Shared from {0}",,"Compartilhado de {0}",,"None",,"All",,"Skype for Surface RT",,""
"Email has been disabled by policy.",,"O email foi desabilitado pela política.",,"None",,"All",,"Skype for Surface RT",,""
"We couldn't attach any files.",,"Não foi possível anexar nenhum arquivo.",,"None",,"All",,"Skype for Surface RT",,""
"We couldn’t send your email.",,"Não foi possível enviar seu email.",,"None",,"All",,"Skype for Surface RT",,""
"You can't send email now because of an internal error.",,"Não é possível enviar email no momento devido a um erro interno.",,"None",,"All",,"Skype for Surface RT",,""
"We need to know who to send this to. Make sure you enter at least one name.",,"Precisamos saber para quem enviar isto. Certifique-se de inserir pelo menos um nome.",,"None",,"All",,"Skype for Surface RT",,""
"We can't send your email due to an error.",,"Não é possível enviar seu email devido a um erro.",,"None",,"All",,"Skype for Surface RT",,""
"You can't send email now because your device isn't connected to the Internet.",,"Não é possível enviar email no momento pois seu dispositivo não está conectado à Internet.",,"None",,"All",,"Skype for Surface RT",,""
"The data shared by the source app couldn’t be loaded.",,"Os dados compartilhados pelo aplicativo de origem não puderam ser carregados.",,"None",,"All",,"Skype for Surface RT",,""
"Error: {0}",,"Erro: {0}",,"None",,"All",,"Skype for Surface RT",,""
"Image",,"Imagem",,"None",,"All",,"Skype for Surface RT",,""
"Subject",,"Assunto",,"None",,"All",,"Skype for Surface RT",,""
"Subject:",,"Assunto:",,"None",,"All",,"Skype for Surface RT",,""
"To:",,"Para:",,"None",,"All",,"Skype for Surface RT",,""
"Some attachments may be too large to send in email. Check that this email is received before ending your meeting.",,"Alguns anexos podem ser grandes demais para ser enviados por email. Verifique se o email foi recebido antes de encerrar a reunião.",,"None",,"All",,"Skype for Surface RT",,""
"We couldn't attach all the files.",,"Não foi possível anexar todos os arquivos.",,"None",,"All",,"Skype for Surface RT",,""
"Some data shared by the source app couldn't be loaded.",,"Alguns dados compartilhados pelo aplicativo de origem não puderam ser carregados.",,"None",,"All",,"Skype for Surface RT",,""
"Warning: {0}",,"Aviso: {0}",,"None",,"All",,"Skype for Surface RT",,""
"Hang up",,"Desligar",,"None",,"All",,"Skype for Surface RT",,""
"Enter Content PIN",,"Inserir PIN de Conteúdo",,"None",,"All",,"Skype for Surface RT",,""
"To continue, enter the Content PIN.",,"Para continuar, digite o PIN de Conteúdo.",,"None",,"All",,"Skype for Surface RT",,""
"Even if you have a PIN, we need to send you a new one. This is to protect your info.",,"Mesmo se você tiver um PIN, precisamos enviar um novo. Isso é feito para proteger suas informações.",,"None",,"All",,"Skype for Surface RT",,""
"Exit Full Screen View",,"Sair do Modo de Exibição de Tela Inteira",,"None",,"All",,"Skype for Surface RT",,""
"Exit Lobby",,"Sair do Lobby",,"None",,"All",,"Skype for Surface RT",,""
"Files:",,"Arquivos:",,"None",,"All",,"Skype for Surface RT",,""
"See console",,"Ver console",,"None",,"All",,"Skype for Surface RT",,""
"Please see console for Privacy Disclaimer.",,"Verifique o console para ver o Aviso de Isenção de Responsabilidade de Privacidade.",,"None",,"All",,"Skype for Surface RT",,""
"Full Screen Content",,"Conteúdo na tela inteira",,"None",,"All",,"Skype for Surface RT",,""
"Full Screen Video",,"Vídeo na tela inteira",,"None",,"All",,"Skype for Surface RT",,""
"Full Screen View",,"Modo de Exibição de Tela Inteira",,"None",,"All",,"Skype for Surface RT",,""
"Gallery",,"Galeria",,"None",,"All",,"Skype for Surface RT",,""
"Dismiss alert",,"Ignorar alerta",,"None",,"All",,"Skype for Surface RT",,""
"General problem",,"Problema geral",,"None",,"All",,"Skype for Surface RT",,""
"Send Skype for Business logs (includes some personal info)",,"Enviar logs do Skype for Business (inclui algumas informações pessoais)",,"None",,"All",,"Skype for Surface RT",,""
"Get a Content PIN",,"Obter um PIN de conteúdo",,"None",,"All",,"Skype for Surface RT",,""
"Give Feedback",,"Envie seus comentários",,"None",,"All",,"Skype for Surface RT",,""
"Give Feedback",,"Enviar Comentários",,"None",,"All",,"Skype for Surface RT",,""
"Hanging up",,"Desligando",,"None",,"All",,"Skype for Surface RT",,""
"Turning camera off",,"Desligando a câmera",,"None",,"All",,"Skype for Surface RT",,""
"Muting microphone",,"Ativando Mudo do microfone",,"None",,"All",,"Skype for Surface RT",,""
"Turning camera on",,"Ligando a câmera",,"None",,"All",,"Skype for Surface RT",,""
"Starting desktop sharing",,"Iniciando o compartilhamento da área de trabalho",,"None",,"All",,"Skype for Surface RT",,""
"Ending desktop sharing",,"Encerrando o compartilhamento da área de trabalho",,"None",,"All",,"Skype for Surface RT",,""
"Un-muting microphone",,"Desativando Mudo do microfone",,"None",,"All",,"Skype for Surface RT",,""
"Sending IMs has been disabled by policy.",,"O envio de mensagens instantâneas foi desabilitado pela política.",,"None",,"All",,"Skype for Surface RT",,""
"In Lobby Participant Group",,"Grupo de participantes no lobby",,"None",,"All",,"Skype for Surface RT",,""
"In Lobby",,"No lobby",,"None",,"All",,"Skype for Surface RT",,""
"Answer",,"Responder",,"None",,"All",,"Skype for Surface RT",,""
"is inviting you to a conference call",,"está convidando você para uma chamada em conferência",,"None",,"All",,"Skype for Surface RT",,""
"Reject",,"Rejeitar",,"None",,"All",,"Skype for Surface RT",,""
"Invite more people",,"Convidar mais pessoas",,"None",,"All",,"Skype for Surface RT",,""
"Invitees",,"Convidados",,"None",,"All",,"Skype for Surface RT",,""
"0||{0} kb",,"0||{0} KB",,"None",,"All",,"Skype for Surface RT",,""
"Layout",,"Layout",,"None",,"All",,"Skype for Surface RT",,""
"Pick the display layout",,"Escolher o layout da tela",,"None",,"All",,"Skype for Surface RT",,""
"Left Camera Only",,"Somente câmera esquerda",,"None",,"All",,"Skype for Surface RT",,""
"Hello. You're in our virtual lobby. Please wait to be admitted. If you have permissions, you can join from another device and admit the meeting room.",,"Olá! Você está em nosso lobby virtual. Aguarde para ser admitido. Se você tiver permissões, poderá participar de outro dispositivo e admitir a sala de reunião.",,"None",,"All",,"Skype for Surface RT",,""
"Allow All",,"Permitir todos",,"None",,"All",,"Skype for Surface RT",,""
"Allow all participants into the meeting",,"Permitir que todos os participantes ingressem na reunião",,"None",,"All",,"Skype for Surface RT",,""
"Deny All",,"Recusar todos",,"None",,"All",,"Skype for Surface RT",,""
"Deny all participants from the meeting",,"Recusar todos os participantes para a reunião",,"None",,"All",,"Skype for Surface RT",,""
"Meeting Lobby",,"Lobby de Reunião",,"None",,"All",,"Skype for Surface RT",,""
"Hello. You're in our virtual lobby. Please wait to be admitted.",,"Olá. Você está em nosso lobby virtual. Aguarde para ser aceito.",,"None",,"All",,"Skype for Surface RT",,""
"If you have permissions, you can join from another device and admit the meeting room.",,"Se você tiver permissão, poderá ingressar de outro dispositivo e ser admitido na sala de reunião.",,"None",,"All",,"Skype for Surface RT",,""
"If you have permissions, you can join from another device and admit the meeting room.",,"Se você tiver permissões, poderá participar de outro dispositivo e permitir a sala de reunião.",,"None",,"All",,"Skype for Surface RT",,""
"Lobby",,"Lobby",,"None",,"All",,"Skype for Surface RT",,""
"Room video",,"Vídeo de sala",,"None",,"All",,"Skype for Surface RT",,""
"Lock the Video Spotlight",,"Bloquear o Destaque de Vídeo",,"None",,"All",,"Skype for Surface RT",,""
"Lock the Video Spotlight menu item",,"Bloquear o item de menu Destaque de Vídeo",,"None",,"All",,"Skype for Surface RT",,""
"Make a phone call",,"Fazer uma chamada telefônica",,"None",,"All",,"Skype for Surface RT",,""
"Make an Attendee",,"Tornar um Participante",,"None",,"All",,"Skype for Surface RT",,""
"Make an Attendee menu item",,"Item de menu Tornar um Participante",,"None",,"All",,"Skype for Surface RT",,""
"Skype for Business",,"Skype for Business",,"None",,"All",,"Skype for Surface RT",,""
"Email",,"Email",,"None",,"All",,"Skype for Surface RT",,""
"Send audio/video from your last call plus logs",,"Envie áudio/vídeo de sua última chamada, além de logs",,"None",,"All",,"Skype for Surface RT",,""
"No one answered.",,"Ninguém atendeu.",,"None",,"All",,"Skype for Surface RT",,""
"Meet Now",,"Reunir Agora",,"None",,"All",,"Skype for Surface RT",,""
"There's no content in this meeting.",,"Não há conteúdo nesta reunião.",,"None",,"All",,"Skype for Surface RT",,""
"Attachments",,"Anexos",,"None",,"All",,"Skype for Surface RT",,""
"There's no content in this meeting. Presented PowerPoint files will show up here.",,"Não há conteúdo nesta reunião. Os arquivos do PowerPoint apresentados aparecerão aqui.",,"None",,"All",,"Skype for Surface RT",,""
"There's no content in this meeting.\r\n\r\nPresented PowerPoint files will show up here.",,"Não há conteúdo nesta reunião.\r\n\r\nOs arquivos do PowerPoint apresentados aparecerão aqui.",,"None",,"All",,"Skype for Surface RT",,""
"Join",,"Participar",,"None",,"All",,"Skype for Surface RT",,""
""Select to join ""{0}"" meeting"",,""Selecione para participar da reunião ""{0}"""",,"None",,"All",,"Skype for Surface RT",,""
"Redial",,"Rediscar",,"None",,"All",,"Skype for Surface RT",,""
""Redial ""{0}"""",,""Rediscar ""{0}"""",,"None",,"All",,"Skype for Surface RT",,""
""Select to redial ""{0}"""",,""Selecione para rediscar para ""{0}"""",,"None",,"All",,"Skype for Surface RT",,""
"Refresh",,"Atualizar",,"None",,"All",,"Skype for Surface RT",,""
"Select to refresh the calendar",,"Selecione para atualizar o calendário",,"None",,"All",,"Skype for Surface RT",,""
"Rejoin",,"Reingressar",,"None",,"All",,"Skype for Surface RT",,""
""Rejoin ""{0}"""",,""Participar novamente ""{0}"""",,"None",,"All",,"Skype for Surface RT",,""
""Select to rejoin ""{0}"" meeting"",,""Selecione para participar novamente da reunião ""{0}"""",,"None",,"All",,"Skype for Surface RT",,""
"Rejoin last meeting",,"Participar novamente da última reunião",,"None",,"All",,"Skype for Surface RT",,""
"Select to rejoin last meeting",,"Selecione para participar novamente da última reunião",,"None",,"All",,"Skype for Surface RT",,""
"Hold",,"Em Espera",,"None",,"All",,"Skype for Surface RT",,""
"JOIN",,"PARTICIPAR",,"None",,"All",,"Skype for Surface RT",,""
"The call is on hold.",,"A chamada está em espera.",,"None",,"All",,"Skype for Surface RT",,""
"RESUME",,"RETOMAR",,"None",,"All",,"Skype for Surface RT",,""
"Resume",,"Retomar",,"None",,"All",,"Skype for Surface RT",,""
"Connecting…",,"Conectando…",,"None",,"All",,"Skype for Surface RT",,""
"Connecting...",,"Conectando...",,"None",,"All",,"Skype for Surface RT",,""
"Add comments",,"Adicionar comentários",,"None",,"All",,"Skype for Surface RT",,""
"Files",,"Arquivos",,"None",,"All",,"Skype for Surface RT",,""
"No",,"Não",,"None",,"All",,"Skype for Surface RT",,""
"Meeting files from {0}",,"Arquivos de reunião de {0}",,"None",,"All",,"Skype for Surface RT",,""
"Want to email your unsaved files?",,"Deseja enviar por email os arquivos não salvos?",,"None",,"All",,"Skype for Surface RT",,""
"Yes",,"Sim",,"None",,"All",,"Skype for Surface RT",,""
"Conversation",,"Conversa",,"None",,"All",,"Skype for Surface RT",,""
"0||{0} mb",,"0||{0} MB",,"None",,"All",,"Skype for Surface RT",,""
"Messages",,"Mensagens",,"None",,"All",,"Skype for Surface RT",,""
"Open more options",,"Abrir mais opções",,"None",,"All",,"Skype for Surface RT",,""
"We found too many matches to show them all. Refine your search.",,"Encontramos muitas correspondências para exibir tudo. Refine sua pesquisa.",,"None",,"All",,"Skype for Surface RT",,""
"Mute all online participants",,"Ativar a opção Mudo de todos os participantes online",,"None",,"All",,"Skype for Surface RT",,""
"Mute Mic",,"Desativar microfone",,"None",,"All",,"Skype for Surface RT",,""
"Mute Participant",,"Ativar Mudo do Participante",,"None",,"All",,"Skype for Surface RT",,""
"Mute participant",,"Ativar opção Mudo do participante",,"None",,"All",,"Skype for Surface RT",,""
"Need a Content PIN?",,"Precisa de um PIN de conteúdo?",,"None",,"All",,"Skype for Surface RT",,""
"We need to send you a Content PIN.",,"Precisamos enviar um PIN de Conteúdo a você.",,"None",,"All",,"Skype for Surface RT",,""
"No new messages||1 new message||{0} new messages",,"Nenhuma nova mensagem||1 nova mensagem||{0} novas mensagens",,"None",,"All",,"Skype for Surface RT",,""
"Next",,"Avançar",,"None",,"All",,"Skype for Surface RT",,""
"No results were found.",,"Nenhum resultado encontrado.",,"None",,"All",,"Skype for Surface RT",,""
"Participants who have not yet joined or have left the meeting",,"Participantes que ainda não ingressaram ou que já saíram da reunião",,"None",,"All",,"Skype for Surface RT",,""
"Not Yet Joined",,"Ainda não ingressou",,"None",,"All",,"Skype for Surface RT",,""
"Notes",,"Anotações",,"None",,"All",,"Skype for Surface RT",,""
"No Participants||1 Participant||{0} Participants",,"Nenhum Participante||1 Participante||{0} Participantes",,"None",,"All",,"Skype for Surface RT",,""
"Show other participants",,"Mostrar outros participantes",,"None",,"All",,"Skype for Surface RT",,""
"OK",,"OK",,"None",,"All",,"Skype for Surface RT",,""
"Online participants",,"Participantes online",,"None",,"All",,"Skype for Surface RT",,""
"Online",,"Online",,"None",,"All",,"Skype for Surface RT",,""
"See scheduled meetings",,"Exibir reuniões agendadas",,"None",,"All",,"Skype for Surface RT",,""
"More options menu",,"Menu Mais opções",,"None",,"All",,"Skype for Surface RT",,""
"That PIN didn’t work. Please try again.",,"Esse PIN não funcionou. Tente novamente.",,"None",,"All",,"Skype for Surface RT",,""
"Clear",,"Limpar",,"None",,"All",,"Skype for Surface RT",,""
"Two",,"Dois",,"None",,"All",,"Skype for Surface RT",,""
"Send email to {0}, {1}",,"Enviar email para {0}, {1}",,"None",,"All",,"Skype for Surface RT",,""
"mute participant.",,"ativar mudo do participante.",,"None",,"All",,"Skype for Surface RT",,""
"Mute participant",,"Ativar Mudo do participante",,"None",,"All",,"Skype for Surface RT",,""
"{0}. You're muted. Press enter to unmute",,"{0}. A opção mudo está ativada. Pressione enter para desativar a opção mudo",,"None",,"All",,"Skype for Surface RT",,""
"{0}. You're unmuted. Press enter to mute",,"{0}. A opção mudo está desativada. Pressione enter para ativar a opção mudo",,"None",,"All",,"Skype for Surface RT",,""
"Muted",,"Opção mudo ativada",,"None",,"All",,"Skype for Surface RT",,""
"None",,"Nenhum",,"None",,"All",,"Skype for Surface RT",,""
"Not In Call",,"Fora de Chamada",,"None",,"All",,"Skype for Surface RT",,""
"On Hold",,"Em Espera",,"None",,"All",,"Skype for Surface RT",,""
"Outgoing",,"De Saída",,"None",,"All",,"Skype for Surface RT",,""
"Ringing",,"Tocando",,"None",,"All",,"Skype for Surface RT",,""
"Transferring",,"Transferindo",,"None",,"All",,"Skype for Surface RT",,""
"Unmuted",,"Opção mudo desativada",,"None",,"All",,"Skype for Surface RT",,""
"unmute participant.",,"desativar mudo do participante.",,"None",,"All",,"Skype for Surface RT",,""
"Unmute participant",,"Desativar Mudo do participante",,"None",,"All",,"Skype for Surface RT",,""
"{0}'s video",,"Vídeo do {0}",,"None",,"All",,"Skype for Surface RT",,""
"Stop Video",,"Parar vídeo",,"None",,"All",,"Skype for Surface RT",,""
"Room Video Preview",,"Visualização do Vídeo de Sala",,"None",,"All",,"Skype for Surface RT",,""
"Room Video",,"Visualização da Sala",,"None",,"All",,"Skype for Surface RT",,""
"Start Video",,"Iniciar vídeo",,"None",,"All",,"Skype for Surface RT",,""
"Poll",,"Pesquisa",,"None",,"All",,"Skype for Surface RT",,""
"Slide {0}",,"Slide {0}",,"None",,"All",,"Skype for Surface RT",,""
"PowerPoint",,"PowerPoint",,"None",,"All",,"Skype for Surface RT",,""
"Present Screen",,"Apresentar tela",,"None",,"All",,"Skype for Surface RT",,""
"Presented Content",,"Conteúdo apresentado",,"None",,"All",,"Skype for Surface RT",,""
"Presenter",,"Apresentador",,"None",,"All",,"Skype for Surface RT",,""
"Room Video",,"Vídeo de Sala",,"None",,"All",,"Skype for Surface RT",,""
"Previous",,"Anterior",,"None",,"All",,"Skype for Surface RT",,""
"Privacy Disclaimer",,"Aviso de Isenção de Responsabilidade de Privacidade",,"None",,"All",,"Skype for Surface RT",,""
"What kind of feedback do you want to give?",,"Que tipo de comentário você deseja fornecer?",,"None",,"All",,"Skype for Surface RT",,""
"Private meeting",,"Reunião particular",,"None",,"All",,"Skype for Surface RT",,""
"Privately viewing: {0}",,"Exibindo em modo privado: {0}",,"None",,"All",,"Skype for Surface RT",,""
"Make a Presenter",,"Tornar um apresentador",,"None",,"All",,"Skype for Surface RT",,""
"Make a Presenter menu item",,"Item de menu Tornar um Apresentador",,"None",,"All",,"Skype for Surface RT",,""
"Q and A",,"P e R",,"None",,"All",,"Skype for Surface RT",,""
"Q & A",,"P e R",,"None",,"All",,"Skype for Surface RT",,""
"This meeting is being recorded.",,"Esta reunião está sendo gravada.",,"None",,"All",,"Skype for Surface RT",,""
"Rejoin Meeting",,"Reingressar na Reunião",,"None",,"All",,"Skype for Surface RT",,""
"Remove",,"Remover",,"None",,"All",,"Skype for Surface RT",,""
"Remove {0}",,"Remover {0}",,"None",,"All",,"Skype for Surface RT",,""
"Remove from Meeting",,"Remover da Reunião",,"None",,"All",,"Skype for Surface RT",,""
"Remove from Meeting menu item",,"Item de menu Remover da Reunião",,"None",,"All",,"Skype for Surface RT",,""
"Resume call",,"Retomar chamada",,"None",,"All",,"Skype for Surface RT",,""
"Return to presenter view",,"Retornar ao modo de exibição do apresentador",,"None",,"All",,"Skype for Surface RT",,""
"Accept",,"Aceitar",,"None",,"All",,"Skype for Surface RT",,""
"Continue and accept the disclaimer to join the meeting",,"Continuar e aceitar o aviso de isenção de responsabilidade para participar da reunião",,"None",,"All",,"Skype for Surface RT",,""
"Decline",,"Recusar",,"None",,"All",,"Skype for Surface RT",,""
"Decline, do not accept the disclaimer and do not join the meeting",,"Recusar. Não aceitar o aviso de isenção de responsabilidade e não participar da reunião",,"None",,"All",,"Skype for Surface RT",,""
"Message from {0}, {1}",,"Mensagem de {0}, {1}",,"None",,"All",,"Skype for Surface RT",,""
"Sent message, {0}",,"Mensagem enviada, {0}",,"None",,"All",,"Skype for Surface RT",,""
"Press the Share button on the console to share this screen",,"Pressione o botão Compartilhar no console para compartilhar esta tela",,"None",,"All",,"Skype for Surface RT",,""
"You are currently presenting your screen.",,"Você está apresentando sua tela no momento.",,"None",,"All",,"Skype for Surface RT",,""
"Starting...",,"Iniciando...",,"None",,"All",,"Skype for Surface RT",,""
"Stopping...",,"Interrompendo...",,"None",,"All",,"Skype for Surface RT",,""
"Right Camera Only",,"Somente câmera direita",,"None",,"All",,"Skype for Surface RT",,""
"{0} is presenting {1} content, but you won’t be able to see it on this device.",,"{0} está apresentando conteúdo de {1}, mas você não poderá ver neste dispositivo.",,"None",,"All",,"Skype for Surface RT",,""
"No one is presenting.",,"Ninguém está apresentando.",,"None",,"All",,"Skype for Surface RT",,""
"{0} is presenting content, but you won’t be able to see it on this device.",,"{0} está apresentando conteúdo, mas você não poderá ver neste dispositivo.",,"None",,"All",,"Skype for Surface RT",,""
"Screen",,"Tela",,"None",,"All",,"Skype for Surface RT",,""
"Stop Presenting",,"Interromper Apresentação",,"None",,"All",,"Skype for Surface RT",,""
"Present Screen",,"Apresentar Tela",,"None",,"All",,"Skype for Surface RT",,""
"Search or type contact email address",,"Pesquisar ou digitar endereço de email do contato",,"None",,"All",,"Skype for Surface RT",,""
"An error occurred while searching.",,"Ocorreu um erro durante a pesquisa.",,"None",,"All",,"Skype for Surface RT",,""
"Search results pane updated",,"Painel de resultados da pesquisa atualizado",,"None",,"All",,"Skype for Surface RT",,""
"Search for someone",,"Procurar por alguém",,"None",,"All",,"Skype for Surface RT",,""
"Invite",,"Convidar",,"None",,"All",,"Skype for Surface RT",,""
"Searching ...",,"Pesquisando ...",,"None",,"All",,"Skype for Surface RT",,""
"Searching",,"Pesquisando",,"None",,"All",,"Skype for Surface RT",,""
"There are no participants in the lobby||Scroll to see the participant in the lobby||Scroll to see the {0} participants in the lobby",,"Nenhum participante no lobby||Role para ver o participante no lobby||Role para ver os {0} participantes no lobby",,"None",,"All",,"Skype for Surface RT",,""
"Tap to see meeting details",,"Toque para ver os detalhes da reunião",,"None",,"All",,"Skype for Surface RT",,""
"There are no online participants||Scroll to see the online participant||Scroll to see the {0} online participants",,"Nenhum participante online||Role para ver o participante online||Role para ver os {0} participantes online",,"None",,"All",,"Skype for Surface RT",,""
"Send Feedback",,"Enviar comentários",,"None",,"All",,"Skype for Surface RT",,""
"Send an email",,"Enviar um email",,"None",,"All",,"Skype for Surface RT",,""
"We couldn't sign you in. There might be a problem with your credentials. Please contact your support team.",,"Não foi possível conectá-lo. Pode haver algum problema com as suas credenciais. Contate a equipe de suporte.",,"None",,"All",,"Skype for Surface RT",,""
"Error code: {0}",,"Código de erro: {0}",,"None",,"All",,"Skype for Surface RT",,""
"We cannot sign you in to Skype for Business. Please contact your support team.",,"Não é possível conectá-lo ao Skype for Business. Contate sua equipe de suporte.",,"None",,"All",,"Skype for Surface RT",,""
"This device doesn’t have a Skype for Business account.",,"Este dispositivo não tem uma conta do Skype for Business.",,"None",,"All",,"Skype for Surface RT",,""
"Sign in failed",,"Falha ao conectar",,"None",,"All",,"Skype for Surface RT",,""
"The call was disconnected due to network issues.",,"A chamada foi desconectada devido a problemas de rede.",,"None",,"All",,"Skype for Surface RT",,""
"Reconnecting...",,"Reconectando…",,"None",,"All",,"Skype for Surface RT",,""
"The connection to the server was lost.",,"A conexão com o servidor foi perdida.",,"None",,"All",,"Skype for Surface RT",,""
"We're trying to connect you, but it's taking longer than usual.",,"Estamos tentando conectar você, mas está demorando mais que o normal.",,"None",,"All",,"Skype for Surface RT",,""
"Signing in...",,"Entrando...",,"None",,"All",,"Skype for Surface RT",,""
"No additional participants||1 additional participant||{0} additional participants",,"Nenhum participante adicional||1 participante adicional||{0} participantes adicionais",,"None",,"All",,"Skype for Surface RT",,""
"Skype for Business - {0}",,"Skype for Business - {0}",,"None",,"All",,"Skype for Surface RT",,""
"Skype for Business whiteboard",,"Quadro de comunicações do Skype for Business",,"None",,"All",,"Skype for Surface RT",,""
"Skype Meeting",,"Reunião do Skype",,"None",,"All",,"Skype for Surface RT",,""
"Skype Version: {0}",,"Versão do Skype: {0}",,"None",,"All",,"Skype for Surface RT",,""
"Start a New Call",,"Iniciar uma nova chamada",,"None",,"All",,"Skype for Surface RT",,""
"New Call",,"Nova chamada",,"None",,"All",,"Skype for Surface RT",,""
"Dial a Number",,"Discar um Número",,"None",,"All",,"Skype for Surface RT",,""
"Select to dial a number",,"Selecione para discar um número",,"None",,"All",,"Skype for Surface RT",,""
"Start a Skype Meeting",,"Iniciar uma Reunião do Skype",,"None",,"All",,"Skype for Surface RT",,""
"Select to start a Skype meeting",,"Selecione para iniciar uma reunião do Skype",,"None",,"All",,"Skype for Surface RT",,""
"Start desktop sharing button, your desktop is not shared||Stop desktop sharing button, your desktop is currently shared",,"Botão Iniciar compartilhamento da área de trabalho. Sua área de trabalho não está compartilhada||Botão Interromper compartilhamento da área de trabalho. Sua área de trabalhando está compartilhada no momento",,"None",,"All",,"Skype for Surface RT",,""
"Start share button, share is currently inactive||Stop share button, share is currently active",,"Botão iniciar compartilhamento. O compartilhamento está inativo no momento||Botão interromper compartilhamento. O compartilhamento está ativo no momento",,"None",,"All",,"Skype for Surface RT",,""
"You're presenting your screen.",,"Você está apresentando sua tela.",,"None",,"All",,"Skype for Surface RT",,""
"Stop Presenting PowerPoint",,"Parar de Apresentar o PowerPoint",,"None",,"All",,"Skype for Surface RT",,""
"You stopped presenting your screen.",,"Você parou de apresentar sua tela.",,"None",,"All",,"Skype for Surface RT",,""
"Suggestion or idea",,"Sugestão ou ideia",,"None",,"All",,"Skype for Surface RT",,""
"Press tab to get participant actions",,"Pressione Tab para obter ações dos participantes",,"None",,"All",,"Skype for Surface RT",,""
"Take over as presenter",,"Assumir como apresentador",,"None",,"All",,"Skype for Surface RT",,""
"You're about to stop the current presentation and become the active presenter.",,"Você está prestes a interromper a apresentação atual e se tornar o apresentador ativo.",,"None",,"All",,"Skype for Surface RT",,""
"Tap to present",,"Toque para apresentar",,"None",,"All",,"Skype for Surface RT",,""
"Microsoft Teams Meeting",,"Reunião do Microsoft Teams",,"None",,"All",,"Skype for Surface RT",,""
"Thumbnails",,"Miniaturas",,"None",,"All",,"Skype for Surface RT",,""
"To {0}",,"Para {0}",,"None",,"All",,"Skype for Surface RT",,""
"Mute mic button, your mic is unmuted||Unmute mic button, your mic is muted",,"Botão Desativar microfone, seu microfone está ativado||Botão Ativar microfone, seu microfone está desativado",,"None",,"All",,"Skype for Surface RT",,""
"{0} and {1}",,"{0} e {1}",,"None",,"All",,"Skype for Surface RT",,""
"Unlock the Video Spotlight",,"Desbloquear o Destaque de Vídeo",,"None",,"All",,"Skype for Surface RT",,""
"Unlock the Video Spotlight menu item",,"Desbloquear o item de menu Destaque de Vídeo",,"None",,"All",,"Skype for Surface RT",,""
"Unmute all online participants",,"Desativar mudo de todos os participantes online",,"None",,"All",,"Skype for Surface RT",,""
"Unmute Mic",,"Desativar opção Mudo do microfone",,"None",,"All",,"Skype for Surface RT",,""
"Unmute Participant",,"Desativar Mudo do Participante",,"None",,"All",,"Skype for Surface RT",,""
"Video options button, your video is off||Video options button, your video is on",,"Botão Opções de vídeo, seu vídeo está desativado||Botão Opções de vídeo, seu vídeo está ativado",,"None",,"All",,"Skype for Surface RT",,""
"Join",,"Ingressar",,"None",,"All",,"Skype for Surface RT",,""
"More Options",,"Mais opções",,"None",,"All",,"Skype for Surface RT",,""
"This isn't a Skype meeting. Ask the organizer to make this a Skype Meeting so you can join online.",,"Esta não é uma reunião do Skype. Peça para o organizador tornar este evento uma Reunião do Skype para que você possa participar online.",,"None",,"All",,"Skype for Surface RT",,""
"This isn't a Skype meeting.",,"Esta não é uma reunião do Skype.",,"None",,"All",,"Skype for Surface RT",,""
"Ask the organizer to make this a Skype Meeting so you can join online.",,"Peça ao organizador para tornar este evento uma Reunião do Skype para que você possa ingressar online.",,"None",,"All",,"Skype for Surface RT",,""
"Ask the organizer to make this a Skype Meeting so you can join online.",,"Peça para o organizador tornar este evento uma Reunião do Skype para que você possa participar online.",,"None",,"All",,"Skype for Surface RT",,""
"Send Request",,"Enviar Solicitação",,"None",,"All",,"Skype for Surface RT",,""
"You can join the meeting now.",,"Você já pode participar da reunião.",,"None",,"All",,"Skype for Surface RT",,""
"Looks like you're the only one on the call.",,"Parece que você é o único na chamada.",,"None",,"All",,"Skype for Surface RT",,""
"You are not in a call",,"Você não está em uma chamada",,"None",,"All",,"Skype for Surface RT",,""
"To protect your info, you need the PIN to see meeting content.",,"Para proteger suas informações, é necessário um PIN para visualizar o conteúdo da reunião.",,"None",,"All",,"Skype for Surface RT",,""
"You have left the meeting",,"Você saiu da reunião",,"None",,"All",,"Skype for Surface RT",,""
"Who's in the room? Check them in.",,"Quem está na sala? Faça o check-in.",,"None",,"All",,"Skype for Surface RT",,""
"Calling...",,"Ligando...",,"None",,"All",,"Skype for Surface RT",,""
