﻿PERMISSION NOTICE

The Microsoft “Terms of Use” (available at the www.microsoft.com website) govern all glossary terms in this document (“Glossary Terms”).  The following supplemental terms and conditions also apply.  If there is any conflict between the Terms of Use and the following terms and conditions, the following terms and conditions will take
Precedence over the Terms of Use.
         
1. No part of the Glossary Terms may be reproduced, adapted, distributed, or transmitted in any form or by any means, electronic, mechanical, or otherwise, including photocopying and entry into an information storage and/or retrieval system, for any purpose without the prior express consent of Microsoft Corporation. 

2. You may use the Glossary Terms in the development of any application software and you may also use the Glossary Terms for personal or non-commercial purposes only without the prior written consent of Microsoft Corporation, and only if all copies contain this Permission Notice and the Microsoft copyright notice in the Terms of Use.         
                                                                                                                                
3. You are not permitted to make any modifications, deletions or additions to the Glossary Terms.
 
4. Except as expressly set forth above, Microsoft’s publication of the Glossary Terms does not grant any rights to use, distribute, or implement any technology or intellectual property rights. All rights not expressly granted herein are expressly reserved by Microsoft.
"Source Term",,"Translation",,"String Category",,"Platform",,"Product",,"Version"
"Account",,"Conta",,"None",,"All",,"Skype for Web & Skype for Outlook.com 2016",,""
"Available",,"Disponível",,"None",,"All",,"Skype for Web & Skype for Outlook.com 2016",,""
"Unable to change your profile picture, please try again.",,"Não foi possível alterar sua imagem do perfil, tente novamente.",,"None",,"All",,"Skype for Web & Skype for Outlook.com 2016",,""
"Close settings",,"Fechar config.",,"None",,"All",,"Skype for Web & Skype for Outlook.com 2016",,""
"Disable automatic Skype plugin updates",,"Desativar atualizações automáticas do plugin do Skype",,"None",,"All",,"Skype for Web & Skype for Outlook.com 2016",,""
"Display settings",,"Exibir config.",,"None",,"All",,"Skype for Web & Skype for Outlook.com 2016",,""
"Download Skype plugin",,"Baixar o plugin do Skype",,"None",,"All",,"Skype for Web & Skype for Outlook.com 2016",,""
"Enable automatic Skype plugin updates",,"Ativar atualizações automáticas do plugin do Skype",,"None",,"All",,"Skype for Web & Skype for Outlook.com 2016",,""
"The image type you tried to upload is not supported",,"O tipo de imagem que você tentou carregar não é suportado",,"None",,"All",,"Skype for Web & Skype for Outlook.com 2016",,""
"Not available",,"Não disponível",,"None",,"All",,"Skype for Web & Skype for Outlook.com 2016",,""
"Notifications off",,"Notificações desat.",,"None",,"All",,"Skype for Web & Skype for Outlook.com 2016",,""
"Notifications on",,"Notificações ativ.",,"None",,"All",,"Skype for Web & Skype for Outlook.com 2016",,""
"off",,"desat.",,"None",,"All",,"Skype for Web & Skype for Outlook.com 2016",,""
"on",,"ativ.",,"None",,"All",,"Skype for Web & Skype for Outlook.com 2016",,""
"Automatic Skype plugin updates are",,"As atualizações automáticas do plugin do Skype estão",,"None",,"All",,"Skype for Web & Skype for Outlook.com 2016",,""
"Online presence set to available (notifications on)",,"Presença definida como disponível (notificações habilitadas)",,"None",,"All",,"Skype for Web & Skype for Outlook.com 2016",,""
"Sign out",,"Desconectar",,"None",,"All",,"Skype for Web & Skype for Outlook.com 2016",,""
"Upload a profile picture",,"Carregue uma imagem de perfil",,"None",,"All",,"Skype for Web & Skype for Outlook.com 2016",,""
"Accept the call using Alt + PgUp",,"Aceitar a chamada usando Alt + PgUp",,"None",,"All",,"Skype for Web & Skype for Outlook.com 2016",,""
"Accept with voice",,"Aceitar com voz",,"None",,"All",,"Skype for Web & Skype for Outlook.com 2016",,""
"Accept with voice using Alt + Page Up",,"Aceitar com voz usando Alt + Page Up",,"None",,"All",,"Skype for Web & Skype for Outlook.com 2016",,""
"Accept with Video",,"Aceitar com vídeo",,"None",,"All",,"Skype for Web & Skype for Outlook.com 2016",,""
"Accept with video using Ctrl + Alt + Page Up",,"Aceitar com vídeo usando Ctrl+Alt+Page Up",,"None",,"All",,"Skype for Web & Skype for Outlook.com 2016",,""
"Your guest account will expire in 10 minutes.",,"Sua conta convidado expira em 10 minutos.",,"None",,"All",,"Skype for Web & Skype for Outlook.com 2016",,""
""Select ""add to contacts"" and they'll get your request."",,""Selecione ""adicionar aos contatos"" e eles receberão sua solicitação."",,"None",,"All",,"Skype for Web & Skype for Outlook.com 2016",,""
"Add Skype as a bookmark",,"Adicionar o Skype aos favoritos",,"None",,"All",,"Skype for Web & Skype for Outlook.com 2016",,""
"Already have an account?",,"Já tem uma conta?",,"None",,"All",,"Skype for Web & Skype for Outlook.com 2016",,""
"or",,"ou",,"None",,"All",,"Skype for Web & Skype for Outlook.com 2016",,""
"You can call and chat with everyone here for free.",,"Você pode ligar e conversar com todas as pessoas aqui gratuitamente.",,"None",,"All",,"Skype for Web & Skype for Outlook.com 2016",,""
"Close",,"Fechar",,"None",,"All",,"Skype for Web & Skype for Outlook.com 2016",,""
"Computer says no…",,"O computador não deixou…",,"None",,"All",,"Skype for Web & Skype for Outlook.com 2016",,""
"Continue",,"Continuar",,"None",,"All",,"Skype for Web & Skype for Outlook.com 2016",,""
"By using this site you agree to the use of cookies for analytics, personalised content and ads.",,"Ao usar este site você concorda com o uso de cookies para análises, anúncios e conteúdo personalizado.",,"None",,"All",,"Skype for Web & Skype for Outlook.com 2016",,""
"By using this site you agree to the use of cookies for analytics, personalised content and ads. {LINK_START}Read more about cookies{LINK_END}",,"Ao usar este site você concorda com o uso de cookies para análises, anúncios e conteúdo personalizado. {LINK_START}Leia mais sobre cookies{LINK_END}",,"None",,"All",,"Skype for Web & Skype for Outlook.com 2016",,""
"Copy link",,"Copiar um link",,"None",,"All",,"Skype for Web & Skype for Outlook.com 2016",,""
"&copy; {YEAR} Skype and/or Microsoft.",,"&copy;{YEAR} Skype e/ou Microsoft.",,"None",,"All",,"Skype for Web & Skype for Outlook.com 2016",,""
"&copy; {YEAR} Skype/Microsoft.",,"&copy;{YEAR} Skype/Microsoft.",,"None",,"All",,"Skype for Web & Skype for Outlook.com 2016",,""
"Create account",,"Criar conta",,"None",,"All",,"Skype for Web & Skype for Outlook.com 2016",,""
"{LINK1_START}Create a new Skype account{LINK1_END} or {LINK2_START}sign in{LINK2_END} to permanently join this conversation.",,"{LINK1_START}Crie uma nova conta do Skype{LINK1_END} ou {LINK2_START}entre{LINK2_END} para participar dessa conversa permanentemente.",,"None",,"All",,"Skype for Web & Skype for Outlook.com 2016",,""
"Interested in richer and more integrated experience? Download the official desktop app.",,"Interessado em uma experiência mais rica e integrada? Baixe o aplicativo da área de trabalho oficial.",,"None",,"All",,"Skype for Web & Skype for Outlook.com 2016",,""
"Download",,"Baixar",,"None",,"All",,"Skype for Web & Skype for Outlook.com 2016",,""
"Download Desktop Client",,"Baixar Cliente de Desktop",,"None",,"All",,"Skype for Web & Skype for Outlook.com 2016",,""
"Download Skype",,"Baixe o Skype",,"None",,"All",,"Skype for Web & Skype for Outlook.com 2016",,""
"Download Skype on the device that’s most convenient for you.",,"Baixe o Skype no dispositivo que você preferir.",,"None",,"All",,"Skype for Web & Skype for Outlook.com 2016",,""
"You need to enable javascript",,"Para continuar é preciso ativar o JavaScript.",,"None",,"All",,"Skype for Web & Skype for Outlook.com 2016",,""
"Enable joining",,"Habilitar ingresso",,"None",,"All",,"Skype for Web & Skype for Outlook.com 2016",,""
"Explore Skype",,"Explore o Skype",,"None",,"All",,"Skype for Web & Skype for Outlook.com 2016",,""
"FAQ",,"Perguntas frequentes",,"None",,"All",,"Skype for Web & Skype for Outlook.com 2016",,""
"frequently asked questions",,"Perguntas frequentes",,"None",,"All",,"Skype for Web & Skype for Outlook.com 2016",,""
"FAQs",,"Perguntas frequentes",,"None",,"All",,"Skype for Web & Skype for Outlook.com 2016",,""
"Feedback",,"Feedback",,"None",,"All",,"Skype for Web & Skype for Outlook.com 2016",,""
"Finished chatting?",,"Terminou a conversa?",,"None",,"All",,"Skype for Web & Skype for Outlook.com 2016",,""
"Get the app",,"Baixe o aplicativo",,"None",,"All",,"Skype for Web & Skype for Outlook.com 2016",,""
"Get back to Skype quickly.",,"Voltar ao Skype rapidamente.",,"None",,"All",,"Skype for Web & Skype for Outlook.com 2016",,""
"Get back to Skype quickly. Press {CTRL_KEY} + D to add Skype as a bookmark.",,"Voltar ao Skype rapidamente. Aperte {CTRL_KEY} + D para adicionar o Skype aos favoritos.",,"None",,"All",,"Skype for Web & Skype for Outlook.com 2016",,""
"Get in touch with your friends and family directly from your browser",,"Mantenha contato com seus amigos e familiares diretamente do navegador",,"None",,"All",,"Skype for Web & Skype for Outlook.com 2016",,""
"Get Skype on the device that’s most convenient for you.",,"Baixe o Skype no dispositivo que você preferir.",,"None",,"All",,"Skype for Web & Skype for Outlook.com 2016",,""
"Get started",,"Começar agora",,"None",,"All",,"Skype for Web & Skype for Outlook.com 2016",,""
"Got a question?",,"Tem alguma dúvida?",,"None",,"All",,"Skype for Web & Skype for Outlook.com 2016",,""
"Hi {ELEM_START}{NAME}{ELEM_END}",,"Olá, {ELEM_START}{NAME}{ELEM_END}",,"None",,"All",,"Skype for Web & Skype for Outlook.com 2016",,""
"As a guest, you can",,"Como convidado, você pode",,"None",,"All",,"Skype for Web & Skype for Outlook.com 2016",,""
"Group chat",,"Conversar em grupo",,"None",,"All",,"Skype for Web & Skype for Outlook.com 2016",,""
"Send emoticons and Mojis",,"Enviar emoticons e Mojis",,"None",,"All",,"Skype for Web & Skype for Outlook.com 2016",,""
"Share photos and files",,"Compartilhar fotos e arquivos",,"None",,"All",,"Skype for Web & Skype for Outlook.com 2016",,""
"Share your screen",,"Compartilhar sua tela",,"None",,"All",,"Skype for Web & Skype for Outlook.com 2016",,""
"Make video calls",,"Fazer chamadas de vídeo",,"None",,"All",,"Skype for Web & Skype for Outlook.com 2016",,""
"Make voice calls",,"Fazer chamadas de voz",,"None",,"All",,"Skype for Web & Skype for Outlook.com 2016",,""
"Guest",,"Convidado",,"None",,"All",,"Skype for Web & Skype for Outlook.com 2016",,""
"Have your queries about Skype for Web answered.",,"Tire suas dúvidas sobre o Skype para Web.",,"None",,"All",,"Skype for Web & Skype for Outlook.com 2016",,""
"Incoming call",,"Recebendo chamada",,"None",,"All",,"Skype for Web & Skype for Outlook.com 2016",,""
"install plugin",,"instalar plugin",,"None",,"All",,"Skype for Web & Skype for Outlook.com 2016",,""
"Join me on Skype to chat, call, and share. You don't need to sign-up or download the app.",,"Junte-se a mim no Skype para conversar, fazer chamadas e compartilhar. Você não precisa se inscrever nem baixar o aplicativo.",,"None",,"All",,"Skype for Web & Skype for Outlook.com 2016",,""
"Hi,",,"Olá,",,"None",,"All",,"Skype for Web & Skype for Outlook.com 2016",,""
"Just select this link, or copy and paste it into your browser:",,"Basta selecionar este link ou copiá-lo e colá-lo no navegador:",,"None",,"All",,"Skype for Web & Skype for Outlook.com 2016",,""
"Let's chat on Skype",,"Vamos conversar no Skype",,"None",,"All",,"Skype for Web & Skype for Outlook.com 2016",,""
"Invite anyone to chat with this link.",,"Convide qualquer pessoa para o chat com este link.",,"None",,"All",,"Skype for Web & Skype for Outlook.com 2016",,""
"Invite via email",,"Convidar por email",,"None",,"All",,"Skype for Web & Skype for Outlook.com 2016",,""
"Sign up",,"Inscrever-se",,"None",,"All",,"Skype for Web & Skype for Outlook.com 2016",,""
"Joining disabled by chat creator.",,"Ingresso desabilitado pelo criador do chat.",,"None",,"All",,"Skype for Web & Skype for Outlook.com 2016",,""
"Sign up and use Skype every day. Get the free app on your mobile, tablet, desktop and more to keep your conversations going, wherever you are.",,"Inscreva-se e use o Skype todos os dias. Obtenha o aplicativo gratuito no celular, tablet, área de trabalho e muito mais para continuar conversando, onde quer que você esteja.",,"None",,"All",,"Skype for Web & Skype for Outlook.com 2016",,""
"Language",,"Idioma",,"None",,"All",,"Skype for Web & Skype for Outlook.com 2016",,""
"Learn all about Skype’s free and low-cost features.",,"Saiba tudo sobre os recursos gratuitos e de baixo custo do Skype",,"None",,"All",,"Skype for Web & Skype for Outlook.com 2016",,""
"Leave conversation",,"Sair da conversa",,"None",,"All",,"Skype for Web & Skype for Outlook.com 2016",,""
"Link copied",,"Link copiado",,"None",,"All",,"Skype for Web & Skype for Outlook.com 2016",,""
"This link is valid for 24 hours.",,"O link é válido por 24 horas.",,"None",,"All",,"Skype for Web & Skype for Outlook.com 2016",,""
"Please copy the link manually",,"Copie o link manualmente",,"None",,"All",,"Skype for Web & Skype for Outlook.com 2016",,""
"Loading...",,"Carregando...",,"None",,"All",,"Skype for Web & Skype for Outlook.com 2016",,""
"Make Skype calls",,"Fazer chamadas do Skype",,"None",,"All",,"Skype for Web & Skype for Outlook.com 2016",,""
"... but we can take you to {LINK_START}Skype for Web{LINK_END}",,"…mas podemos levar você para o {LINK_START}Skype para Web{LINK_END}",,"None",,"All",,"Skype for Web & Skype for Outlook.com 2016",,""
"Need to use Skype?",,"Precisa usar o Skype?",,"None",,"All",,"Skype for Web & Skype for Outlook.com 2016",,""
"Sorry, Skype for Web isn’t available on this device yet.",,"O Skype para Web ainda não está disponível neste dispositivo.",,"None",,"All",,"Skype for Web & Skype for Outlook.com 2016",,""
"Skype for Web is not a replacement for your telephone and can’t be used for emergency calling.",,"O Skype para Web não substitui o telefone nem pode ser usado para chamadas de emergência.",,"None",,"All",,"Skype for Web & Skype for Outlook.com 2016",,""
"Oops, we couldn’t find the page you were looking for...",,"Não foi possível localizar a página que você estava procurando...",,"None",,"All",,"Skype for Web & Skype for Outlook.com 2016",,""
"Privacy and cookie policy",,"Política de privacidade e de cookies",,"None",,"All",,"Skype for Web & Skype for Outlook.com 2016",,""
"Privacy",,"Privacidade",,"None",,"All",,"Skype for Web & Skype for Outlook.com 2016",,""
"Read more about cookies",,"Leia mais sobre cookies",,"None",,"All",,"Skype for Web & Skype for Outlook.com 2016",,""
"sign in again",,"Entrar novamente",,"None",,"All",,"Skype for Web & Skype for Outlook.com 2016",,""
"Redirecting...",,"Redirecionando...",,"None",,"All",,"Skype for Web & Skype for Outlook.com 2016",,""
"Reject call",,"Rejeitar chamada",,"None",,"All",,"Skype for Web & Skype for Outlook.com 2016",,""
"Reject call using Alt + Page Down",,"Recusar chamada usando Alt+Page Down",,"None",,"All",,"Skype for Web & Skype for Outlook.com 2016",,""
"Search by email or Skype Name.",,"Pesquisar por email ou Nome Skype.",,"None",,"All",,"Skype for Web & Skype for Outlook.com 2016",,""
"See our FAQ’s",,"Veja as perguntas frequentes",,"None",,"All",,"Skype for Web & Skype for Outlook.com 2016",,""
"Send instant messages",,"Enviar mensagens de chat",,"None",,"All",,"Skype for Web & Skype for Outlook.com 2016",,""
"Yay! Now check out your emoticons...",,"Agora, confira seus emoticons...",,"None",,"All",,"Skype for Web & Skype for Outlook.com 2016",,""
"Invite Facebook friends",,"Convidar amigos do Facebook",,"None",,"All",,"Skype for Web & Skype for Outlook.com 2016",,""
"Sending one of our engineers to fix it. Give it a couple of minutes and try again.",,"Um de nossos engenheiros vai corrigir o problema. Tente novamente após alguns minutos.",,"None",,"All",,"Skype for Web & Skype for Outlook.com 2016",,""
"For security reasons your session will expire in less than an hour",,"Por motivo de segurança sua sessão será expirada em menos de uma hora",,"None",,"All",,"Skype for Web & Skype for Outlook.com 2016",,""
"For security reasons your session will expire in less than 30 minutes",,"Por motivo de segurança sua sessão será expirada em menos de 30 minutos",,"None",,"All",,"Skype for Web & Skype for Outlook.com 2016",,""
"Sign in",,"Conectar",,"None",,"All",,"Skype for Web & Skype for Outlook.com 2016",,""
"To enjoy the full Skype experience with even more people and create your own conversations, simply sign in or create a new account.",,"Para aproveitar a experiência completa com o Skype com ainda mais pessoas e criar suas próprias conversas, basta entrar ou criar uma nova conta.",,"None",,"All",,"Skype for Web & Skype for Outlook.com 2016",,""
"Sorry, Skype for Web is invitation only at this time.",,"No momento, é preciso um convite para usar o Skype para Web.",,"None",,"All",,"Skype for Web & Skype for Outlook.com 2016",,""
"Oops, something went wrong at our end",,"Algo deu errado por aqui",,"None",,"All",,"Skype for Web & Skype for Outlook.com 2016",,""
"Give it a go on the latest version of Firefox.",,"Teste na última versão do Firefox.",,"None",,"All",,"Skype for Web & Skype for Outlook.com 2016",,""
"Give it a go on the latest version of Safari or Chrome.",,"Teste na última versão do Safari ou Chrome.",,"None",,"All",,"Skype for Web & Skype for Outlook.com 2016",,""
"Give it a go on the latest version of browsers: Microsoft Edge, Internet Explorer 10+, Chrome, Firefox or Safari.",,"Teste na última versão dos navegadores: Microsoft Edge, Internet Explorer 10+, Chrome, Firefox ou Safari.",,"None",,"All",,"Skype for Web & Skype for Outlook.com 2016",,""
"Give it a go on the latest version of these browsers: Microsoft Edge, Internet Explorer 10+, Chrome or Firefox.",,"Teste na última versão destes navegadores: Microsoft Edge, Internet Explorer 10+, Chrome ou Firefox.",,"None",,"All",,"Skype for Web & Skype for Outlook.com 2016",,""
"Terms of use",,"Termos de Uso",,"None",,"All",,"Skype for Web & Skype for Outlook.com 2016",,""
"Terms",,"Termos",,"None",,"All",,"Skype for Web & Skype for Outlook.com 2016",,""
"Tick tock, time's almost up...",,"Tique-taque, o tempo está se esgotando...",,"None",,"All",,"Skype for Web & Skype for Outlook.com 2016",,""
"Please try again later, or download Skype to use it anytime.",,"Tente novamente mais tarde ou baixe o Skype para usá-lo a qualquer momento.",,"None",,"All",,"Skype for Web & Skype for Outlook.com 2016",,""
"Please try it on your desktop computer instead.",,"Tente baixá-lo no seu computador.",,"None",,"All",,"Skype for Web & Skype for Outlook.com 2016",,""
"Support for this version of Skype for Web is coming to an end. A new preview version is available now for Microsoft Edge and Google Chrome with HD video calling, call recording and much more.",,"O suporte para esta versão do Skype para Web vai terminar. Uma nova versão de visualização está disponível agora para o Microsoft Edge e o Google Chrome com chamadas com vídeo HD, gravação de chamada e muito mais.",,"None",,"All",,"Skype for Web & Skype for Outlook.com 2016",,""
"Try it out",,"Experimente",,"None",,"All",,"Skype for Web & Skype for Outlook.com 2016",,""
"is trying to call you",,"está tentando ligar para você",,"None",,"All",,"Skype for Web & Skype for Outlook.com 2016",,""
"When your request is accepted, send a message.",,"Quando sua solicitação for aceita, envie uma mensagem.",,"None",,"All",,"Skype for Web & Skype for Outlook.com 2016",,""
"Sorry, Skype for Web isn't available for this browser.",,"O Skype para Web não está disponível para este navegador.",,"None",,"All",,"Skype for Web & Skype for Outlook.com 2016",,""
"Visit Skype.com",,"Acesse skype.com",,"None",,"All",,"Skype for Web & Skype for Outlook.com 2016",,""
"We're a bit overloaded right now...",,"Estamos um pouco sobrecarregados...",,"None",,"All",,"Skype for Web & Skype for Outlook.com 2016",,""
"Hi {NAME}, share this link with friends so they can join the conversation.",,"Olá, {NAME}, compartilhe este link com os amigos para que eles possam ingressar na conversa.",,"None",,"All",,"Skype for Web & Skype for Outlook.com 2016",,""
"Welcome to Skype for Web",,"Bem-vindo ao Skype para Web",,"None",,"All",,"Skype for Web & Skype for Outlook.com 2016",,""
"You’ll need a plugin to make Skype calls",,"Você precisa de um plugin para fazer chamadas via Skype",,"None",,"All",,"Skype for Web & Skype for Outlook.com 2016",,""
