﻿PERMISSION NOTICE

The Microsoft “Terms of Use” (available at the www.microsoft.com website) govern all glossary terms in this document (“Glossary Terms”).  The following supplemental terms and conditions also apply.  If there is any conflict between the Terms of Use and the following terms and conditions, the following terms and conditions will take
Precedence over the Terms of Use.
         
1. No part of the Glossary Terms may be reproduced, adapted, distributed, or transmitted in any form or by any means, electronic, mechanical, or otherwise, including photocopying and entry into an information storage and/or retrieval system, for any purpose without the prior express consent of Microsoft Corporation. 

2. You may use the Glossary Terms in the development of any application software and you may also use the Glossary Terms for personal or non-commercial purposes only without the prior written consent of Microsoft Corporation, and only if all copies contain this Permission Notice and the Microsoft copyright notice in the Terms of Use.         
                                                                                                                                
3. You are not permitted to make any modifications, deletions or additions to the Glossary Terms.
 
4. Except as expressly set forth above, Microsoft’s publication of the Glossary Terms does not grant any rights to use, distribute, or implement any technology or intellectual property rights. All rights not expressly granted herein are expressly reserved by Microsoft.
"Source Term",,"Translation",,"String Category",,"Platform",,"Product",,"Version"
"Launching Skype for Business Client",,"Iniciando o Cliente Skype for Business",,"None",,"All",,"Skypecast Scheduling and Data Services",,""
"We couldn’t connect you to the event. This may be temporary. Please check with your event organizer if this continues to happen.",,"Não foi possível conectar você ao evento. Isso pode ser temporário. Se o problema persistir, verifique com o organizador do evento.",,"None",,"All",,"Skypecast Scheduling and Data Services",,""
"to manage the event",,"para gerenciar o evento",,"None",,"All",,"Skypecast Scheduling and Data Services",,""
"Join Meeting",,"Participar da Reunião",,"None",,"All",,"Skypecast Scheduling and Data Services",,""
"The link you are using to join the event isn’t valid. Please check with your event organizer.",,"O link usado para participar do evento não é válido. Verifique com o organizador do evento.",,"None",,"All",,"Skypecast Scheduling and Data Services",,""
"Invalid Name or Email address",,"Nome ou Endereço de email inválido",,"None",,"All",,"Skypecast Scheduling and Data Services",,""
"Join The Meeting",,"Participar da Reunião",,"None",,"All",,"Skypecast Scheduling and Data Services",,""
"Microsoft Corporation. All rights reserved.",,"Microsoft Corporation. Todos os direitos reservados.",,"None",,"All",,"Skypecast Scheduling and Data Services",,""
"We are having trouble helping you join as Event team member.",,"Estamos com problemas para ajudar você a participar como Membro da equipe do evento.",,"None",,"All",,"Skypecast Scheduling and Data Services",,""
"We are having trouble activating broadcast meeting.",,"Estamos com problemas para ativar a transmissão da reunião.",,"None",,"All",,"Skypecast Scheduling and Data Services",,""
"Join the event",,"Participar do evento",,"None",,"All",,"Skypecast Scheduling and Data Services",,""
"Open the event dashboard",,"Abrir o painel do evento",,"None",,"All",,"Skypecast Scheduling and Data Services",,""
"if you don't have Skype for Business installed",,"se você não tiver o Skype for Business instalado",,"None",,"All",,"Skypecast Scheduling and Data Services",,""
"English",,"Inglês",,"None",,"All",,"Skypecast Scheduling and Data Services",,""
"Sorry, you don't have permission to join the meeting as event team member. Please request access from the meeting organizer or sign in using a different account.",,"Desculpe, você não tem permissão para participar da reunião como membro da equipe do evento. Solicite acesso para o organizador da reunião ou entre com uma conta diferente.",,"None",,"All",,"Skypecast Scheduling and Data Services",,""
"Have you successfully launched the app? Feel free to close this page.",,"Conseguiu iniciar o aplicativo? Fique à vontade para fechar esta página.",,"None",,"All",,"Skypecast Scheduling and Data Services",,""
"You're about to join the meeting ${meetingName} as a guest",,"Você está prestes a entrar na reunião ${meetingName} como convidado",,"None",,"All",,"Skypecast Scheduling and Data Services",,""
"We couldn’t connect you to the event due to network issues. Please try again later.",,"Não foi possível conectar você ao evento devido a problemas com a rede. Tente novamente mais tarde.",,"None",,"All",,"Skypecast Scheduling and Data Services",,""
"We couldn’t connect you to the event. This may be temporary. Please try it again.",,"Não foi possível conectar você ao evento. Isso pode ser temporário. Tente novamente.",,"None",,"All",,"Skypecast Scheduling and Data Services",,""
"Privacy and Cookies",,"Privacidade e Cookies",,"None",,"All",,"Skypecast Scheduling and Data Services",,""
"Launching ...",,"Iniciando ...",,"None",,"All",,"Skypecast Scheduling and Data Services",,""
"The operating system or browser that you are using to join the meeting is not supported.",,"Não há suporte para o navegador ou sistema operacional que você está usando para participar da reunião.",,"None",,"All",,"Skypecast Scheduling and Data Services",,""
"Let's go!",,"Vamos lá!",,"None",,"All",,"Skypecast Scheduling and Data Services",,""
"We couldn’t connect you to the event. The meeting may have ended. Please check with your event organizer.",,"Não foi possível conectar você ao evento. A reunião pode ter sido encerrada. Verifique com o organizador do evento.",,"None",,"All",,"Skypecast Scheduling and Data Services",,""
"We are having trouble launching Skype For Business.",,"Estamos com problemas para iniciar o Skype For Business.",,"None",,"All",,"Skypecast Scheduling and Data Services",,""
"The meeting you are trying to join has expired. Please check with the meeting organizer.",,"A reunião da qual você está tentando participar expirou. Consulte o organizador.",,"None",,"All",,"Skypecast Scheduling and Data Services",,""
"Skype for Business",,"Skype for Business",,"None",,"All",,"Skypecast Scheduling and Data Services",,""
"The meeting you are trying to join can’t be found. Please check with the meeting organizer.",,"Não foi possível localizar a reunião da qual você está tentando participar. Verifique com o organizador da reunião.",,"None",,"All",,"Skypecast Scheduling and Data Services",,""
"to see what your audience is seeing",,"para ver o que sua audiência vê",,"None",,"All",,"Skypecast Scheduling and Data Services",,""
"Video on demand was disabled for this meeting.",,"O vídeo por demanda foi desabilitado para esta reunião.",,"None",,"All",,"Skypecast Scheduling and Data Services",,""
"Install Skype for Business and enjoy one-click join from your phone!",,"Instale o Skype for Business e aproveite para ingressar com apenas um clique de seu celular!",,"None",,"All",,"Skypecast Scheduling and Data Services",,""
"Your session has expired. Please refresh the initial join web page.",,"Sua sessão expirou. Atualize a página da Web de participação inicial.",,"None",,"All",,"Skypecast Scheduling and Data Services",,""
"Sorry, you don't have permission to join the meeting. Please request access from the meeting organizer or sign in using a different account.",,"Desculpe, você não tem permissão para participar da reunião. Solicite acesso para o organizador da reunião ou entre com uma conta diferente.",,"None",,"All",,"Skypecast Scheduling and Data Services",,""
"Invitation from:",,"Convite de:",,"None",,"All",,"Skypecast Scheduling and Data Services",,""
"Skype Meeting Broadcast",,"Transmissão de Reunião do Skype",,"None",,"All",,"Skypecast Scheduling and Data Services",,""
"The event you are trying to join can’t be found. Please check with the event organizer.",,"Não foi possível encontrar o evento do qual você está tentando participar. Verifique com o organizador do evento.",,"None",,"All",,"Skypecast Scheduling and Data Services",,""
"Skype Meeting Broadcast Join",,"Participar da Transmissão de Reunião do Skype",,"None",,"All",,"Skypecast Scheduling and Data Services",,""
"Supported Platforms",,"Plataformas com suporte",,"None",,"All",,"Skypecast Scheduling and Data Services",,""
"Can't Launch App on this device.",,"Não é possível Iniciar o Aplicativo neste dispositivo.",,"None",,"All",,"Skypecast Scheduling and Data Services",,""
"Sign in as event team member",,"Entrar como membro da equipe do evento",,"None",,"All",,"Skypecast Scheduling and Data Services",,""
"Something went wrong trying to join this event. Please try again later.",,"Algo deu errado ao tentar participar deste evento. Tente novamente mais tarde.",,"None",,"All",,"Skypecast Scheduling and Data Services",,""
"The link you are using to join the meeting isn’t valid. Please check with your meeting organizer.",,"O link que você está usando para participar da reunião não é válido. Verifique com o organizador da reunião.",,"None",,"All",,"Skypecast Scheduling and Data Services",,""
"Help",,"Ajuda",,"None",,"All",,"Skypecast Scheduling and Data Services",,""
"You're about to join the meeting ${meetingName} as a member of the event team",,"Você está prestes a entrar na reunião ${meetingName} como membro da equipe do evento",,"None",,"All",,"Skypecast Scheduling and Data Services",,""
"View as an attendee",,"Visualizar como participante",,"None",,"All",,"Skypecast Scheduling and Data Services",,""
"We are having trouble activating your meeting.",,"Estamos com problemas para ativar a sua reunião.",,"None",,"All",,"Skypecast Scheduling and Data Services",,""
"Remember me",,"Lembrar de mim",,"None",,"All",,"Skypecast Scheduling and Data Services",,""
"Service busy - exceeded capacity from your IP address, please try again later.",,"Serviço ocupado: a capacidade de seu endereço IP foi excedida. Tente novamente mais tarde.",,"None",,"All",,"Skypecast Scheduling and Data Services",,""
"Or if you're a member of the event team",,"Ou se você for membro da equipe do evento",,"None",,"All",,"Skypecast Scheduling and Data Services",,""
"Join using Skype for Business Web App",,"Participar com o Skype for Business Web App",,"None",,"All",,"Skypecast Scheduling and Data Services",,""
"The event you are trying to join can’t be found. Please check with the event organizer.",,"Não é possível localizar o evento em que você está tentando ingressar. Confira com o organizador do evento.",,"None",,"All",,"Skypecast Scheduling and Data Services",,""
"The link you are using to join the event isn’t valid. Please check with your event organizer.",,"O link usado para ingressar no evento não é válido. Confira com o organizador do evento.",,"None",,"All",,"Skypecast Scheduling and Data Services",,""
"click here",,"clique aqui",,"None",,"All",,"Skypecast Scheduling and Data Services",,""
"You can join from any PC or mobile device browser.",,"Você pode participar de qualquer PC ou navegador de dispositivo móvel.",,"None",,"All",,"Skypecast Scheduling and Data Services",,""
"For help joining this meeting,",,"Caso necessite de ajuda para ingressar nesta reunião,",,"None",,"All",,"Skypecast Scheduling and Data Services",,""
"Join the meeting",,"Participar da reunião",,"None",,"All",,"Skypecast Scheduling and Data Services",,""
"To learn more about Skype Meeting Broadcast for your next event,",,"Para saber mais sobre a Transmissão de Reunião do Skype para seu próximo evento,",,"None",,"All",,"Skypecast Scheduling and Data Services",,""
"Note:",,"Anotação:",,"None",,"All",,"Skypecast Scheduling and Data Services",,""
"This is a private meeting, please do not forward this invitation. This link should not be shared with others.",,"Como esta reunião é particular, não encaminhe este convite. Este link não deve ser compartilhado com outras pessoas.",,"None",,"All",,"Skypecast Scheduling and Data Services",,""
"You are invited to join:",,"Você foi convidado a participar:",,"None",,"All",,"Skypecast Scheduling and Data Services",,""
"Event Type",,"Tipo de evento",,"None",,"All",,"Skypecast Scheduling and Data Services",,""
"Full Name",,"Nome Completo",,"None",,"All",,"Skypecast Scheduling and Data Services",,""
"Language",,"Idioma",,"None",,"All",,"Skypecast Scheduling and Data Services",,""
"Participant Id",,"ID do participante",,"None",,"All",,"Skypecast Scheduling and Data Services",,""
"Session Id",,"ID da sessão",,"None",,"All",,"Skypecast Scheduling and Data Services",,""
"Url Parameters",,"Parâmetros da URL",,"None",,"All",,"Skypecast Scheduling and Data Services",,""
"UserAgent Full",,"Agente do usuário completo",,"None",,"All",,"Skypecast Scheduling and Data Services",,""
"UserAgent Short",,"Agente do usuário abreviado",,"None",,"All",,"Skypecast Scheduling and Data Services",,""
"Utc Event Timestamp",,"Carimbo de data/hora do evento (UTC)",,"None",,"All",,"Skypecast Scheduling and Data Services",,""
