﻿PERMISSION NOTICE

The Microsoft “Terms of Use” (available at the www.microsoft.com website) govern all glossary terms in this document (“Glossary Terms”).  The following supplemental terms and conditions also apply.  If there is any conflict between the Terms of Use and the following terms and conditions, the following terms and conditions will take
Precedence over the Terms of Use.
         
1. No part of the Glossary Terms may be reproduced, adapted, distributed, or transmitted in any form or by any means, electronic, mechanical, or otherwise, including photocopying and entry into an information storage and/or retrieval system, for any purpose without the prior express consent of Microsoft Corporation. 

2. You may use the Glossary Terms in the development of any application software and you may also use the Glossary Terms for personal or non-commercial purposes only without the prior written consent of Microsoft Corporation, and only if all copies contain this Permission Notice and the Microsoft copyright notice in the Terms of Use.         
                                                                                                                                
3. You are not permitted to make any modifications, deletions or additions to the Glossary Terms.
 
4. Except as expressly set forth above, Microsoft’s publication of the Glossary Terms does not grant any rights to use, distribute, or implement any technology or intellectual property rights. All rights not expressly granted herein are expressly reserved by Microsoft.
"Source Term",,"Translation",,"String Category",,"Platform",,"Product",,"Version"
"Social Insights for Dynamics 365.",,"Insights Sociais para Dynamics 365",,"Text",,"All",,"Dynamics - CRM - Social Engagement",,""
"Dynamics 365",,"Dynamics 365",,"Text",,"All",,"Dynamics - CRM - Social Engagement",,""
"Social Insights",,"Insights Sociais",,"Text",,"All",,"Dynamics - CRM - Social Engagement",,""
"Shows the dialog for configuring Social Insights in Dynamics 365",,"Mostra a caixa de diálogo de configuração dos Insights sociais no Dynamics 365",,"Text",,"All",,"Dynamics - CRM - Social Engagement",,""
"Social Insights Configuration",,"Configuração dos Insights Sociais",,"Text",,"All",,"Dynamics - CRM - Social Engagement",,""
"Apply",,"Aplicar",,"Text",,"All",,"Dynamics - CRM - Social Engagement",,""
"Configure Social Insights",,"Configurar Insights Sociais",,"Text",,"All",,"Dynamics - CRM - Social Engagement",,""
"Cancel",,"Cancelar",,"Text",,"All",,"Dynamics - CRM - Social Engagement",,""
"Unable to connect to Social Engagement. Try again or if the problem persists, contact your system administrator.",,"Não foi possível conectar ao Social Engagement. Tente novamente, ou então, se o problema persistir, contate o administrador do sistema.",,"Text",,"All",,"Dynamics - CRM - Social Engagement",,""
"Social Insights isn't configured. Select the Edit option from the menu above.",,"Os Insights Sociais não estão configurados. Selecione a opção Editar no menu acima.",,"Text",,"All",,"Dynamics - CRM - Social Engagement",,""
"Create new topic on Microsoft Social Engagement",,"Criar novo tópico no Microsoft Social Engagement",,"Text",,"All",,"Dynamics - CRM - Social Engagement",,""
"Create new topic",,"Criar novo tópico",,"Text",,"All",,"Dynamics - CRM - Social Engagement",,""
"on Microsoft Social Engagement",,"no Microsoft Social Engagement",,"Text",,"All",,"Dynamics - CRM - Social Engagement",,""
"Edit",,"Editar",,"Text",,"All",,"Dynamics - CRM - Social Engagement",,""
"Something went wrong. Try again or if the problem persists, contact your system administrator.",,"Algo deu errado. Tente novamente, ou então, se o problema persistir, contate o administrador do sistema.",,"Text",,"All",,"Dynamics - CRM - Social Engagement",,""
"Social Insights is not supported for this version of Dynamics 365.",,"Não há suporte para essa versão dos Insights Sociais do Dynamics 365.",,"Text",,"All",,"Dynamics - CRM - Social Engagement",,""
"Configure Social Engagement in your Dynamics 365 settings or contact your system administrator.",,"Configure o Social Engagement nas configurações do seu Dynamics 365 ou contate o administrador do sistema.",,"Text",,"All",,"Dynamics - CRM - Social Engagement",,""
"Remove data",,"Remover dados",,"Text",,"All",,"Dynamics - CRM - Social Engagement",,""
"You must be connected to the internet to see this data.",,"Você precisa estar conectado à Internet para visualizar esses dados.",,"Text",,"All",,"Dynamics - CRM - Social Engagement",,""
"All Categories",,"Todas as Categorias",,"Text",,"All",,"Dynamics - CRM - Social Engagement",,""
"Choose topic or category",,"Escolher tópico ou categoria",,"Text",,"All",,"Dynamics - CRM - Social Engagement",,""
"Add",,"Adicionar",,"Text",,"All",,"Dynamics - CRM - Social Engagement",,""
"Delete",,"Excluir",,"Text",,"All",,"Dynamics - CRM - Social Engagement",,""
"No widgets added yet",,"Ainda não há widgets adicionados",,"Text",,"All",,"Dynamics - CRM - Social Engagement",,""
"No widgets left",,"Não há widgets",,"Text",,"All",,"Dynamics - CRM - Social Engagement",,""
"Visualization",,"Visualização",,"Text",,"All",,"Dynamics - CRM - Social Engagement",,""
