﻿PERMISSION NOTICE

The Microsoft “Terms of Use” (available at the www.microsoft.com website) govern all glossary terms in this document (“Glossary Terms”).  The following supplemental terms and conditions also apply.  If there is any conflict between the Terms of Use and the following terms and conditions, the following terms and conditions will take
Precedence over the Terms of Use.
         
1. No part of the Glossary Terms may be reproduced, adapted, distributed, or transmitted in any form or by any means, electronic, mechanical, or otherwise, including photocopying and entry into an information storage and/or retrieval system, for any purpose without the prior express consent of Microsoft Corporation. 

2. You may use the Glossary Terms in the development of any application software and you may also use the Glossary Terms for personal or non-commercial purposes only without the prior written consent of Microsoft Corporation, and only if all copies contain this Permission Notice and the Microsoft copyright notice in the Terms of Use.         
                                                                                                                                
3. You are not permitted to make any modifications, deletions or additions to the Glossary Terms.
 
4. Except as expressly set forth above, Microsoft’s publication of the Glossary Terms does not grant any rights to use, distribute, or implement any technology or intellectual property rights. All rights not expressly granted herein are expressly reserved by Microsoft.
"Source Term",,"Translation",,"String Category",,"Platform",,"Product",,"Version"
"Oops page showing due to debug flag",,"Página mostrada devido a sinalizador de depuração",,"Text",,"All",,"Skype Spaces for MAC 2016",,""
"D'oh! Something went wrong...",,"Houve algum problema...",,"Text",,"All",,"Skype Spaces for MAC 2016",,""
"Your app has been successfully updated to version {0} on {1}.",,"O aplicativo foi atualizado com êxito para a versão {0} em {1}.",,"Text",,"All",,"Skype Spaces for MAC 2016",,""
"App Updated",,"Aplicativo Atualizado",,"Text",,"All",,"Skype Spaces for MAC 2016",,""
"Could not connect to Account Provider. Please check your connection and try again.",,"Não foi possível conectar ao Provedor da Conta. Verifique a conexão e tente novamente.",,"Text",,"All",,"Skype Spaces for MAC 2016",,""
"Unexpected user credentials. Please try to log in again.",,"Credenciais de usuário inesperadas. Tente fazer logon novamente.",,"Text",,"All",,"Skype Spaces for MAC 2016",,""
"The token received is not valid. Please try again later.",,"O token recebido não é válido. Tente novamente mais tarde.",,"Text",,"All",,"Skype Spaces for MAC 2016",,""
"Authentication could not be completed due to an app state issue. Please try again.",,"Não foi possível concluir a autenticação devido a um problema no estado do aplicativo. Tente novamente.",,"Text",,"All",,"Skype Spaces for MAC 2016",,""
"Authentication Error",,"Erro de Autenticação",,"Text",,"All",,"Skype Spaces for MAC 2016",,""
"Received an expired authentication token. Please try to log in again.",,"Foi recebido um token de autenticação expirado. Tente fazer logon novamente.",,"Text",,"All",,"Skype Spaces for MAC 2016",,""
"Intended authentication failure due to user setting.",,"Falha na autenticação pretendida devido à configuração do usuário.",,"Text",,"All",,"Skype Spaces for MAC 2016",,""
"App is missing important authentication settings. Please make sure to use the latest version.",,"O aplicativo não tem configurações de autenticação importantes. Use a última versão.",,"Text",,"All",,"Skype Spaces for MAC 2016",,""
"The Account Provider encountered an error while authenticating.",,"O Provedor de Conta encontrou um erro durante a autenticação.",,"Text",,"All",,"Skype Spaces for MAC 2016",,""
"Your connection is not reliable enough to authenticate. Please check your connection including any VPNs and try again.",,"A conexão não é suficientemente confiável para autenticação. Verifique a conexão, inclusive VPNs, e tente novamente.",,"Text",,"All",,"Skype Spaces for MAC 2016",,""
"Requested a silent authentication token, but prompt is required. Please try to log in again.",,"Foi solicitado um token de autenticação silenciosa, mas o prompt é obrigatório. Tente fazer logon novamente.",,"Text",,"All",,"Skype Spaces for MAC 2016",,""
"Authentication could not be completed due to an issue while the app was resuming. Please try again.",,"Não foi possível concluir a autenticação devido a um problema ao retomar o aplicativo. Tente novamente.",,"Text",,"All",,"Skype Spaces for MAC 2016",,""
"Authentication request was canceled. Please try to log in again.",,"A solicitação de autenticação foi cancelada. Tente fazer logon novamente.",,"Text",,"All",,"Skype Spaces for MAC 2016",,""
"Web Account Manager failed to authenticate.",,"Falha ao autenticar o Gerenciador de Contas da Web.",,"Text",,"All",,"Skype Spaces for MAC 2016",,""
"Authentication was blocked by Windows Information Protection policy. For more information, contact your system administrator.",,"A autenticação foi bloqueada pela política da Proteção de Informações do Windows. Para obter mais informações, contate o administrador do sistema.",,"Text",,"All",,"Skype Spaces for MAC 2016",,""
"Background activity is required to receive notifications about calls and IMs. Rejecting this request will result in notifications being displayed only when the call is active (focused).",,"É necessária atividade em segundo plano para receber notificações de chamadas e mensagens instantâneas. Se você rejeitar esta solicitação, as notificações só serão exibidas quando a chamada estiver ativa (focalizada).",,"Text",,"All",,"Skype Spaces for MAC 2016",,""
"Background activity is required to receive notifications about calls and IMs. Rejecting this request will result in notifications not being displayed when the device is low on battery.",,"É necessária atividade em segundo plano para receber notificações de chamadas e mensagens instantâneas. Se você rejeitar esta solicitação, as notificações não serão exibidas quando o dispositivo estiver com bateria fraca.",,"Text",,"All",,"Skype Spaces for MAC 2016",,""
"For the best experience, please allow Microsoft Teams to run as a background app. Click here to toggle this setting on.",,"Para obter a melhor experiência, permita que o Microsoft Teams seja executado como aplicativo em segundo plano. Clique aqui para ativar essa configuração.",,"Text",,"All",,"Skype Spaces for MAC 2016",,""
"We need your help.",,"Precisamos de sua ajuda.",,"Text",,"All",,"Skype Spaces for MAC 2016",,""
"We're running into some issues running in the background. Click here to restart the app.",,"Há problemas na execução em segundo plano. Clique aqui para reiniciar o aplicativo.",,"Text",,"All",,"Skype Spaces for MAC 2016",,""
"We ran into a problem.",,"Problema.",,"Text",,"All",,"Skype Spaces for MAC 2016",,""
"Microsoft Teams for Surface Hub for Dev",,"Microsoft Teams para Surface Hub para Desenvolvimento",,"Text",,"All",,"Skype Spaces for MAC 2016",,""
"Microsoft Teams for Surface Hub V2 for Dev",,"Microsoft Teams para Surface Hub V2 para Desenvolvimento",,"Text",,"All",,"Skype Spaces for MAC 2016",,""
"Microsoft Teams for Surface Hub (Dev)",,"Microsoft Teams para Surface Hub (Desenvolvimento)",,"Text",,"All",,"Skype Spaces for MAC 2016",,""
"Microsoft Teams for Surface Hub V2 (Dev)",,"Microsoft Teams para Surface Hub V2 (Desenvolvimento)",,"Text",,"All",,"Skype Spaces for MAC 2016",,""
"Microsoft Teams for Devspaces",,"Microsoft Teams para Devspaces",,"Text",,"All",,"Skype Spaces for MAC 2016",,""
"Microsoft Teams (Devspaces)",,"Microsoft Teams (Devspaces)",,"Text",,"All",,"Skype Spaces for MAC 2016",,""
"Microsoft Teams for Windows 10 S (Alpha)",,"Microsoft Teams para Windows 10 S (Alfa)",,"Text",,"All",,"Skype Spaces for MAC 2016",,""
"Microsoft Teams for Surface Hub (Dogfood)",,"Microsoft Teams para Surface Hub (Versão Interna)",,"Text",,"All",,"Skype Spaces for MAC 2016",,""
"Microsoft Teams for Surface Hub V2 (Dogfood)",,"Microsoft Teams para Surface Hub V2 (Versão Interna)",,"Text",,"All",,"Skype Spaces for MAC 2016",,""
"Microsoft Teams for Internal",,"Microsoft Teams Interno",,"Text",,"All",,"Skype Spaces for MAC 2016",,""
"Microsoft Teams (Internal)",,"Microsoft Teams (Interno)",,"Text",,"All",,"Skype Spaces for MAC 2016",,""
"Preview Build for Microsoft Teams",,"Versão Prévia do Microsoft Teams",,"Text",,"All",,"Skype Spaces for MAC 2016",,""
"Microsoft Teams (Preview)",,"Microsoft Teams (Versão prévia)",,"Text",,"All",,"Skype Spaces for MAC 2016",,""
"Production Build for Microsoft Teams",,"Build de Produção para Microsoft Teams",,"Text",,"All",,"Skype Spaces for MAC 2016",,""
"Production Build for Microsoft Teams for Surface Hub",,"Build de Produção para Microsoft Teams para Surface Hub",,"Text",,"All",,"Skype Spaces for MAC 2016",,""
"Microsoft Teams",,"Microsoft Teams",,"Text",,"All",,"Skype Spaces for MAC 2016",,""
"Microsoft Teams for Surface Hub",,"Microsoft Teams para Surface Hub",,"Text",,"All",,"Skype Spaces for MAC 2016",,""
"Production Build for Microsoft Teams for Surface Hub 2",,"Build de Produção para Microsoft Teams para Surface Hub 2",,"Text",,"All",,"Skype Spaces for MAC 2016",,""
"Microsoft Teams for Surface Hub 2",,"Microsoft Teams para Surface Hub 2",,"Text",,"All",,"Skype Spaces for MAC 2016",,""
"Production Build for Microsoft Teams",,"Build de Produção para o Microsoft Teams",,"Text",,"All",,"Skype Spaces for MAC 2016",,""
"Microsoft Teams for Windows 10 S (Preview)",,"Microsoft Teams para Windows 10 S (Versão Prévia)",,"Text",,"All",,"Skype Spaces for MAC 2016",,""
"Microsoft Teams for TAP",,"Microsoft Teams para TAP",,"Text",,"All",,"Skype Spaces for MAC 2016",,""
"Microsoft Teams for Surface Hub for TAP",,"Microsoft Teams para Surface Hub para TAP",,"Text",,"All",,"Skype Spaces for MAC 2016",,""
"Microsoft Teams (TAP)",,"Microsoft Teams (TAP)",,"Text",,"All",,"Skype Spaces for MAC 2016",,""
"Microsoft Teams for Surface Hub (TAP)",,"Microsoft Teams for Surface Hub (TAP)",,"Text",,"All",,"Skype Spaces for MAC 2016",,""
"Device credentials could not be retrieved.",,"Não foi possível recuperar as credenciais do dispositivo.",,"Text",,"All",,"Skype Spaces for MAC 2016",,""
"You might be running into performance issues. Click here to restart the app.",,"Talvez haja problemas de desempenho. Clique aqui para reiniciar o aplicativo.",,"Text",,"All",,"Skype Spaces for MAC 2016",,""
"We ran into a problem.",,"Houve um problema.",,"Text",,"All",,"Skype Spaces for MAC 2016",,""
"Initialization Error",,"Erro de Inicialização",,"Text",,"All",,"Skype Spaces for MAC 2016",,""
"We were unable to deliver your message. Please open the app and try again.",,"Não foi possível entregar a mensagem. Abra o aplicativo e tente novamente.",,"Text",,"All",,"Skype Spaces for MAC 2016",,""
"Message delivery failed",,"Falha na entrega da mensagem",,"Text",,"All",,"Skype Spaces for MAC 2016",,""
"Available",,"Disponível",,"Text",,"All",,"Skype Spaces for MAC 2016",,""
"Away",,"Ausente",,"Text",,"All",,"Skype Spaces for MAC 2016",,""
"Be right back",,"Volto logo",,"Text",,"All",,"Skype Spaces for MAC 2016",,""
"Busy",,"Ocupado",,"Text",,"All",,"Skype Spaces for MAC 2016",,""
"Do not disturb",,"Não incomodar",,"Text",,"All",,"Skype Spaces for MAC 2016",,""
"In a call",,"Ao telefone",,"Text",,"All",,"Skype Spaces for MAC 2016",,""
"Log out from the app",,"Fazer logoff do aplicativo",,"Text",,"All",,"Skype Spaces for MAC 2016",,""
"Log out",,"Fazer logoff",,"Text",,"All",,"Skype Spaces for MAC 2016",,""
"Start a new chat",,"Iniciar um novo chat",,"Text",,"All",,"Skype Spaces for MAC 2016",,""
"New chat",,"Novo chat",,"Text",,"All",,"Skype Spaces for MAC 2016",,""
"Presenting",,"Apresentando",,"Text",,"All",,"Skype Spaces for MAC 2016",,""
"Quit the app",,"Encerrar o aplicativo",,"Text",,"All",,"Skype Spaces for MAC 2016",,""
"Quit",,"Encerrar",,"Text",,"All",,"Skype Spaces for MAC 2016",,""
"Open your settings",,"Abrir as configurações",,"Text",,"All",,"Skype Spaces for MAC 2016",,""
"Settings",,"Configurações",,"Text",,"All",,"Skype Spaces for MAC 2016",,""
"Update your status",,"Atualizar seu próprio status",,"Text",,"All",,"Skype Spaces for MAC 2016",,""
"Status",,"Status",,"Text",,"All",,"Skype Spaces for MAC 2016",,""
"The app is not currently accessible for you. In the meantime, download a different version of Teams or use the web app.",,"O aplicativo não está acessível no momento. Enquanto isso, baixe outra versão do Teams ou use o aplicativo Web.",,"Text",,"All",,"Skype Spaces for MAC 2016",,""
"Looks like you don't have access to this version of Teams yet. Check back soon!",,"Parece que você ainda não tem acesso a esta versão do Microsoft Teams. Confira novamente em breve!",,"Text",,"All",,"Skype Spaces for MAC 2016",,""
""In the meantime, <a href=""#"" id=""webLink"" target=""https://teams.microsoft.com/"">use the web app</a>"",,""Enquanto isso, <a href=""#"" id=""webLink"" target=""https://teams.microsoft.com/"">use o aplicativo Web</a>"",,"Text",,"All",,"Skype Spaces for MAC 2016",,""
"The app is not currently accessible for your version of Windows. In the meantime, download a different version of Teams or use the web app.",,"O aplicativo não está acessível no momento para sua versão do Windows. Enquanto isso, baixe outra versão do Teams ou use o aplicativo Web.",,"Text",,"All",,"Skype Spaces for MAC 2016",,""
"This version of Teams is optimized only for Windows 10 running on S mode. <br/><br/> Looks like you are not on S mode. For the best experience, download the latest version of our Teams desktop app below",,"Esta versão do Teams é otimizada apenas para o Windows 10 em execução no modo S. <br/><br/> Parece que você não está no modo S. Para obter a melhor experiência, baixe a última versão do aplicativo para desktop do Teams abaixo",,"Text",,"All",,"Skype Spaces for MAC 2016",,""
"App won't work offline, if appcache is not downloaded.",,"O aplicativo não funcionará offline se o appcache não for baixado.",,"Text",,"All",,"Skype Spaces for MAC 2016",,""
"Failed to download appcache.",,"Falha ao baixar o appcache.",,"Text",,"All",,"Skype Spaces for MAC 2016",,""
"Please redirect to the link given below for navigation error details.",,"Acesse o link fornecido abaixo para ver detalhes do erro de navegação.",,"Text",,"All",,"Skype Spaces for MAC 2016",,""
"Navigation error occured.",,"Erro de navegação.",,"Text",,"All",,"Skype Spaces for MAC 2016",,""
"Please check your connection.",,"Verifique a conexão.",,"Text",,"All",,"Skype Spaces for MAC 2016",,""
"Oh no ... we can’t connect to the internet.",,"Não é possível conectar à Internet.",,"Text",,"All",,"Skype Spaces for MAC 2016",,""
"It looks like we can’t display your content right now.",,"Parece que não é possível exibir o conteúdo agora.",,"Text",,"All",,"Skype Spaces for MAC 2016",,""
"Navigation failed with HTTP status code: {0}.",,"Falha na navegação com código de status HTTP: {0}.",,"Text",,"All",,"Skype Spaces for MAC 2016",,""
"Launch URI is undefined or is incorrectly formatted.",,"O URI de inicialização está definido ou formatado incorretamente.",,"Text",,"All",,"Skype Spaces for MAC 2016",,""
"You might not be receiving notifications. We recommend restarting your machine when possible.",,"Talvez você não receba notificações. É recomendável reiniciar o computador quando possível.",,"Text",,"All",,"Skype Spaces for MAC 2016",,""
"You might not be receiving notifications. Click here to restart the app.",,"Talvez você não receba notificações. Clique aqui para reiniciar o aplicativo.",,"Text",,"All",,"Skype Spaces for MAC 2016",,""
"Accept",,"Aceitar",,"Text",,"All",,"Skype Spaces for MAC 2016",,""
"Answer",,"Atender",,"Text",,"All",,"Skype Spaces for MAC 2016",,""
"Background",,"Em segundo plano",,"Text",,"All",,"Skype Spaces for MAC 2016",,""
"Cancel",,"Cancelar",,"Text",,"All",,"Skype Spaces for MAC 2016",,""
"Decline",,"Recusar",,"Text",,"All",,"Skype Spaces for MAC 2016",,""
"Foreground",,"Em primeiro plano",,"Text",,"All",,"Skype Spaces for MAC 2016",,""
"Ignore",,"Ignorar",,"Text",,"All",,"Skype Spaces for MAC 2016",,""
"Pause",,"Pausar",,"Text",,"All",,"Skype Spaces for MAC 2016",,""
"Protocol",,"Protocolo",,"Text",,"All",,"Skype Spaces for MAC 2016",,""
"Reply",,"Responder",,"Text",,"All",,"Skype Spaces for MAC 2016",,""
"Send",,"Enviar",,"Text",,"All",,"Skype Spaces for MAC 2016",,""
"Tentative",,"Provisório",,"Text",,"All",,"Skype Spaces for MAC 2016",,""
"Video",,"Vídeo",,"Text",,"All",,"Skype Spaces for MAC 2016",,""
"is calling you from a group chat",,"está ligando para você de um chat em grupo",,"Text",,"All",,"Skype Spaces for MAC 2016",,""
"wants you to join a meeting",,"quer que você ingresse em uma reunião",,"Text",,"All",,"Skype Spaces for MAC 2016",,""
"is calling you",,"está ligando para você",,"Text",,"All",,"Skype Spaces for MAC 2016",,""
"{0} liked your message",,"{0} curtiu sua mensagem",,"Text",,"All",,"Skype Spaces for MAC 2016",,""
"{0} mentioned you",,"{0} mencionou você",,"Text",,"All",,"Skype Spaces for MAC 2016",,""
"New notification from Microsoft Teams!",,"Nova notificação do Microsoft Teams!",,"Text",,"All",,"Skype Spaces for MAC 2016",,""
"New notification from {0}",,"Nova notificação de {0}",,"Text",,"All",,"Skype Spaces for MAC 2016",,""
"{0} posted a new conversation",,"{0} postou uma nova conversa",,"Text",,"All",,"Skype Spaces for MAC 2016",,""
"{0} replied to a conversation you follow",,"{0} respondeu a uma conversa que você segue",,"Text",,"All",,"Skype Spaces for MAC 2016",,""
"{0} replied to a conversation you're in",,"{0} respondeu a uma conversa da qual você está participando",,"Text",,"All",,"Skype Spaces for MAC 2016",,""
"{0} replied to your conversation",,"{0} respondeu à sua conversa",,"Text",,"All",,"Skype Spaces for MAC 2016",,""
"You have been added to a team in Microsoft Teams",,"Você foi adicionado a uma equipe no Microsoft Teams",,"Text",,"All",,"Skype Spaces for MAC 2016",,""
"{0} promoted you to Owner of a team",,"{0} promoveu você a Proprietário de uma equipe",,"Text",,"All",,"Skype Spaces for MAC 2016",,""
"Unknown user",,"Usuário desconhecido",,"Text",,"All",,"Skype Spaces for MAC 2016",,""
"Continue",,"Continuar",,"Text",,"All",,"Skype Spaces for MAC 2016",,""
"Retry",,"Tentar novamente",,"Text",,"All",,"Skype Spaces for MAC 2016",,""
"Download",,"Baixar",,"Text",,"All",,"Skype Spaces for MAC 2016",,""
"Quit this app",,"Encerrar este aplicativo",,"Text",,"All",,"Skype Spaces for MAC 2016",,""
"Sign out",,"Sair",,"Text",,"All",,"Skype Spaces for MAC 2016",,""
"Error Code: ",,"Código de Erro:",,"Text",,"All",,"Skype Spaces for MAC 2016",,""
"Failed to connect! It seems the app is offline.",,"Falha na conexão! Parece que o aplicativo está offline.",,"Text",,"All",,"Skype Spaces for MAC 2016",,""
"signing out",,"saindo",,"Text",,"All",,"Skype Spaces for MAC 2016",,""
"You can try {0} and signing back in.",,"Você pode tentar {0} e entrar novamente.",,"Text",,"All",,"Skype Spaces for MAC 2016",,""
"Provider Error Code: ",,"Código de Erro do Provedor: ",,"Text",,"All",,"Skype Spaces for MAC 2016",,""
"Sample Error 0",,"Exemplo de Erro 0",,"Text",,"All",,"Skype Spaces for MAC 2016",,""
"Oh no ... there was a problem accessing some settings. Please try again.",,"Problema ao acessar algumas configurações. Tente novamente.",,"Text",,"All",,"Skype Spaces for MAC 2016",,""
"Failed to access OS settings",,"Falha ao acessar configurações do sistema operacional",,"Text",,"All",,"Skype Spaces for MAC 2016",,""
"Oh no ... we can't connect to the internet. Check your connection.",,"Não é possível conectar à Internet. Verifique a conexão.",,"Text",,"All",,"Skype Spaces for MAC 2016",,""
"Failed to connect to settings endpoint",,"Falha ao conectar a ponto de extremidade de configurações",,"Text",,"All",,"Skype Spaces for MAC 2016",,""
"Teams Launch",,"Inicialização do Microsoft Teams",,"Text",,"All",,"Skype Spaces for MAC 2016",,""
"Get logs",,"Obter logs",,"Text",,"All",,"Skype Spaces for MAC 2016",,""
"Open",,"Abrir",,"Text",,"All",,"Skype Spaces for MAC 2016",,""
"View in Store",,"Exibir na Microsoft Store",,"Text",,"All",,"Skype Spaces for MAC 2016",,""
"Teams",,"Teams",,"Text",,"All",,"Skype Spaces for MAC 2016",,""
"Teams for Windows 10 and Teams Classic for Win32 may interfere with each other.",,"O Microsoft Teams para Windows 10 e o Microsoft Teams Clássico para Win32 podem interferir entre si.",,"Text",,"All",,"Skype Spaces for MAC 2016",,""
"Oops! Looks like you're already using the existing Teams desktop app. You'll get duplicate calls and notifications. For a better Teams experience, close one of the apps.",,"Houve algum problema. Parece que você está usando o aplicativo da área de trabalho do Microsoft Teams existente. Você receberá chamadas e notificações duplicadas. Para obter a melhor experiência com o Microsoft Teams, feche um dos aplicativos.",,"Text",,"All",,"Skype Spaces for MAC 2016",,""
"The app took too long to load.",,"O aplicativo demorou muito a ser carregado.",,"Text",,"All",,"Skype Spaces for MAC 2016",,""
"Don't quit",,"Não encerrar",,"Text",,"All",,"Skype Spaces for MAC 2016",,""
"You'll need to restart the app to get calls and messages.",,"Você precisará reiniciar o aplicativo para receber chamadas e mensagens.",,"Text",,"All",,"Skype Spaces for MAC 2016",,""
"Minimize",,"Minimizar",,"Text",,"All",,"Skype Spaces for MAC 2016",,""
"Yes, quit",,"Sim, encerrar",,"Text",,"All",,"Skype Spaces for MAC 2016",,""
"Are you sure you want to quit Teams?",,"Tem certeza de que deseja encerrar o Microsoft Teams?",,"Text",,"All",,"Skype Spaces for MAC 2016",,""
