﻿PERMISSION NOTICE

The Microsoft “Terms of Use” (available at the www.microsoft.com website) govern all glossary terms in this document (“Glossary Terms”).  The following supplemental terms and conditions also apply.  If there is any conflict between the Terms of Use and the following terms and conditions, the following terms and conditions will take
Precedence over the Terms of Use.
         
1. No part of the Glossary Terms may be reproduced, adapted, distributed, or transmitted in any form or by any means, electronic, mechanical, or otherwise, including photocopying and entry into an information storage and/or retrieval system, for any purpose without the prior express consent of Microsoft Corporation. 

2. You may use the Glossary Terms in the development of any application software and you may also use the Glossary Terms for personal or non-commercial purposes only without the prior written consent of Microsoft Corporation, and only if all copies contain this Permission Notice and the Microsoft copyright notice in the Terms of Use.         
                                                                                                                                
3. You are not permitted to make any modifications, deletions or additions to the Glossary Terms.
 
4. Except as expressly set forth above, Microsoft’s publication of the Glossary Terms does not grant any rights to use, distribute, or implement any technology or intellectual property rights. All rights not expressly granted herein are expressly reserved by Microsoft.
"Source Term",,"Translation",,"String Category",,"Platform",,"Product",,"Version"
"© 2017 Skype and/or Microsoft",,"© 2017 Skype e/ou Microsoft",,"None",,"All",,"Skype - Linux",,""
"This program is protected by copyright law and international treaties. Unauthorized reproduction or distribution of this program, or any portions of it, may result in severe civil and criminal penalties, and will be prosecuted to the maximum extent possible under the law.",,"Este programa é protegido por leis de direitos autorais e tratados internacionais. A reprodução ou a distribuição não autorizadas deste programa, ou de qualquer parte do mesmo, podem resultar em penalidades civis e criminais severas, e serão processadas até a extensão máxima permitida por lei.",,"None",,"All",,"Skype - Linux",,""
"for Linux Beta",,"para o Linux Beta",,"None",,"All",,"Skype - Linux",,""
"Patents Pending. The Skype name, associated trade marks and logos, and the “S” logo are trade marks of Skype.",,""Patentes Pendentes. O nome Skype, as marcas comerciais e os logotipos associados e o logotipo ""S"" são marcas comerciais da Skype."",,"None",,"All",,"Skype - Linux",,""
"Version: {version}",,"Versão: {version}",,"None",,"All",,"Skype - Linux",,""
"Skype for Linux Beta",,"Skype para Linux Beta",,"None",,"All",,"Skype - Linux",,""
"Sorry, this version of Skype is not supported anymore.",,"Esta versão do Skype não tem mais suporte.",,"None",,"All",,"Skype - Linux",,""
"Go to Community Forum",,"Ir para o Fórum da Comunidade",,"None",,"All",,"Skype - Linux",,""
"Reports will no longer be collected until you re-enable them. Are you sure you want to disable diagnostic and error reports? You can find all logs in folder {logsPath}",,"Os relatórios não serão mais coletados até que você os habilite novamente. Quer mesmo desabilitar os relatórios de erros e diagnóstico? Todos os logs estarão na pasta {logsPath}",,"None",,"All",,"Skype - Linux",,""
"No",,"Não",,"None",,"All",,"Skype - Linux",,""
"Diagnostic and error reports",,"Relatórios de erros e diagnóstico",,"None",,"All",,"Skype - Linux",,""
"Yes",,"Sim",,"None",,"All",,"Skype - Linux",,""
"Troubleshoot issues you have with Skype by sending diagnostic and error reports to Microsoft. These reports are used to diagnose problems but may contain personal information such as your name and profile details. It is recommended that you turn off these reports after you’ve finished troubleshooting your issue as reports are continuously collected in the background. You can find all logs in folder {logsPath}",,"Envie relatórios de erros e diagnóstico à Microsoft para solucionar problemas do Skype. Os relatórios são usados para diagnosticar problemas, mas podem conter informações pessoais, como seu nome e detalhes do perfil. É recomendável desativar os relatórios após solucionar o problema, pois os relatórios são coletados continuamente em segundo plano. Você pode localizar todos os logs na pasta {logsPath}",,"None",,"All",,"Skype - Linux",,""
"To apply the language settings, the application has to be restarted",,"Para aplicar as configurações de idioma, o aplicativo precisa ser reiniciado",,"None",,"All",,"Skype - Linux",,""
"I will restart it later",,"Vou reiniciá-lo mais tarde",,"None",,"All",,"Skype - Linux",,""
"Restart now",,"Reiniciar agora",,"None",,"All",,"Skype - Linux",,""
"Restart needed to change the language",,"Reinicialização necessária para alterar o idioma",,"None",,"All",,"Skype - Linux",,""
"Close",,"Fechar",,"None",,"All",,"Skype - Linux",,""
"Error details:",,"Detalhes do erro: ",,"None",,"All",,"Skype - Linux",,""
"Oops, there was an error while exporting your chat history",,"Erro ao exportar o histórico de chats",,"None",,"All",,"Skype - Linux",,""
"Exported chat history is located here:",,"O histórico de chats exportado está aqui:",,"None",,"All",,"Skype - Linux",,""
"Done!",,"Concluído!",,"None",,"All",,"Skype - Linux",,""
"Next",,"Avançar",,"None",,"All",,"Skype - Linux",,""
"We didn't find any previous Skype installation to export chat history from.",,"Não encontramos instalações anteriores do Skype das quais exportar o histórico de chats.",,"None",,"All",,"Skype - Linux",,""
"Open in browser",,"Abrir no navegador",,"None",,"All",,"Skype - Linux",,""
""Select the profile for which you want to export the history and click the ""Next"" button."",,""Selecione o perfil cujo histórico você deseja exportar e clique no botão ""Avançar""."",,"None",,"All",,"Skype - Linux",,""
"Hey, we found the following profiles on your computer:",,"Encontramos os seguintes perfis no computador:",,"None",,"All",,"Skype - Linux",,""
"Export your chat history",,"Exportar o histórico de chats",,"None",,"All",,"Skype - Linux",,""
"Working on it!",,"Trabalhando nisso!",,"None",,"All",,"Skype - Linux",,""
""Select ""add to contacts"" and they'll get your request."",,""Selecione ""adicionar aos contatos"" e eles receberão sua solicitação."",,"None",,"All",,"Skype - Linux",,""
"Yay! Now check out your emoticons...",,"Agora, confira os emoticons...",,"None",,"All",,"Skype - Linux",,""
"When your request is accepted, send a message.",,"Quando a solicitação for aceita, envie uma mensagem.",,"None",,"All",,"Skype - Linux",,""
"Search by email or Skype Name.",,"Pesquisar por email ou Nome Skype.",,"None",,"All",,"Skype - Linux",,""
"Download this image...",,"Baixar esta imagem...",,"None",,"All",,"Skype - Linux",,""
"Image_from_Skype",,"Imagem_do_Skype",,"None",,"All",,"Skype - Linux",,""
"Loading...",,"Carregando...",,"None",,"All",,"Skype - Linux",,""
"About Skype",,"Sobre o Skype",,"None",,"All",,"Skype - Linux",,""
"Actual Size",,"Tamanho Real",,"None",,"All",,"Skype - Linux",,""
"Ask the Skype Community",,"Pergunte à Comunidade Skype",,"None",,"All",,"Skype - Linux",,""
"Away",,"Ausente",,"None",,"All",,"Skype - Linux",,""
"Bring All to Front",,"Trazer Tudo para a Frente",,"None",,"All",,"Skype - Linux",,""
"Check For Updates",,"Verificar se Há Atualizações",,"None",,"All",,"Skype - Linux",,""
"Close to Tray",,"Fechar a Bandeja",,"None",,"All",,"Skype - Linux",,""
"Copy",,"Copiar",,"None",,"All",,"Skype - Linux",,""
"Cut",,"Recortar",,"None",,"All",,"Skype - Linux",,""
"Debug",,"Depurar",,"None",,"All",,"Skype - Linux",,""
"Disable logging",,"Desabilitar logs",,"None",,"All",,"Skype - Linux",,""
"Do not disturb",,"Não incomodar",,"None",,"All",,"Skype - Linux",,""
"Edit",,"Editar",,"None",,"All",,"Skype - Linux",,""
"Enable logging",,"Habilitar logs",,"None",,"All",,"Skype - Linux",,""
"Export chat history from Skype 4.3",,"Exportar histórico de chats do Skype 4.3",,"None",,"All",,"Skype - Linux",,""
"File",,"Arquivo",,"None",,"All",,"Skype - Linux",,""
"Give Feedback",,"Enviar Comentários",,"None",,"All",,"Skype - Linux",,""
"Go to Support",,"Acessar o Suporte",,"None",,"All",,"Skype - Linux",,""
"Heartbeat (Skype Status)",,"Pulsação (Status do Skype)",,"None",,"All",,"Skype - Linux",,""
"Help",,"Ajuda",,"None",,"All",,"Skype - Linux",,""
"Hide Others",,"Ocultar Outros",,"None",,"All",,"Skype - Linux",,""
"Hide Skype",,"Ocultar o Skype",,"None",,"All",,"Skype - Linux",,""
"Invisible",,"Invisível",,"None",,"All",,"Skype - Linux",,""
"Change Language",,"Alterar Idioma",,"None",,"All",,"Skype - Linux",,""
"Launch at Login",,"Iniciar no Logon",,"None",,"All",,"Skype - Linux",,""
"Launch Minimized",,"Iniciar Minimizado",,"None",,"All",,"Skype - Linux",,""
"Learn about Skype",,"Saiba mais sobre o Skype",,"None",,"All",,"Skype - Linux",,""
"Legal Notices",,"Avisos Legais",,"None",,"All",,"Skype - Linux",,""
"Minimize",,"Minimizar",,"None",,"All",,"Skype - Linux",,""
"New Conversation",,"Nova Conversa",,"None",,"All",,"Skype - Linux",,""
"Online",,"Online",,"None",,"All",,"Skype - Linux",,""
"Online Status",,"Status Online",,"None",,"All",,"Skype - Linux",,""
"Paste",,"Colar",,"None",,"All",,"Skype - Linux",,""
"Preferences",,"Preferências",,"None",,"All",,"Skype - Linux",,""
"Privacy Policy",,"Política de Privacidade",,"None",,"All",,"Skype - Linux",,""
"Profile",,"Perfil",,"None",,"All",,"Skype - Linux",,""
"Quit",,"Encerrar",,"None",,"All",,"Skype - Linux",,""
"Quit Skype",,"Sair do Skype",,"None",,"All",,"Skype - Linux",,""
"Redo",,"Refazer",,"None",,"All",,"Skype - Linux",,""
"Reload",,"Recarregar",,"None",,"All",,"Skype - Linux",,""
"Select All",,"Selecionar Tudo",,"None",,"All",,"Skype - Linux",,""
"Services",,"Serviços",,"None",,"All",,"Skype - Linux",,""
"Settings",,"Configurações",,"None",,"All",,"Skype - Linux",,""
"Show All",,"Mostrar Tudo",,"None",,"All",,"Skype - Linux",,""
"Sign Out",,"Sair",,"None",,"All",,"Skype - Linux",,""
"Terms of Use",,"Termos de Uso",,"None",,"All",,"Skype - Linux",,""
"Toggle Developer Tools",,"Ativar/Desativar Ferramentas de Desenvolvedor",,"None",,"All",,"Skype - Linux",,""
"Toggle Full Screen",,"Ativar/Desativar Tela Inteira",,"None",,"All",,"Skype - Linux",,""
"Tools",,"Ferramentas",,"None",,"All",,"Skype - Linux",,""
"Undo",,"Desfazer",,"None",,"All",,"Skype - Linux",,""
"Use for Skype links",,"Usar para links do Skype",,"None",,"All",,"Skype - Linux",,""
"View",,"Exibir",,"None",,"All",,"Skype - Linux",,""
"Window",,"Janela",,"None",,"All",,"Skype - Linux",,""
"Zoom In",,"Ampliar",,"None",,"All",,"Skype - Linux",,""
"Zoom Out",,"Reduzir",,"None",,"All",,"Skype - Linux",,""
"Please check your internet connection and try again.",,"Verifique a conexão com a Internet e tente novamente.",,"None",,"All",,"Skype - Linux",,""
"Sorry, we couldn't connect to Skype.",,"Não foi possível conectar ao Skype.",,"None",,"All",,"Skype - Linux",,""
"Retry",,"Tentar novamente",,"None",,"All",,"Skype - Linux",,""
"Click here to exit the full screen mode now.",,"Clique aqui para sair do modo de tela inteira agora.",,"None",,"All",,"Skype - Linux",,""
"You have entered the full screen mode. You can leave it by pressing F11.",,"Você entrou no modo de tela inteira. Para sair, pressione F11.",,"None",,"All",,"Skype - Linux",,""
"Skype",,"Skype",,"None",,"All",,"Skype - Linux",,""
"Accept with video using Ctrl + Alt + Page Up",,"Aceitar com vídeo usando Ctrl + Alt + Page Up",,"None",,"All",,"Skype - Linux",,""
"Accept using Alt + Page Up",,"Aceitar usando Alt + Page Up",,"None",,"All",,"Skype - Linux",,""
"Incoming call",,"Chamada de entrada",,"None",,"All",,"Skype - Linux",,""
"Open Skype",,"Abrir o Skype",,"None",,"All",,"Skype - Linux",,""
