﻿PERMISSION NOTICE

The Microsoft “Terms of Use” (available at the www.microsoft.com website) govern all glossary terms in this document (“Glossary Terms”).  The following supplemental terms and conditions also apply.  If there is any conflict between the Terms of Use and the following terms and conditions, the following terms and conditions will take
Precedence over the Terms of Use.
         
1. No part of the Glossary Terms may be reproduced, adapted, distributed, or transmitted in any form or by any means, electronic, mechanical, or otherwise, including photocopying and entry into an information storage and/or retrieval system, for any purpose without the prior express consent of Microsoft Corporation. 

2. You may use the Glossary Terms in the development of any application software and you may also use the Glossary Terms for personal or non-commercial purposes only without the prior written consent of Microsoft Corporation, and only if all copies contain this Permission Notice and the Microsoft copyright notice in the Terms of Use.         
                                                                                                                                
3. You are not permitted to make any modifications, deletions or additions to the Glossary Terms.
 
4. Except as expressly set forth above, Microsoft’s publication of the Glossary Terms does not grant any rights to use, distribute, or implement any technology or intellectual property rights. All rights not expressly granted herein are expressly reserved by Microsoft.
"Source Term",,"Translation",,"String Category",,"Platform",,"Product",,"Version"
"This report shows client building and subnet pairs which experienced firewall issues while connecting to the server in last two months",,"Este relatório mostra os pares de edifício e sub-rede de cliente que tiveram problemas de firewall durante a conexão com o servidor nos últimos dois meses",,"Text",,"All",,"Online Device Pairing 2016",,""
"Filter: {DataFilterColumnName}",,"Filtro: {DataFilterColumnName}",,"Text",,"All",,"Online Device Pairing 2016",,""
"Microsoft Call Quality Dashboard",,"Painel de Qualidade de Chamadas da Microsoft",,"Text",,"All",,"Online Device Pairing 2016",,""
"It looks like your Office 365 or Skype for Business tenant was recently created. Please check back in 24 hours to activate the Call Quality Dashboard.",,"Parece que seu locatário do Office 365 ou do Skype for Business foi criado recentemente. Verifique novamente em 24 horas para ativar o Painel de Qualidade de Chamadas.",,"Text",,"All",,"Online Device Pairing 2016",,""
"Error: Column data size is too large at column number: {0}",,"Erro: o tamanho de dados da coluna é muito grande no número de coluna: {0}",,"Text",,"All",,"Online Device Pairing 2016",,""
"Upload your information - Information you add will be visible to Microsoft engineers for support purposes",,"Carregar suas informações: as informações que você adicionar serão visíveis aos engenheiros da Microsoft para fins de suporte",,"Text",,"All",,"Online Device Pairing 2016",,""
"Audio - Quality",,"Áudio – Qualidade",,"Text",,"All",,"Online Device Pairing 2016",,""
"Audio - Reliability",,"Áudio – Confiabilidade",,"Text",,"All",,"Online Device Pairing 2016",,""
"Call Volume",,"Volume de Chamadas",,"Text",,"All",,"Online Device Pairing 2016",,""
"Media Failed %",,"% de Falhas na Mídia",,"Text",,"All",,"Online Device Pairing 2016",,""
"Media Failed Volume",,"Volume de Falhas na Mídia",,"Text",,"All",,"Online Device Pairing 2016",,""
"Media Succeeded Volume",,"Volume de Mídia com Êxito",,"Text",,"All",,"Online Device Pairing 2016",,""
"Media Volume",,"Volume de Mídia",,"Text",,"All",,"Online Device Pairing 2016",,""
"Rating Count",,"Contagem de Classificações",,"Text",,"All",,"Online Device Pairing 2016",,""
"Second Subnet",,"Segunda Sub-rede",,"Text",,"All",,"Online Device Pairing 2016",,""
"Server-Client AppSharing Streams Buildings and Subnets",,"Fluxos de Compartilhamento de Aplicativos de Servidor-Cliente de Edifícios e Sub-redes",,"Text",,"All",,"Online Device Pairing 2016",,""
"Server-Client Audio Streams Buildings and Subnets",,"Fluxos de Áudio de Servidor-Cliente de Edifícios e Sub-redes",,"Text",,"All",,"Online Device Pairing 2016",,""
"Server-Client VBSS Streams Buildings and Subnets",,"Fluxos de VBSS de Servidor-Cliente de Edifícios e Sub-redes",,"Text",,"All",,"Online Device Pairing 2016",,""
"Server-Client Video Streams Buildings and Subnets",,"Fluxos de Vídeo de Servidor-Cliente de Edifícios e Sub-redes",,"Text",,"All",,"Online Device Pairing 2016",,""
"media failed volume",,"volume de falhas na mídia",,"Text",,"All",,"Online Device Pairing 2016",,""
"media succeeded volume",,"volume de mídia com êxito",,"Text",,"All",,"Online Device Pairing 2016",,""
"media volume",,"volume de mídia",,"Text",,"All",,"Online Device Pairing 2016",,""
