﻿PERMISSION NOTICE

The Microsoft “Terms of Use” (available at the www.microsoft.com website) govern all glossary terms in this document (“Glossary Terms”).  The following supplemental terms and conditions also apply.  If there is any conflict between the Terms of Use and the following terms and conditions, the following terms and conditions will take
Precedence over the Terms of Use.
         
1. No part of the Glossary Terms may be reproduced, adapted, distributed, or transmitted in any form or by any means, electronic, mechanical, or otherwise, including photocopying and entry into an information storage and/or retrieval system, for any purpose without the prior express consent of Microsoft Corporation. 

2. You may use the Glossary Terms in the development of any application software and you may also use the Glossary Terms for personal or non-commercial purposes only without the prior written consent of Microsoft Corporation, and only if all copies contain this Permission Notice and the Microsoft copyright notice in the Terms of Use.         
                                                                                                                                
3. You are not permitted to make any modifications, deletions or additions to the Glossary Terms.
 
4. Except as expressly set forth above, Microsoft’s publication of the Glossary Terms does not grant any rights to use, distribute, or implement any technology or intellectual property rights. All rights not expressly granted herein are expressly reserved by Microsoft.
"Source Term",,"Translation",,"String Category",,"Platform",,"Product",,"Version"
"en-us",,"pt-br",,"Text",,"All",,"Microsoft Teams for Mac",,""
"Menu > Microsoft Teams > Show All",,"Menu > Microsoft Teams > Mostrar Tudo",,"Text",,"All",,"Microsoft Teams for Mac",,""
"We just need you to sign in, and then we'll get you to your meeting.",,"Basta entrar, e levaremos você para a reunião.",,"Text",,"All",,"Microsoft Teams for Mac",,""
"Quit",,"Encerrar",,"Text",,"All",,"Microsoft Teams for Mac",,""
"Restart",,"Reiniciar",,"Text",,"All",,"Microsoft Teams for Mac",,""
"D'oh! Something went wrong...",,"Houve algum problema...",,"Text",,"All",,"Microsoft Teams for Mac",,""
"Having trouble? Tell us about it.",,"Está com problemas? Informe-nos.",,"Text",,"All",,"Microsoft Teams for Mac",,""
"Get Latest",,"Baixar a versão mais recente",,"Text",,"All",,"Microsoft Teams for Mac",,""
"You’re using an unsupported version of Microsoft Teams",,"Você está usando uma versão sem suporte do Microsoft Teams",,"Text",,"All",,"Microsoft Teams for Mac",,""
"You've got the latest updates. Enjoy!",,"Você tem as últimas atualizações. Aproveite!",,"Text",,"All",,"Microsoft Teams for Mac",,""
"Microsoft Teams",,"Microsoft Teams",,"Text",,"All",,"Microsoft Teams for Mac",,""
"Looks like a few files are missing; re-install Microsoft Teams to try again.",,"Parece que alguns arquivos estão ausentes. Reinstale o Microsoft Teams para tentar novamente.",,"Text",,"All",,"Microsoft Teams for Mac",,""
"Couldn’t finish installing",,"Não foi possível concluir a instalação",,"Text",,"All",,"Microsoft Teams for Mac",,""
"Hang tight! We’re getting you connected.",,"Aguarde! Você está sendo conectado.",,"Text",,"All",,"Microsoft Teams for Mac",,""
"Authentication failed",,"Falha na autenticação",,"Text",,"All",,"Microsoft Teams for Mac",,""
"Modern authentication failed here, but you'll still be able to sign in. Your status code is {0}.",,"Falha da autenticação moderna, mas você ainda poderá entrar. O código de status é {0}.",,"Text",,"All",,"Microsoft Teams for Mac",,""
"Sorry, we're having connection issues.",,"Há problemas de conexão.",,"Text",,"All",,"Microsoft Teams for Mac",,""
"Go ahead and log in.",,"Faça logon.",,"Text",,"All",,"Microsoft Teams for Mac",,""
"Login to Microsoft Teams",,"Fazer Logon no Microsoft Teams",,"Text",,"All",,"Microsoft Teams for Mac",,""
"There's a more permanent way to sign in to Microsoft Teams. If you're having trouble completing the process, talk to your IT admin.",,"Há uma forma mais permanente de entrar no Microsoft Teams. Se estiver tendo problemas para concluir o processo, fale com o administrador de TI.",,"Text",,"All",,"Microsoft Teams for Mac",,""
"Let's get you up and running...",,"Vamos ajudá-lo a começar...",,"Text",,"All",,"Microsoft Teams for Mac",,""
"Authenticate",,"Autenticar",,"Text",,"All",,"Microsoft Teams for Mac",,""
"Please select a certificate to authenticate yourself to {0}",,"Selecione um certificado para se autenticar em {0}",,"Text",,"All",,"Microsoft Teams for Mac",,""
"Select a certificate",,"Selecionar um certificado",,"Text",,"All",,"Microsoft Teams for Mac",,""
"We're sorry, but something went wrong. Please try again.",,"Houve algum problema. Tente novamente.",,"Text",,"All",,"Microsoft Teams for Mac",,""
"You can also try clicking the original link you were sent.",,"Você também pode tentar clicar no link original que recebeu.",,"Text",,"All",,"Microsoft Teams for Mac",,""
"Add to Dictionary",,"Adicionar ao Dicionário",,"Text",,"All",,"Microsoft Teams for Mac",,""
"Copy",,"Copiar",,"Text",,"All",,"Microsoft Teams for Mac",,""
"Copy Email Address",,"Copiar Endereço de Email",,"Text",,"All",,"Microsoft Teams for Mac",,""
"Copy Image",,"Copiar Imagem",,"Text",,"All",,"Microsoft Teams for Mac",,""
"Copy Image URL",,"Copiar URL da Imagem",,"Text",,"All",,"Microsoft Teams for Mac",,""
"Copy Link",,"Copiar Link",,"Text",,"All",,"Microsoft Teams for Mac",,""
"Cut",,"Recortar",,"Text",,"All",,"Microsoft Teams for Mac",,""
"Inspect Element",,"Inspecionar Elemento",,"Text",,"All",,"Microsoft Teams for Mac",,""
"Open Link",,"Abrir Link",,"Text",,"All",,"Microsoft Teams for Mac",,""
"Paste",,"Colar",,"Text",,"All",,"Microsoft Teams for Mac",,""
"Yes, open in browser",,"Sim, abrir no navegador",,"Text",,"All",,"Microsoft Teams for Mac",,""
"No, cancel",,"Não, cancelar",,"Text",,"All",,"Microsoft Teams for Mac",,""
"Want to open this link in a browser?",,"Deseja abrir este link em um navegador?",,"Text",,"All",,"Microsoft Teams for Mac",,""
"Open in browser",,"Abrir no navegador",,"Text",,"All",,"Microsoft Teams for Mac",,""
"OK",,"OK",,"Text",,"All",,"Microsoft Teams for Mac",,""
"Cancel",,"Cancelar",,"Text",,"All",,"Microsoft Teams for Mac",,""
"Open file {0}?",,"Abrir arquivo {0}?",,"Text",,"All",,"Microsoft Teams for Mac",,""
"Open File",,"Abrir Arquivo",,"Text",,"All",,"Microsoft Teams for Mac",,""
"Failed to register as chat app for Office",,"Falha ao registrar como aplicativo de chat do Office",,"Text",,"All",,"Microsoft Teams for Mac",,""
"Enjoy using Teams!",,"Aproveite o Microsoft Teams!",,"Text",,"All",,"Microsoft Teams for Mac",,""
"This message is shown on success registering as chat app for Office and when the app is all set up.",,"Esta mensagem é mostrada após o registro bem-sucedido como aplicativo de chat do Office e quando o aplicativo está configurado.",,"Text",,"All",,"Microsoft Teams for Mac",,""
"You're all set.",,"Tudo pronto.",,"Text",,"All",,"Microsoft Teams for Mac",,""
"Title is shown on success registering as chat app for Office. Let's user know the app is all set up.",,"O título é mostrado após o registro bem-sucedido como aplicativo de chat do Office. Vamos avisar ao usuário que o aplicativo está configurado.",,"Text",,"All",,"Microsoft Teams for Mac",,""
"Failed to unregister as chat app for Office",,"Falha ao cancelar registro como aplicativo de chat do Office",,"Text",,"All",,"Microsoft Teams for Mac",,""
"Username or password maybe incorrect",,"O nome de usuário ou a senha podem estar incorretos",,"Text",,"All",,"Microsoft Teams for Mac",,""
"Send a quick reply...",,"Envie uma resposta rápida...",,"Text",,"All",,"Microsoft Teams for Mac",,""
"Send",,"Enviar",,"Text",,"All",,"Microsoft Teams for Mac",,""
"N/A",,"N/D",,"Text",,"All",,"Microsoft Teams for Mac",,""
"Launching app",,"Iniciando aplicativo",,"Text",,"All",,"Microsoft Teams for Mac",,""
"Microsoft Confidential. Do not distribute.",,"Confidencial da Microsoft. Não distribua.",,"Text",,"All",,"Microsoft Teams for Mac",,""
"Loading Microsoft Teams",,"Carregando o Microsoft Teams",,"Text",,"All",,"Microsoft Teams for Mac",,""
"Sorry, this is taking longer than we thought",,"Isso está demorando mais do que o esperado",,"Text",,"All",,"Microsoft Teams for Mac",,""
"There was a glitch, and we're recovering",,"Houve um problema e estamos nos recuperando",,"Text",,"All",,"Microsoft Teams for Mac",,""
"It looks like we can’t display your content right now. What would you like to do?",,"Parece que não é possível exibir o conteúdo agora. O que você deseja fazer?",,"Text",,"All",,"Microsoft Teams for Mac",,""
"We’re having trouble displaying your content",,"Problemas para exibir o conteúdo",,"Text",,"All",,"Microsoft Teams for Mac",,""
"Close",,"Fechar",,"Text",,"All",,"Microsoft Teams for Mac",,""
"Maximize",,"Maximizar",,"Text",,"All",,"Microsoft Teams for Mac",,""
"Minimize",,"Minimizar",,"Text",,"All",,"Microsoft Teams for Mac",,""
"We’re taking you back to the login page (this could take a few seconds)",,"Estamos levando você de volta à página de logon (isso pode levar alguns segundos)",,"Text",,"All",,"Microsoft Teams for Mac",,""
"About Microsoft Teams",,"Sobre o Microsoft Teams",,"Text",,"All",,"Microsoft Teams for Mac",,""
"Hide Microsoft Teams",,"Ocultar Microsoft Teams",,"Text",,"All",,"Microsoft Teams for Mac",,""
"Hide Others",,"Ocultar Outros",,"Text",,"All",,"Microsoft Teams for Mac",,""
"Quit Microsoft Teams",,"Encerrar o Microsoft Teams",,"Text",,"All",,"Microsoft Teams for Mac",,""
"Services",,"Serviços",,"Text",,"All",,"Microsoft Teams for Mac",,""
"Show All",,"Mostrar Tudo",,"Text",,"All",,"Microsoft Teams for Mac",,""
"Development",,"Desenvolvimento",,"Text",,"All",,"Microsoft Teams for Mac",,""
"Edit",,"Editar",,"Text",,"All",,"Microsoft Teams for Mac",,""
"Delete",,"Excluir",,"Text",,"All",,"Microsoft Teams for Mac",,""
"Paste and Match Style",,"Colar e Corresponder Estilo",,"Text",,"All",,"Microsoft Teams for Mac",,""
"Redo",,"Refazer",,"Text",,"All",,"Microsoft Teams for Mac",,""
"Select All",,"Selecionar Tudo",,"Text",,"All",,"Microsoft Teams for Mac",,""
"Undo",,"Desfazer",,"Text",,"All",,"Microsoft Teams for Mac",,""
"Help",,"Ajuda",,"Text",,"All",,"Microsoft Teams for Mac",,""
"Legal Information",,"Informações Legais",,"Text",,"All",,"Microsoft Teams for Mac",,""
"Privacy Policy",,"Política de Privacidade",,"Text",,"All",,"Microsoft Teams for Mac",,""
"Microsoft Teams Help",,"Ajuda do Microsoft Teams",,"Text",,"All",,"Microsoft Teams for Mac",,""
"View",,"Exibir",,"Text",,"All",,"Microsoft Teams for Mac",,""
"Go Back",,"Voltar",,"Text",,"All",,"Microsoft Teams for Mac",,""
"Go Forward",,"Avançar",,"Text",,"All",,"Microsoft Teams for Mac",,""
"Toggle Full Screen",,"Ativar/Desativar Tela Inteira",,"Text",,"All",,"Microsoft Teams for Mac",,""
"Window",,"Janela",,"Text",,"All",,"Microsoft Teams for Mac",,""
"Bring All to Front",,"Trazer Tudo para a Frente",,"Text",,"All",,"Microsoft Teams for Mac",,""
"Zoom",,"Zoom",,"Text",,"All",,"Microsoft Teams for Mac",,""
"More info",,"Mais informações",,"Text",,"All",,"Microsoft Teams for Mac",,""
"In order to run Microsoft Teams, please free up some disk space.",,"Para executar o Microsoft Teams, libere espaço em disco.",,"Text",,"All",,"Microsoft Teams for Mac",,""
"Not enough space",,"Espaço insuficiente",,"Text",,"All",,"Microsoft Teams for Mac",,""
"Accept with audio",,"Aceitar com áudio",,"Text",,"All",,"Microsoft Teams for Mac",,""
"close",,"fechar",,"Text",,"All",,"Microsoft Teams for Mac",,""
"join meetup",,"ingressar em meetup",,"Text",,"All",,"Microsoft Teams for Mac",,""
"message",,"mensagem",,"Text",,"All",,"Microsoft Teams for Mac",,""
"Pop out",,"Desencaixar",,"Text",,"All",,"Microsoft Teams for Mac",,""
"Decline call",,"Recusar chamada",,"Text",,"All",,"Microsoft Teams for Mac",,""
"reply",,"responder",,"Text",,"All",,"Microsoft Teams for Mac",,""
"Accept screen share",,"Aceitar compartilhamento de tela",,"Text",,"All",,"Microsoft Teams for Mac",,""
"Accept with video",,"Aceitar com vídeo",,"Text",,"All",,"Microsoft Teams for Mac",,""
"Microsoft Teams Notification",,"Notificação do Microsoft Teams",,"Text",,"All",,"Microsoft Teams for Mac",,""
"Oh no ... we can’t connect to the internet. Check your connection.",,"Puxa... Não é possível conectar à Internet. Verifique sua conexão.",,"Text",,"All",,"Microsoft Teams for Mac",,""
"Yikes! Looks like someone pulled the plug on the internet.",,"Opa! Parece que alguém desconectou a Internet.",,"Text",,"All",,"Microsoft Teams for Mac",,""
"Error code - {0}",,"Código de erro - {0}",,"Text",,"All",,"Microsoft Teams for Mac",,""
""If that doesn't work, try <a href=""#"" id=""signoutLink"" target=""_blank"">signing out</a> and back in."",,""Se isso não funcionar, tente <a href=""#"" id=""signoutLink"" target=""_blank"">sair</a> e entrar novamente."",,"Text",,"All",,"Microsoft Teams for Mac",,""
"Password",,"Senha",,"Text",,"All",,"Microsoft Teams for Mac",,""
"For: {0}:{1}",,"Para: {0}:{1}",,"Text",,"All",,"Microsoft Teams for Mac",,""
"Your connection is not private",,"A conexão não é privada",,"Text",,"All",,"Microsoft Teams for Mac",,""
"Proxy: {0}:{1}",,"Proxy: {0}:{1}",,"Text",,"All",,"Microsoft Teams for Mac",,""
"Sign In",,"Entrar",,"Text",,"All",,"Microsoft Teams for Mac",,""
"Signing In...",,"Entrando...",,"Text",,"All",,"Microsoft Teams for Mac",,""
"There is a glitch. Sorry for the inconvenience. Please sign in again.",,"Há um problema. Lamentamos o inconveniente. Entre novamente.",,"Text",,"All",,"Microsoft Teams for Mac",,""
"Reply",,"Responder",,"Text",,"All",,"Microsoft Teams for Mac",,""
"Retry",,"Tentar novamente",,"Text",,"All",,"Microsoft Teams for Mac",,""
"Retrying...",,"Tentando novamente...",,"Text",,"All",,"Microsoft Teams for Mac",,""
"That didn’t work. Please try again using your organizational sign-in name and password, or choose a different certificate.",,"Isso não funcionou. Tente novamente usando o nome e a senha de entrada organizacionais ou escolha outro certificado.",,"Text",,"All",,"Microsoft Teams for Mac",,""
"Something's not right. Please click <b>Retry</b> then add this tab again once the app is finished restarting. You'll need to sign in using your credentials and select a valid certificate.",,"Algo não está certo. Clique em <b>Tentar novamente</b> e adicione esta guia novamente depois que o aplicativo for reinicializado. Você precisará entrar usando suas credenciais e selecionar um certificado válido.",,"Text",,"All",,"Microsoft Teams for Mac",,""
"Sign in again",,"Entrar novamente",,"Text",,"All",,"Microsoft Teams for Mac",,""
"Available",,"Disponível",,"Text",,"All",,"Microsoft Teams for Mac",,""
"Away",,"Ausente",,"Text",,"All",,"Microsoft Teams for Mac",,""
"Be right back",,"Volto logo",,"Text",,"All",,"Microsoft Teams for Mac",,""
"Busy",,"Ocupado",,"Text",,"All",,"Microsoft Teams for Mac",,""
"No connection",,"Sem conexão",,"Text",,"All",,"Microsoft Teams for Mac",,""
"Do not disturb",,"Não incomodar",,"Text",,"All",,"Microsoft Teams for Mac",,""
"We ran into an issue",,"Ocorreu um problema",,"Text",,"All",,"Microsoft Teams for Mac",,""
"Idle",,"Ocioso",,"Text",,"All",,"Microsoft Teams for Mac",,""
"In a meeting",,"Em reunião",,"Text",,"All",,"Microsoft Teams for Mac",,""
"New activity",,"Nova atividade",,"Text",,"All",,"Microsoft Teams for Mac",,""
"No network",,"Sem rede",,"Text",,"All",,"Microsoft Teams for Mac",,""
"Offline",,"Offline",,"Text",,"All",,"Microsoft Teams for Mac",,""
"On the phone",,"Ao telefone",,"Text",,"All",,"Microsoft Teams for Mac",,""
"Presenting",,"Apresentando",,"Text",,"All",,"Microsoft Teams for Mac",,""
"Status unknown",,"Status desconhecido",,"Text",,"All",,"Microsoft Teams for Mac",,""
"Status set to {0}",,"Status definido como {0}",,"Text",,"All",,"Microsoft Teams for Mac",,""
"Submit",,"Enviar",,"Text",,"All",,"Microsoft Teams for Mac",,""
"We're switching you to your other account. It'll just take a moment...",,"Estamos mudando você para a outra conta. Só levará um instante...",,"Text",,"All",,"Microsoft Teams for Mac",,""
"Open DevTools",,"Abrir DevTools",,"Text",,"All",,"Microsoft Teams for Mac",,""
"Get logs",,"Obter logs",,"Text",,"All",,"Microsoft Teams for Mac",,""
"Log out",,"Fazer logoff",,"Text",,"All",,"Microsoft Teams for Mac",,""
"My status",,"Meu status",,"Text",,"All",,"Microsoft Teams for Mac",,""
"Microsoft Teams is still running and you will continue to receive notifications.",,"O Microsoft Teams ainda está em execução, e você continuará recebendo notificações.",,"Text",,"All",,"Microsoft Teams for Mac",,""
"Open",,"Abrir",,"Text",,"All",,"Microsoft Teams for Mac",,""
"Sign out",,"Sair",,"Text",,"All",,"Microsoft Teams for Mac",,""
"Appear away",,"Aparecer como ausente",,"Text",,"All",,"Microsoft Teams for Mac",,""
"Reset status",,"Redefinir status",,"Text",,"All",,"Microsoft Teams for Mac",,""
"This dialog will auto close after the repair is done. If Teams process doesn't auto start in few minutes, please click on download option and install.",,"Esta caixa de diálogo será fechada automaticamente após o reparo. Se o processo do Teams não for iniciado automaticamente em alguns minutos, clique na opção de download e instale.",,"Text",,"All",,"Microsoft Teams for Mac",,""
"Repairing Teams...",,"Reparando o Teams...",,"Text",,"All",,"Microsoft Teams for Mac",,""
"Download",,"Baixar",,"Text",,"All",,"Microsoft Teams for Mac",,""
"Ok",,"OK",,"Text",,"All",,"Microsoft Teams for Mac",,""
"Not on Teams yet?",,"Ainda não está no Teams?",,"Text",,"All",,"Microsoft Teams for Mac",,""
"Three happy people waving",,"Três pessoas felizes acenando",,"Text",,"All",,"Microsoft Teams for Mac",,""
"Sign-in address",,"Endereço de entrada",,"Text",,"All",,"Microsoft Teams for Mac",,""
"Enter your work, school, or Microsoft account.",,"Insira sua conta corporativa, de estudante ou da Microsoft.",,"Text",,"All",,"Microsoft Teams for Mac",,""
"Learn More",,"Saiba Mais",,"Text",,"All",,"Microsoft Teams for Mac",,""
"Learn More about Teams",,"Saiba Mais sobre o Teams",,"Text",,"All",,"Microsoft Teams for Mac",,""
"Loading",,"Carregando",,"Text",,"All",,"Microsoft Teams for Mac",,""
"Sign up for free",,"Criar uma conta gratuita",,"Text",,"All",,"Microsoft Teams for Mac",,""
"Sign in",,"Entrar",,"Text",,"All",,"Microsoft Teams for Mac",,""
"Username",,"Nome de usuário",,"Text",,"All",,"Microsoft Teams for Mac",,""
"New chat",,"Novo chat",,"Text",,"All",,"Microsoft Teams for Mac",,""
"Settings",,"Configurações",,"Text",,"All",,"Microsoft Teams for Mac",,""
"Appear Away",,"Aparecer como Ausente",,"Text",,"All",,"Microsoft Teams for Mac",,""
"Be Right Back",,"Volto Logo",,"Text",,"All",,"Microsoft Teams for Mac",,""
"Do Not Disturb",,"Não Incomodar",,"Text",,"All",,"Microsoft Teams for Mac",,""
"On The Phone",,"Ao Telefone",,"Text",,"All",,"Microsoft Teams for Mac",,""
"Reset Status",,"Redefinir Status",,"Text",,"All",,"Microsoft Teams for Mac",,""
"App initialization timed out",,"A inicialização do aplicativo atingiu o tempo limite",,"Text",,"All",,"Microsoft Teams for Mac",,""
"Failed to load: {0}",,"Falha ao carregar: {0}",,"Text",,"All",,"Microsoft Teams for Mac",,""
"Failed to reach: {0}",,"Falha ao acessar: {0}",,"Text",,"All",,"Microsoft Teams for Mac",,""
"Failed to connect to settings endpoint",,"Falha ao conectar-se a ponto de extremidade de configurações",,"Text",,"All",,"Microsoft Teams for Mac",,""
