﻿PERMISSION NOTICE

The Microsoft “Terms of Use” (available at the www.microsoft.com website) govern all glossary terms in this document (“Glossary Terms”).  The following supplemental terms and conditions also apply.  If there is any conflict between the Terms of Use and the following terms and conditions, the following terms and conditions will take
Precedence over the Terms of Use.
         
1. No part of the Glossary Terms may be reproduced, adapted, distributed, or transmitted in any form or by any means, electronic, mechanical, or otherwise, including photocopying and entry into an information storage and/or retrieval system, for any purpose without the prior express consent of Microsoft Corporation. 

2. You may use the Glossary Terms in the development of any application software and you may also use the Glossary Terms for personal or non-commercial purposes only without the prior written consent of Microsoft Corporation, and only if all copies contain this Permission Notice and the Microsoft copyright notice in the Terms of Use.         
                                                                                                                                
3. You are not permitted to make any modifications, deletions or additions to the Glossary Terms.
 
4. Except as expressly set forth above, Microsoft’s publication of the Glossary Terms does not grant any rights to use, distribute, or implement any technology or intellectual property rights. All rights not expressly granted herein are expressly reserved by Microsoft.
"Source Term",,"Translation",,"String Category",,"Platform",,"Product",,"Version"
"a month",,"um mês",,"None",,"All",,"Skype Cast Q&A 2016",,""
"a minute",,"um minuto",,"None",,"All",,"Skype Cast Q&A 2016",,""
"%d months",,"%d meses",,"None",,"All",,"Skype Cast Q&A 2016",,""
"%d minutes",,"%d minutos",,"None",,"All",,"Skype Cast Q&A 2016",,""
"a day",,"um dia",,"None",,"All",,"Skype Cast Q&A 2016",,""
"%d days",,"%d dias",,"None",,"All",,"Skype Cast Q&A 2016",,""
"in %s",,"em %s",,"None",,"All",,"Skype Cast Q&A 2016",,""
"an hour",,"uma hora",,"None",,"All",,"Skype Cast Q&A 2016",,""
"%d hours",,"%d horas",,"None",,"All",,"Skype Cast Q&A 2016",,""
"%s ago",,"Há %s",,"None",,"All",,"Skype Cast Q&A 2016",,""
"a few seconds",,"alguns segundos",,"None",,"All",,"Skype Cast Q&A 2016",,""
"a year",,"um ano",,"None",,"All",,"Skype Cast Q&A 2016",,""
"%d years",,"%d anos",,"None",,"All",,"Skype Cast Q&A 2016",,""
"We are unable to authorize you for this Q&A. Kindly logout and login again with the correct account.",,"Você não tem autorização para acessar P e R. Faça logoff e depois logon novamente com a conta correta.",,"None",,"All",,"Skype Cast Q&A 2016",,""
"Unable to find the Q&A.",,"Não é possível localizar P e R.",,"None",,"All",,"Skype Cast Q&A 2016",,""
"add an answer",,"adicionar uma resposta",,"None",,"All",,"Skype Cast Q&A 2016",,""
"all",,"todas",,"None",,"All",,"Skype Cast Q&A 2016",,""
"announce",,"comunicar",,"None",,"All",,"Skype Cast Q&A 2016",,""
"anonymous user",,"usuário anônimo",,"None",,"All",,"Skype Cast Q&A 2016",,""
"announcement",,"comunicado",,"None",,"All",,"Skype Cast Q&A 2016",,""
"message sent.",,"mensagem enviada.",,"None",,"All",,"Skype Cast Q&A 2016",,""
"question added.",,"pergunta adicionada.",,"None",,"All",,"Skype Cast Q&A 2016",,""
"question broadcasted.",,"pergunta transmitida.",,"None",,"All",,"Skype Cast Q&A 2016",,""
"answer.",,"resposta.",,"None",,"All",,"Skype Cast Q&A 2016",,""
"response added.",,"resposta adicionada.",,"None",,"All",,"Skype Cast Q&A 2016",,""
"total question count.",,"contagem total de perguntas.",,"None",,"All",,"Skype Cast Q&A 2016",,""
"unread question count.",,"contagem de perguntas não lidas.",,"None",,"All",,"Skype Cast Q&A 2016",,""
"this message was broadcasted",,"esta mensagem foi transmitida",,"None",,"All",,"Skype Cast Q&A 2016",,""
"Question from {0}",,"Pergunta de {0}",,"None",,"All",,"Skype Cast Q&A 2016",,""
"reply from {0}",,"resposta de {0}",,"None",,"All",,"Skype Cast Q&A 2016",,""
"tabs",,"guias",,"None",,"All",,"Skype Cast Q&A 2016",,""
"ask",,"perguntar",,"None",,"All",,"Skype Cast Q&A 2016",,""
"ask anonymously",,"perguntar como anônimo",,"None",,"All",,"Skype Cast Q&A 2016",,""
"ask as",,"perguntar como",,"None",,"All",,"Skype Cast Q&A 2016",,""
"broadcast",,"difundir",,"None",,"All",,"Skype Cast Q&A 2016",,""
"message to broadcast",,"mensagem para difusão",,"None",,"All",,"Skype Cast Q&A 2016",,""
"add the response",,"adicionar a resposta",,"None",,"All",,"Skype Cast Q&A 2016",,""
"cancel",,"cancelar",,"None",,"All",,"Skype Cast Q&A 2016",,""
"close qna",,"fechar p e r",,"None",,"All",,"Skype Cast Q&A 2016",,""
"Are you sure you want to delete this announcement?",,"Tem certeza de que deseja excluir este comunicado?",,"None",,"All",,"Skype Cast Q&A 2016",,""
"Delete Announcement",,"Excluir Comunicado",,"None",,"All",,"Skype Cast Q&A 2016",,""
"Are you sure you want to delete this post?",,"Tem certeza de que deseja excluir esta postagem?",,"None",,"All",,"Skype Cast Q&A 2016",,""
"Delete Post",,"Excluir Postagem",,"None",,"All",,"Skype Cast Q&A 2016",,""
"delete",,"excluir",,"None",,"All",,"Skype Cast Q&A 2016",,""
"edited by a moderator",,"editada por um moderador",,"None",,"All",,"Skype Cast Q&A 2016",,""
"Unexpected error. Please reload the page to access Q&A.",,"Erro inesperado. Recarregue a página para acessar P e R.",,"None",,"All",,"Skype Cast Q&A 2016",,""
"hide read",,"ocultar lida",,"None",,"All",,"Skype Cast Q&A 2016",,""
"include user name",,"incluir nome de usuário",,"None",,"All",,"Skype Cast Q&A 2016",,""
"false",,"false",,"None",,"All",,"Skype Cast Q&A 2016",,""
"en-US",,"pt-BR",,"None",,"All",,"Skype Cast Q&A 2016",,""
"mark read",,"marcar como lida",,"None",,"All",,"Skype Cast Q&A 2016",,""
"mark unread",,"marcar como não lida",,"None",,"All",,"Skype Cast Q&A 2016",,""
"The meeting has not started yet.",,"A reunião ainda não foi iniciada.",,"None",,"All",,"Skype Cast Q&A 2016",,""
"moderator",,"moderador",,"None",,"All",,"Skype Cast Q&A 2016",,""
"Multiple moderators are replying to this post...",,"Vários moderadores estão respondendo a esta postagem...",,"None",,"All",,"Skype Cast Q&A 2016",,""
"my questions",,"Minhas perguntas",,"None",,"All",,"Skype Cast Q&A 2016",,""
"your name (optional)",,"seu nome (opcional)",,"None",,"All",,"Skype Cast Q&A 2016",,""
"ask a question",,"fazer uma pergunta",,"None",,"All",,"Skype Cast Q&A 2016",,""
"open qna",,"abrir p e r",,"None",,"All",,"Skype Cast Q&A 2016",,""
"This Q&A is currently closed.",,"Esta P e R está fechada no momento.",,"None",,"All",,"Skype Cast Q&A 2016",,""
"The connection to the server is lost. Trying to reconnect...",,"Conexão perdida com o servidor. Tentando reconectar...",,"None",,"All",,"Skype Cast Q&A 2016",,""
"reply",,"responder",,"None",,"All",,"Skype Cast Q&A 2016",,""
"send",,"enviar",,"None",,"All",,"Skype Cast Q&A 2016",,""
"show read",,"mostrar lida",,"None",,"All",,"Skype Cast Q&A 2016",,""
"Skype Q&A",,"Skype P e R",,"None",,"All",,"Skype Cast Q&A 2016",,""
"top",,"principais",,"None",,"All",,"Skype Cast Q&A 2016",,""
"unread",,"não lidas",,"None",,"All",,"Skype Cast Q&A 2016",,""
"{0} is replying to this post...",,"{0} está respondendo a esta postagem...",,"None",,"All",,"Skype Cast Q&A 2016",,""
